tree
version=v4
num_class=3
num_tree_per_iteration=3
label_index=0
max_feature_idx=31
objective=multiclass num_class:3
feature_names=age_days weight_kg sex_female resp_rate jaundice_present jaundice_extent chest_indrawing grunting_stridor nasal_flaring rr_ge_60 weak_absent_cry central_cyanosis pallor fever measured_cold omphalitis omphalitis_severe umbilical_bleeding pustules pustules_many bulging_fontanelle diarrhea dehydration_signs dehydration_severe feeding_unable feeding_poor feeding_ok lethargy convulsion preterm low_weight purulent_eye
feature_infos=[0:28] [1.3999999761581421:4.4000000953674316] [0:1] [38:80] [0:1] [0:4] [0:1] [0:1] [0:1] [0:1] [0:1] [0:1] [0:1] [0:1] [0:1] [0:1] [0:1] [0:1] [0:1] [0:1] [0:1] [0:1] [0:1] [0:1] [0:1] [0:1] [0:1] [0:1] [0:1] [0:1] [0:1] [0:1]
tree_sizes=3477 4941 2192 2101 6935 2231 2327 4737 3213 6967 5357 2440 2013 5144 2338 6496 6893 2236 2229 5468 3787 2435 5468 2461 2436 7014 2562 2124 6277 2788 2337 7012 2780 6910 5668 3531 2228 7040 3769 6172 5477 4217 4035 5361 3013 6267 4844 2884 2232 7068 4863 2968 5497 3345 6902 5300 2892 2227 6996 2782 2327 6905 3213 2447 7001 2674 2327 7026 2885 2437 6899 2569 6495 6950 2560 6270 6709 2668 2122 7030 2342 2328 6957 2678 2442 7073 2448 6926 6955 2339 7025 6960 2121 3729 6978 2784 2974 7065 2348

Tree=0
num_leaves=32
num_cat=0
split_feature=15 5 18 3 31 14 21 6 27 13 24 10 12 20 11 4 0 0 27 1 3 3 3 0 3 0 0 3 1 1 1
split_gain=2902.59 2947.02 2777.08 3091.19 2427.16 1729.66 1625.95 746.44 708.934 585.413 533.218 498.734 393.161 319.595 298.897 26.4735 73.7098 76.9961 25.513 8.90575 8.70358 12.3148 15.8959 19.1241 10.8098 5.30953 4.36488 3.83333 3.57844 3.2649 1.33979
threshold=1.0000000180025095e-35 1.5000000000000002 1.0000000180025095e-35 59.000000000000007 1.0000000180025095e-35 1.0000000180025095e-35 1.0000000180025095e-35 1.0000000180025095e-35 1.0000000180025095e-35 1.0000000180025095e-35 1.0000000180025095e-35 1.0000000180025095e-35 1.0000000180025095e-35 1.0000000180025095e-35 1.0000000180025095e-35 1.0000000180025095e-35 2.5000000000000004 1.5000000000000002 1.0000000180025095e-35 3.9500000476837163 43.000000000000007 51.000000000000007 49.000000000000007 5.5000000000000009 53.000000000000007 13.000000000000002 13.000000000000002 55.500000000000007 2.9500000476837163 2.5499999523162846 4.1499998569488534
decision_type=2 2 2 2 2 2 2 2 2 2 2 2 2 2 2 2 2 2 2 2 2 2 2 2 2 2 2 2 2 2 2
left_child=1 2 3 4 5 6 7 8 9 10 11 12 13 14 15 -1 17 -17 19 20 25 22 23 -22 -23 29 27 -26 -29 -8 -21
right_child=-2 -3 -4 -5 -6 -7 18 -9 -10 -11 -12 -13 -14 -15 -16 16 -18 -19 -20 30 21 24 -24 -25 26 -27 -28 28 -30 -31 -32
leaf_value=-1.0025985620132924 -1.1486015822208553 -1.1485966054968886 -1.1485892574862071 -1.1485847988210656 -1.1485679286059447 -1.1485391778199061 -1.094934843387539 -1.1483925065273319 -1.1483694045444965 -1.1483058122716292 -1.1482637923174255 -1.1482276281829908 -1.1481118691144061 -1.1479848036059013 -1.1479294139338525 -1.1474382915887622 -1.0093635618232843 -1.0114119005726492 -1.1479133183306227 -1.1245553091743838 -1.0667025629573046 -1.1282796072785304 -1.0590921710350778 -1.1117833648472368 -1.0936291146320181 -1.1270784036590422 -1.0849109555046363 -1.1178538255942372 -1.0985620399537666 -1.1147069485659606 -1.1127110460445202
leaf_weight=3570.244499951601 2333.6034328341484 1593.1280705034733 1084.7821033000946 908.78432214260101 563.01532700657845 341.42639189958572 38.670309960842133 113.24677854776382 102.42791756987572 81.071204990148544 71.235876828432083 64.491651803255081 49.457650184631348 39.341312646865845 36.109704822301865 20.794693827629089 351.12356361746788 19.872267663478851 35.266676694154739 43.719224572181702 35.033058732748032 40.465611815452576 38.458882331848145 69.125780284404755 58.732000321149826 43.540397226810455 37.942249804735184 56.599787414073944 41.509025156497955 44.491776823997498 58.065161883831024
leaf_count=5190 6559 5860 2847 6468 702 2430 49 806 729 577 507 459 352 280 257 148 601 34 251 58 59 55 61 91 91 50 64 78 58 68 75
internal_value=-1.09857 -1.08647 -1.07418 -1.06261 -1.04972 -1.0396 -1.03239 -1.02182 -1.01856 -1.01547 -1.01291 -1.01058 -1.00841 -1.00669 -1.00529 -1.00399 -1.01674 -1.08072 -1.10687 -1.10445 -1.10172 -1.09791 -1.08634 -1.09654 -1.10493 -1.11303 -1.10002 -1.10371 -1.10973 -1.10555 -1.1179
internal_weight=11985.8 9652.17 8059.05 6974.26 6065.48 5502.46 5161.04 4519.42 4406.17 4303.74 4222.67 4151.44 4086.94 4037.49 3998.14 3962.04 391.791 40.667 641.62 606.353 504.569 377.866 142.618 104.159 235.249 126.702 194.783 156.841 98.1088 83.1621 101.784
internal_count=35914 29355 23495 20648 14180 13478 11048 9940 9134 8405 7828 7321 6862 6510 6230 5973 783 182 1108 857 724 557 211 150 346 167 291 227 136 117 133
is_linear=0
shrinkage=1


Tree=1
num_leaves=46
num_cat=0
split_feature=15 31 18 5 22 3 5 19 14 3 3 3 27 5 0 27 14 3 6 26 5 4 4 0 0 26 0 26 18 26 1 1 3 1 18 26 1 1 1 1 3 29 25 26 0
split_gain=2762.36 2149.01 2346.28 2329.99 2279.72 1267.46 1243.38 1018.24 597.772 565.483 518.126 372.695 320.319 315.109 300.033 288.362 243.913 215.79 212.673 56.5915 45.6793 28.0401 25.1036 71.9706 28.0304 20.4483 18.1029 16.0898 10.1641 9.16128 3.33478 2.46919 2.40951 2.1547 1.72591 1.5078 1.34527 0.751675 1.20147 0.653597 0.615349 0.558422 0.508574 0.494163 0.175925
threshold=1.0000000180025095e-35 1.0000000180025095e-35 1.0000000180025095e-35 1.5000000000000002 1.0000000180025095e-35 59.000000000000007 2.5000000000000004 1.0000000180025095e-35 1.0000000180025095e-35 59.000000000000007 59.000000000000007 59.000000000000007 1.0000000180025095e-35 2.5000000000000004 1.5000000000000002 1.0000000180025095e-35 1.0000000180025095e-35 59.000000000000007 1.0000000180025095e-35 1.0000000180025095e-35 1.5000000000000002 1.0000000180025095e-35 1.0000000180025095e-35 2.5000000000000004 1.5000000000000002 1.0000000180025095e-35 4.5000000000000009 1.0000000180025095e-35 1.0000000180025095e-35 1.0000000180025095e-35 2.3500000238418584 2.6499999761581425 49.000000000000007 1.8499999642372134 1.0000000180025095e-35 1.0000000180025095e-35 1.7500000000000002 2.3500000238418584 3.5499999523162846 3.0499999523162846 47.000000000000007 1.0000000180025095e-35 1.0000000180025095e-35 1.0000000180025095e-35 3.5000000000000004
decision_type=2 2 2 2 2 2 2 2 2 2 2 2 2 2 2 2 2 2 2 2 2 2 2 2 2 2 2 2 2 2 2 2 2 2 2 2 2 2 2 2 2 2 2 2 2
left_child=1 2 3 4 -1 8 9 10 13 14 20 21 17 15 -5 18 19 33 22 -16 29 34 28 24 -24 40 -22 -23 35 30 36 -31 -27 -6 -3 41 -4 -28 -39 -29 -25 -2 44 -30 -35
right_child=5 11 7 6 12 -7 -8 -9 -10 -11 -12 -13 -14 -15 16 -17 -18 -19 -20 -21 26 27 23 25 -26 32 37 39 43 31 -32 -33 -34 42 -36 -37 -38 38 -40 -41 -42 -43 -44 -45 -46
leaf_value=-1.1486080087368378 -1.0191422808955708 -1.0124114796361521 -1.0264189535531203 -1.148094363146525 -1.0267209687776238 -1.1485246399409301 -1.1485414216206027 -1.1484989751723405 -1.148389172745256 -1.1483780115963453 -1.1483140053436593 -1.1481961125821045 -1.1481799339481711 -1.1481543428559093 -1.0438238935147728 -1.148085157581662 -1.1479132914370067 -1.1478371698453336 -1.14786952502825 -1.008232968868455 -1.0915706197601032 -1.0727073307183472 -1.1472699917482936 -1.0636898259679888 -1.0435289885665779 -1.0277877909214455 -1.0308237641632589 -1.0381743086710356 -1.0406031368847273 -1.0165335760282488 -1.0196391521374695 -1.0078031652249724 -1.0138384614374609 -1.0165354860883076 -1.0266458986958633 -1.0152673819254803 -1.0456155984805708 -1.0571106103928165 -1.0363896547535227 -1.0246633342869378 -1.0497538010275624 -1.0297971516840196 -1.0208290663399966 -1.0293434593645387 -1.0081397845444051
leaf_weight=5871.7097537815571 422.83327037096024 520.88213208317757 27.067969381809235 47.771593928337097 44.016998738050461 284.80300262570381 352.38575756549835 220.17084613442421 111.56072229146957 106.22154414653778 83.319279998540878 59.573987722396851 57.325912714004517 54.094304889440536 137.18982431292534 46.928565800189972 35.266676694154739 31.754059493541718 33.159106373786926 679.42086744308472 22.483352571725845 30.325596153736115 18.125104755163193 20.995043873786926 9.5282998383045214 76.340884447097778 25.915310442447662 36.989161849021912 37.832189977169037 202.21227687597275 157.23776426911354 374.13018152117729 121.82277542352676 83.425964206457138 41.880806982517242 931.31976598501205 29.708937019109726 19.449492305517197 20.349763303995132 51.578232944011688 30.973479211330414 43.004844486713409 52.028368443250656 90.282072484493256 230.38086730241776
leaf_count=18526 623 615 47 340 78 2027 2508 1567 794 756 593 424 408 385 349 334 251 226 236 679 104 115 129 71 23 140 50 84 90 274 234 366 150 112 74 1217 77 60 44 87 86 82 79 172 228
internal_value=-1.09857 -1.11037 -1.11718 -1.12721 -1.13989 -1.04976 -1.06777 -1.05159 -1.03602 -1.03946 -1.02939 -1.0286 -1.03732 -1.02954 -1.02658 -1.02612 -1.01974 -1.02289 -1.02299 -1.01418 -1.01809 -1.01812 -1.02068 -1.03484 -1.11118 -1.02639 -1.05264 -1.04069 -1.01812 -1.01427 -1.0238 -1.01079 -1.01902 -1.01317 -1.01341 -1.01683 -1.03591 -1.03947 -1.04588 -1.02994 -1.055 -1.02005 -1.01164 -1.03243 -1.01024
internal_weight=11985.8 9652.17 8910.94 7728.9 6370.64 2333.6 1358.26 1182.05 2048.8 1005.87 961.874 741.23 498.932 1937.24 899.649 1883.15 851.877 441.606 1836.22 816.611 878.555 681.656 1803.06 277.786 27.6534 250.132 88.1979 118.893 1525.27 790.357 214.015 576.342 198.164 409.852 562.763 1397.16 56.7769 65.7146 39.7993 88.5674 51.9685 465.838 365.835 128.114 313.807
internal_count=35914 29355 27956 24540 19657 6559 4883 3416 4532 2375 1849 1399 1131 3738 1619 3353 1279 723 3019 1028 1256 975 2783 599 152 447 258 286 2184 998 358 640 290 497 689 1922 124 154 104 171 157 705 419 262 340
is_linear=0
shrinkage=1


Tree=2
num_leaves=19
num_cat=0
split_feature=3 14 5 27 6 16 13 24 10 7 19 12 20 11 28 4 25 5
split_gain=7318.66 3495.01 1801.14 1589.13 1242.07 1116.11 1007.72 906.675 854.548 793.987 673.906 601.394 487.673 458.317 419.092 36.3489 420.706 0.167227
threshold=59.000000000000007 1.0000000180025095e-35 2.5000000000000004 1.0000000180025095e-35 1.0000000180025095e-35 1.0000000180025095e-35 1.0000000180025095e-35 1.0000000180025095e-35 1.0000000180025095e-35 1.0000000180025095e-35 1.0000000180025095e-35 1.0000000180025095e-35 1.0000000180025095e-35 1.0000000180025095e-35 1.0000000180025095e-35 1.0000000180025095e-35 1.0000000180025095e-35 1.5000000000000002
decision_type=2 2 2 2 2 2 2 2 2 2 2 2 2 2 2 2 2 2
left_child=1 2 3 4 5 6 7 8 9 10 11 12 13 14 15 -1 17 -17
right_child=-2 -3 -4 -5 -6 -7 -8 -9 -10 -11 -12 -13 -14 -15 -16 16 -18 -19
leaf_value=-1.1478852379771791 -0.99864383649582478 -0.99869313722751829 -0.99878392497044199 -0.99881793998695501 -0.99888740853289992 -0.99892988071865041 -0.99897559304325778 -0.99902776015578465 -0.99906473352822422 -0.99911101864041141 -0.99921184339850477 -0.99929591877518487 -0.99946659255144954 -0.99953289185999139 -0.99963033372375787 -1.1428809074112867 -0.99957264092661124 -1.1448429963318119
leaf_weight=6498.0660027563572 1585.314394980669 618.08012261986732 290.84470421075821 242.65159621834755 181.25104755163193 156.94373652338982 137.13257551193237 119.85049888491631 110.01517072319984 99.758328497409821 82.897765934467316 72.640923708677292 58.028436154127121 53.813295513391495 48.614622056484222 621.63780969381332 51.565220504999161 956.67046111822128
leaf_count=6604 11283 4399 2070 1727 1290 1117 976 853 783 710 590 517 413 383 346 772 367 714
internal_value=-1.0987 -1.11396 -1.12124 -1.125 -1.12832 -1.13091 -1.13324 -1.13534 -1.13724 -1.13902 -1.14068 -1.14209 -1.14335 -1.14437 -1.14533 -1.1462 -1.13948 -1.14408
internal_weight=11985.8 10400.5 9782.38 9491.54 9248.89 9067.63 8910.69 8773.56 8653.71 8543.69 8443.93 8361.04 8288.4 8230.37 8176.55 8127.94 1629.87 1578.31
internal_count=35914 24631 20232 18162 16435 15145 14028 13052 12199 11416 10706 10116 9599 9186 8803 8457 1853 1486
is_linear=0
shrinkage=1


Tree=3
num_leaves=18
num_cat=0
split_feature=15 5 18 3 31 22 14 27 6 24 10 7 12 20 4 0 0
split_gain=2597.34 2654.31 2475.65 2714.35 2144.14 2007.2 1674.67 675.509 648.34 501.869 476.614 451.571 352.47 280.494 24.3566 65.9849 78.4637
threshold=1.0000000180025095e-35 1.5000000000000002 1.0000000180025095e-35 59.000000000000007 1.0000000180025095e-35 1.0000000180025095e-35 1.0000000180025095e-35 1.0000000180025095e-35 1.0000000180025095e-35 1.0000000180025095e-35 1.0000000180025095e-35 1.0000000180025095e-35 1.0000000180025095e-35 1.0000000180025095e-35 1.0000000180025095e-35 2.5000000000000004 1.5000000000000002
decision_type=2 2 2 2 2 2 2 2 2 2 2 2 2 2 2 2 2
left_child=1 2 3 4 5 6 7 8 9 10 11 12 13 14 -1 16 -16
right_child=-2 -3 -4 -5 -6 -7 -8 -9 -10 -11 -12 -13 -14 -15 15 -17 -18
leaf_value=0.086097479454090159 -0.048757206152505256 -0.048752573644552259 -0.048742893266887875 -0.04872503856227553 -0.048730402399646516 -0.049275148077148029 -0.048676950384762364 -0.048549980839791292 -0.048565013814377604 -0.048495091878257991 -0.048454403355889478 -0.050226468293269155 -0.048331692102551463 -0.048203668481063722 -0.048635357237002269 0.080134613632900573 0.077657233147170185
leaf_weight=3882.7676699012518 2243.720912411809 1560.2325384020805 1060.5219524204731 883.93184126913548 555.26457506418228 431.77653373777866 315.43755470216274 116.64230504631996 106.74127261340618 79.386436238884926 72.931063935160637 65.153196960687637 50.92371878027916 39.703286960721016 22.888379633426666 390.35223095118999 25.4822908192873
leaf_count=5664 6515 5841 2837 6465 710 765 2307 853 780 580 533 459 372 290 164 670 45
internal_value=-0.000301807 0.0109547 0.022458 0.0331875 0.0449533 0.0542456 0.0628978 0.0701543 0.0730825 0.0758922 0.0780674 0.0801336 0.082064 0.083592 0.0848083 0.0733136 0.018011
internal_weight=11903.9 9660.14 8099.9 7039.38 6155.45 5600.19 5168.41 4852.97 4736.33 4629.59 4550.2 4477.27 4412.12 4361.19 4321.49 438.723 48.3707
internal_count=35850 29335 23494 20657 14192 13482 12717 10410 9557 8777 8197 7664 7205 6833 6543 879 209
is_linear=0
shrinkage=0.05


Tree=4
num_leaves=64
num_cat=0
split_feature=15 31 18 22 4 3 19 14 3 3 3 27 27 0 3 6 14 10 26 4 0 24 4 26 26 4 26 1 2 4 2 3 1 1 0 1 0 0 1 0 0 1 0 18 3 0 0 1 1 0 0 1 0 3 0 0 0 3 1 0 0 3 0
split_gain=2367.25 1881.77 2179.63 1593.86 1618.05 1097.38 893.321 512.549 433.003 396.086 327.66 316.185 257.428 225.364 221.079 197.836 183.948 183.942 91.2502 85.2626 97.2613 27.8535 26.1083 25.2252 20.1425 18.6322 17.216 15.2474 11.3712 10.9125 8.96557 8.46881 7.99098 12.4088 7.81926 7.31356 7.0519 14.6102 15.8939 9.35522 9.56457 6.92936 6.13408 5.70867 5.08253 7.30184 4.77308 22.4881 7.29879 5.42057 4.32131 4.16286 4.11413 4.09827 3.96369 4.66225 7.12157 8.8542 3.87886 3.31725 3.30668 3.536 3.13046
threshold=1.0000000180025095e-35 1.0000000180025095e-35 1.0000000180025095e-35 1.0000000180025095e-35 1.0000000180025095e-35 59.000000000000007 1.0000000180025095e-35 1.0000000180025095e-35 59.000000000000007 59.000000000000007 59.000000000000007 1.0000000180025095e-35 1.0000000180025095e-35 1.5000000000000002 59.000000000000007 1.0000000180025095e-35 1.0000000180025095e-35 1.0000000180025095e-35 1.0000000180025095e-35 1.0000000180025095e-35 1.5000000000000002 1.0000000180025095e-35 1.0000000180025095e-35 1.0000000180025095e-35 1.0000000180025095e-35 1.0000000180025095e-35 1.0000000180025095e-35 3.5499999523162846 1.0000000180025095e-35 1.0000000180025095e-35 1.0000000180025095e-35 45.000000000000007 3.2500000000000004 3.0499999523162846 6.5000000000000009 2.5499999523162846 5.5000000000000009 2.5000000000000004 3.2500000000000004 19.000000000000004 26.000000000000004 3.6499999761581425 3.5000000000000004 1.0000000180025095e-35 55.500000000000007 4.5000000000000009 3.5000000000000004 1.9499999880790713 2.0499999523162846 4.5000000000000009 3.5000000000000004 2.3500000238418584 11.000000000000002 43.000000000000007 22.000000000000004 13.000000000000002 9.5000000000000018 43.000000000000007 2.9500000476837163 7.5000000000000009 6.5000000000000009 51.000000000000007 13.000000000000002
decision_type=2 2 2 2 2 2 2 2 2 2 2 2 2 2 2 2 2 2 2 2 2 2 2 2 2 2 2 2 2 2 2 2 2 2 2 2 2 2 2 2 2 2 2 2 2 2 2 2 2 2 2 2 2 2 2 2 2 2 2 2 2 2 2
left_child=1 2 3 4 -1 7 8 12 22 13 25 14 15 -6 29 17 18 19 21 43 -21 27 51 31 -24 -3 -27 30 36 -5 32 -22 33 35 -26 52 37 -20 50 53 -41 -40 -32 -2 46 -46 47 -30 -48 -50 -39 -4 -15 58 55 56 57 -51 -38 -59 -29 -62 -44
right_child=5 10 6 11 9 -7 -8 -9 -10 -11 -12 -13 -14 16 -16 -17 -18 -19 28 20 23 -23 24 -25 34 26 -28 60 44 -31 42 -33 -34 -35 -36 -37 39 38 41 40 -42 -43 62 -45 45 -47 48 -49 49 54 -52 -53 -54 -55 -56 -57 -58 59 -60 -61 61 -63 -64
leaf_value=-0.048776000758325833 0.07636448392908321 0.077247902594508241 0.07088980508403811 0.079803715324116675 -0.048890913339324049 -0.048665509977591087 -0.048640994070354937 -0.048531167857839119 -0.04844626113819734 -0.048670344797406125 -0.048352417792118282 -0.048466057653028888 -0.048279677046835126 0.0055628791864722324 -0.048136257469470659 -0.048111553669668274 -0.048491956852997807 -0.04984667431483869 0.042499851166525632 -0.048002163290863542 -0.0043084839287843872 -0.048312237294370917 0.024815010208213056 0.062289471403075253 0.046620718490557392 0.02084249099744627 0.06556986639317007 0.033420034277313694 0.065261316737709948 0.058648168534590067 0.029252109959464069 0.037250188531856486 -0.047582954245542694 0.030132169991216085 0.074097733920204162 -0.047523069355738079 0.032303195591060561 0.00038477784423730479 0.043624001200157192 -0.0019965566926280613 0.03606534341316648 0.0075840305498745464 -0.010024328881118195 0.064319573450013864 0.047480538740014511 0.019453893314715347 0.022360734939811038 0.0065347769632413764 0.061435102312441585 0.02121601365149603 -0.027710569463719487 0.080543880377052401 -0.028906796284103854 0.036660415654088688 0.026417468214983926 0.050497519786713199 0.020971641030637464 0.042365908594825648 0.0071844167177184323 0.064135038322670701 0.023494212706062896 -0.00035296939564937092 0.010634487497492398
leaf_weight=5076.4959925860167 1408.1913351565599 587.53268320858479 194.28417165577412 382.44039145112038 128.2048494964838 275.37398067116737 210.98620657622814 107.74955755472183 77.941920563578606 290.689000248909 59.484535500407219 67.369033128023148 50.052773863077164 23.057132005691528 38.42904007434845 36.790443569421768 91.479098990559578 31.972461476922035 38.175234735012054 24.594438418745995 16.853242173790932 26.510651037096977 40.478899925947189 232.05197568237782 41.70032911002636 28.6486656665802 93.939442172646523 33.440671592950821 23.868564233183861 81.339528381824493 22.387721106410027 43.542207539081573 15.461406186223028 15.732094034552572 89.496718868613243 15.983108162879942 36.855910643935204 30.505717039108276 26.860014364123344 42.704585179686546 26.353495955467224 26.518718883395195 38.953419521450996 128.22589805722237 30.975210189819336 95.191975399851799 52.594344466924667 49.635081812739372 36.082843139767647 32.005605399608612 24.303248897194862 557.17420993745327 13.239901021122931 216.62885408103466 46.437859311699867 118.32458850741386 50.081062942743301 43.731951281428337 26.718221008777618 37.418185785412788 38.118061855435371 25.992435127496719 33.762484580278397
leaf_count=16242 1766 707 293 437 931 2014 1543 788 570 2126 435 492 366 86 281 269 669 225 56 179 86 192 148 450 110 112 166 99 28 171 62 137 63 37 123 85 66 65 44 107 48 58 163 235 50 188 113 117 48 62 68 585 62 388 76 167 89 77 64 50 111 81 124
internal_value=0.000174769 -0.0108954 -0.0174655 -0.0274318 -0.0339759 0.0450647 0.0447739 0.0574824 0.0644765 0.0050571 0.0640481 0.0529692 0.0632849 0.0146255 0.0666109 0.0662018 0.0200467 0.0684445 0.0244945 0.070498 0.0467553 0.000151237 0.0740318 0.0547926 0.0560639 0.073491 0.0552443 0.00488305 0.0311168 0.0761605 -0.00380538 0.0257132 -0.0157173 -0.00817884 0.0655745 -0.0198836 0.0254196 0.0161155 0.00665284 0.02929 0.0126832 0.0259558 0.0066774 0.0753805 0.0356737 0.026495 0.0380068 0.0259169 0.0401059 0.0426352 -0.0122111 0.0780967 -0.0072324 0.033353 0.0404766 0.0427445 0.0369875 0.0439525 0.021885 0.0527349 0.0207264 0.0138979 -0.000425182
internal_weight=11908.1 9552.73 8783.12 7571.06 7001.48 2355.4 1212.06 2080.02 1001.08 1924.98 769.605 569.578 1972.27 1634.29 502.209 1922.22 1506.09 1885.43 1414.61 1853.46 317.042 302.639 923.134 292.447 171.676 710.121 122.588 276.128 1111.97 463.78 178.577 60.3954 83.4736 68.0122 131.197 52.2801 495.624 146.363 108.188 349.261 69.0581 53.3787 95.1036 1536.42 616.347 126.167 490.18 73.5036 416.676 364.082 54.809 751.458 36.297 280.203 327.999 281.561 163.237 113.156 63.5741 81.1501 97.5512 64.1105 72.7159
internal_count=35850 29335 27915 24543 23162 6515 3372 4501 1829 6920 1420 1381 3713 4794 889 3347 3863 3078 3194 2853 852 1165 1259 673 381 985 278 973 2029 608 682 223 333 270 233 233 964 291 235 673 155 102 349 2001 1065 238 827 145 682 569 133 878 148 518 521 445 278 189 130 127 291 192 287
is_linear=0
shrinkage=0.05


Tree=5
num_leaves=19
num_cat=0
split_feature=3 14 5 27 6 16 13 10 24 7 12 11 20 4 0 25 18 18
split_gain=6290.9 3096.2 1567.46 1435.07 1138.09 1024.25 892.069 830.336 795.152 734.92 557.916 452.231 429.752 34.7629 446.596 369.198 22.8473 4.69162
threshold=59.000000000000007 1.0000000180025095e-35 2.5000000000000004 1.0000000180025095e-35 1.0000000180025095e-35 1.0000000180025095e-35 1.0000000180025095e-35 1.0000000180025095e-35 1.0000000180025095e-35 1.0000000180025095e-35 1.0000000180025095e-35 1.0000000180025095e-35 1.0000000180025095e-35 1.0000000180025095e-35 1.5000000000000002 1.0000000180025095e-35 1.0000000180025095e-35 1.0000000180025095e-35
decision_type=2 2 2 2 2 2 2 2 2 2 2 2 2 2 2 2 2 2
left_child=1 2 3 4 5 6 7 8 9 10 11 12 13 16 -15 17 -1 -16
right_child=-2 -3 -4 -5 -6 -7 -8 -9 -10 -11 -12 -13 -14 14 15 -17 -18 -19
leaf_value=-0.047082626189578584 0.09069159953993032 0.091059050933690683 0.090813725474418072 0.091116159560773791 0.091234853280255962 0.094111078726762665 0.091670150911303677 0.091718982237900676 0.091466575159701177 0.093818054151272562 0.091408991289083308 0.091285050223276931 0.091173782461132558 0.096885219455647556 -0.047929239355615376 0.0931610934383406 -0.038118656969663073 -0.038187623424706107
leaf_weight=5528.5432473123074 1651.0565416961908 650.62732484936714 299.8828396499157 257.20450037717819 193.58227922022343 159.72471728920937 139.63774083554745 125.85642968118191 117.51711522042751 102.01379555463791 78.439181640744209 62.510694533586502 58.584666907787323 58.947782248258591 1393.0976921021938 48.009138569235802 832.53340724110603 149.26184073090553
leaf_count=6301 11235 4436 2043 1755 1322 1106 956 862 804 706 537 428 401 415 1156 332 895 160
internal_value=0.000126943 -0.0144563 -0.0216079 -0.0252355 -0.0285477 -0.0311715 -0.0334782 -0.035526 -0.0374312 -0.039259 -0.0409182 -0.0422002 -0.0432399 -0.0442286 -0.037722 -0.0427401 -0.0459125 -0.0469992
internal_weight=11907 10256 9605.35 9305.46 9048.26 8854.68 8694.95 8555.31 8429.46 8311.94 8209.93 8131.49 8068.98 8010.39 1649.32 1590.37 6361.08 1542.36
internal_count=35850 24615 20179 18136 16381 15059 13953 12997 12135 11331 10625 10088 9660 9259 2063 1648 7196 1316
is_linear=0
shrinkage=0.05


Tree=6
num_leaves=20
num_cat=0
split_feature=15 5 18 3 31 22 14 27 6 13 7 24 10 12 28 20 5 0 0
split_gain=2433.52 2496.9 2286.75 2450.71 1977.71 1771.79 1479.89 583.934 560.721 489.735 422.02 391.552 381.084 301.294 263.853 236.397 10.3063 47.3965 68.7239
threshold=1.0000000180025095e-35 1.5000000000000002 1.0000000180025095e-35 59.000000000000007 1.0000000180025095e-35 1.0000000180025095e-35 1.0000000180025095e-35 1.0000000180025095e-35 1.0000000180025095e-35 1.0000000180025095e-35 1.0000000180025095e-35 1.0000000180025095e-35 1.0000000180025095e-35 1.0000000180025095e-35 1.0000000180025095e-35 1.0000000180025095e-35 1.0000000180025095e-35 2.5000000000000004 1.5000000000000002
decision_type=2 2 2 2 2 2 2 2 2 2 2 2 2 2 2 2 2 2 2
left_child=1 2 3 4 5 6 7 8 9 10 11 12 13 14 15 16 -1 18 -18
right_child=-2 -3 -4 -5 -6 -7 -8 -9 -10 -11 -12 -13 -14 -15 -16 -17 17 -19 -20
leaf_value=0.082018192306744842 -0.047639382015537218 -0.047776133874718851 -0.047635719230661927 -0.047577400707596799 -0.047634717883166956 -0.048114542164902692 -0.04752722912609738 -0.047360015470257907 -0.047367199645259567 -0.048854817432308323 -0.048830420463790027 -0.047279503938826739 -0.047214704394708165 -0.04712133219429171 -0.05226492550293893 -0.046967567706110463 -0.047343437068875026 0.078960163258980365 0.077393222524133776
leaf_weight=3994.6111019253731 2184.1256633400917 1535.6662498116493 1039.3693568110466 858.067861571908 555.37440641224384 416.92391814291477 307.78366510570049 112.04190334677696 102.96207138895988 84.304321676492691 70.296101301908493 64.968154236674309 61.56764429807663 47.526000007987022 37.624979808926582 35.980772018432617 18.923852473497391 390.86420527100563 25.188123553991318
leaf_count=5142 6543 5895 2850 6465 717 755 2319 845 776 612 510 489 464 358 256 271 139 596 39
internal_value=6.29735e-05 0.0107398 0.0216682 0.0316962 0.0424503 0.0511222 0.0588528 0.0653444 0.0679078 0.0703689 0.0724909 0.0743193 0.0760371 0.0777096 0.0790321 0.0801441 0.0811818 0.0734154 0.0239508
internal_weight=11944.2 9760.04 8224.38 7185.01 6326.94 5771.57 5354.64 5046.86 4934.82 4831.86 4747.55 4677.25 4612.29 4550.72 4503.19 4465.57 4429.59 434.976 44.112
internal_count=36041 29498 23603 20753 14288 13571 12816 10497 9652 8876 8264 7754 7265 6801 6443 6187 5916 774 178
is_linear=0
shrinkage=0.05


Tree=7
num_leaves=43
num_cat=0
split_feature=15 31 18 5 22 16 5 19 3 3 3 14 3 27 0 5 5 26 3 3 5 5 5 0 30 18 30 0 0 18 2 26 2 26 26 26 30 0 29 30 0 26
split_gain=2103.57 1764.29 1970.62 2140.57 1877.53 1411.25 1046.88 793.679 765.552 455.772 385.465 347.774 282.554 247.392 236.733 56.6879 132.401 47.754 40.2076 123.146 37.072 67.8051 18.317 15.1174 11.5183 5.14374 4.29377 4.19114 3.4407 3.42023 2.17208 2.15337 2.11058 1.96407 1.71709 1.59111 1.36687 0.300973 0.29657 0.204071 0.171628 0.156832
threshold=1.0000000180025095e-35 1.0000000180025095e-35 1.0000000180025095e-35 1.5000000000000002 1.0000000180025095e-35 1.0000000180025095e-35 2.5000000000000004 1.0000000180025095e-35 59.000000000000007 59.000000000000007 59.000000000000007 1.0000000180025095e-35 59.000000000000007 1.0000000180025095e-35 1.5000000000000002 1.5000000000000002 2.5000000000000004 1.0000000180025095e-35 57.000000000000007 59.000000000000007 1.5000000000000002 2.5000000000000004 1.5000000000000002 6.5000000000000009 1.0000000180025095e-35 1.0000000180025095e-35 1.0000000180025095e-35 7.5000000000000009 3.5000000000000004 1.0000000180025095e-35 1.0000000180025095e-35 1.0000000180025095e-35 1.0000000180025095e-35 1.0000000180025095e-35 1.0000000180025095e-35 1.0000000180025095e-35 1.0000000180025095e-35 9.5000000000000018 1.0000000180025095e-35 1.0000000180025095e-35 13.000000000000002 1.0000000180025095e-35
decision_type=2 2 2 2 2 2 2 2 2 2 2 2 2 2 2 2 2 2 2 2 2 2 2 2 2 2 2 2 2 2 2 2 2 2 2 2 2 2 2 2 2 2
left_child=1 2 3 4 -1 8 9 10 11 14 20 15 22 18 -5 25 28 24 33 -20 26 27 29 -24 30 31 35 -22 -17 36 37 -2 -26 -6 -28 -4 -3 -16 -37 -19 -32 -27
right_child=5 12 7 6 13 -7 -8 -9 -10 -11 -12 -13 -14 -15 17 16 -18 39 19 -21 21 -23 23 -25 32 41 34 -29 -30 -31 40 -33 -34 -35 -36 38 -38 -39 -40 -41 -42 -43
leaf_value=-0.047716043820414528 0.071223181342631323 0.073847812966087431 0.068876997941314189 -0.047602176903432637 0.064234444090205817 -0.049191923300784569 -0.047987019115835972 -0.04775787330510961 -0.047457153486012954 -0.04737732718461482 -0.047308276329382892 -0.047239455979620398 -0.047200018688552212 -0.047184231022623209 0.038048834361226712 0.049585943746821126 -0.047853550651723337 0.075636989211079642 0.073458623992924757 -0.046854097209973328 0.041844671076834462 -0.049068751473439282 0.0082424213843026659 0.058298746244455996 0.007249822426565496 0.057039176166195499 0.057303791466316867 0.068375258337658604 0.070563613764053762 0.056964202887363063 0.053055727524265406 0.076234126255727466 0.030635361874671075 0.075131503152682744 0.068529574805404808 0.077156365903331553 0.067037633906538038 0.049234776119948545 0.06842335902633899 0.071211309823351596 0.064140073893220281 0.066113707066134522
leaf_weight=5595.4971611052752 471.1463413387537 446.0561607927084 179.16497358679771 45.32337298989296 82.422850087285042 360.01506744325161 336.3561465293169 206.2162169367075 157.9528933763504 101.94596838951111 77.529411315917969 63.979806572198868 56.691403463482857 54.961074754595757 31.314991220831871 32.492081582546234 32.110420346260071 520.14934746921062 68.150485470890999 30.4105204641819 27.10023894906044 17.708217307925224 21.304940745234489 52.723369106650352 17.748933076858521 41.70993584394455 71.61508084833622 46.102457165718079 92.884352847933769 53.059117570519447 41.261242851614952 1049.8918455690145 21.730333849787712 271.83965103328228 173.52356776595116 379.70915780961514 181.7296452075243 22.606561362743378 54.034665375947952 244.83805754780769 28.416870102286339 94.145959466695786
leaf_count=18621 577 469 232 337 127 2619 2505 1543 1190 768 584 482 427 414 94 78 236 559 74 229 74 125 91 99 81 81 135 64 122 98 93 1017 73 279 229 336 248 55 68 318 49 141
internal_value=0.000128772 -0.0103725 -0.0169162 -0.0265279 -0.0393614 0.0420129 0.0289504 0.0416672 0.0581458 0.0530269 0.0596468 0.0670363 0.0601277 0.0526587 0.0635614 0.0710778 0.0421868 0.069013 0.0648157 0.0362876 0.0684053 0.0377189 0.0682139 0.0440448 0.0442105 0.0738104 0.0716326 0.0589039 0.0653457 0.0708076 0.0517211 0.0747059 0.0203439 0.0726903 0.0653734 0.0740808 0.0719313 0.0431478 0.0761485 0.074268 0.058001 0.0635471
internal_weight=11955.6 9559.24 8747.68 7514.97 6103.28 2396.33 1411.69 1232.7 2036.31 1075.34 1026.49 1878.36 811.565 507.785 973.39 1814.38 157.487 928.066 452.824 98.561 948.958 90.9109 754.873 74.0283 163.079 1656.89 858.047 73.2027 125.376 680.845 123.6 1521.04 39.4793 354.263 245.139 612.909 627.786 53.9216 433.744 764.987 69.6781 135.856
internal_count=36041 29498 28066 24676 19744 6543 4932 3390 3924 2427 1847 2734 1432 1123 1659 2252 436 1322 709 303 1263 263 1005 190 445 1816 1000 138 200 815 291 1594 154 406 364 636 717 149 404 877 142 222
is_linear=0
shrinkage=0.05


Tree=8
num_leaves=28
num_cat=0
split_feature=9 14 5 27 16 13 10 7 19 12 28 11 20 17 26 4 25 25 0 4 0 0 15 31 1 5 18
split_gain=5544.6 2784.91 1445.33 1289.35 993.954 891.357 777.514 747.484 626.885 564.446 480.632 425.951 405.775 354.979 40.2509 99.0742 263.19 23.8105 11.2875 277.266 9.69518 21.8625 0.821416 1.10228 0.729215 0.410973 0.0986067
threshold=1.0000000180025095e-35 1.0000000180025095e-35 2.5000000000000004 1.0000000180025095e-35 1.0000000180025095e-35 1.0000000180025095e-35 1.0000000180025095e-35 1.0000000180025095e-35 1.0000000180025095e-35 1.0000000180025095e-35 1.0000000180025095e-35 1.0000000180025095e-35 1.0000000180025095e-35 1.0000000180025095e-35 1.0000000180025095e-35 1.0000000180025095e-35 1.0000000180025095e-35 1.0000000180025095e-35 1.5000000000000002 1.0000000180025095e-35 3.5000000000000004 2.5000000000000004 1.0000000180025095e-35 1.0000000180025095e-35 2.6499999761581425 1.5000000000000002 1.0000000180025095e-35
decision_type=2 2 2 2 2 2 2 2 2 2 2 2 2 2 2 2 2 2 2 2 2 2 2 2 2 2 2
left_child=1 2 3 4 5 6 7 8 9 10 11 12 13 14 15 17 20 22 19 -16 21 -17 23 26 -22 -26 -1
right_child=-2 -3 -4 -5 -6 -7 -8 -9 -10 -11 -12 -13 -14 -15 18 16 -18 -19 -20 -21 24 -23 -24 -25 25 -27 -28
leaf_value=-0.032479465953007651 0.083227765709733892 0.083895346928621356 0.084801027919361574 0.084059560260770383 0.088640272445654311 0.086611072047756948 0.084743497793996703 0.086534809250618835 0.08849156966010624 0.084946092287866912 0.094207672565130116 0.08662714007181066 0.08466654558650144 0.10425699748745024 -0.045937462780541331 0.023318847321494734 0.087328434799670202 -0.045686356518041517 -0.046165970519801251 0.089891375223867309 -0.033077328721727244 -0.038583136677886765 -0.038159277717437073 -0.040409603682664469 -0.035921509532706404 -0.043775139628753956 -0.036127182002503581
leaf_weight=521.54136346280575 1706.7750246971846 676.58095327019691 311.56601965427399 264.68099038302898 179.10736522078514 159.91890205442905 139.02508826553822 125.69756236672401 99.32811975479126 92.484906107187271 66.733828648924828 65.351371899247169 63.17936335504055 40.757025465369225 840.70032434165478 22.730990067124367 55.4375901222229 1240.8345784246922 4709.8186541199684 38.874754473567009 65.275957405567169 36.644835636019707 167.23432537913322 65.39940944314003 49.857993900775909 74.213133871555328 66.296334102749825
leaf_count=1004 11244 4471 2067 1751 1209 1070 923 841 671 615 464 438 420 299 933 88 373 1417 4890 265 95 42 175 61 80 60 75
internal_value=-0.000191838 -0.0141004 -0.0210378 -0.0246067 -0.0278118 -0.0301849 -0.0323497 -0.0342678 -0.0360843 -0.0375834 -0.038972 -0.0400717 -0.0411044 -0.0421035 -0.0428599 -0.0373658 -0.010706 -0.041296 -0.0451815 -0.0398865 -0.0326882 -0.0148882 -0.0346326 -0.0337012 -0.0382161 -0.040776 -0.0329212
internal_weight=11946 10239.3 9562.69 9251.12 8986.44 8807.34 8647.42 8508.39 8382.69 8283.37 8190.88 8124.15 8058.8 7995.62 7954.86 2365.47 304.161 2061.31 5589.39 879.575 248.723 59.3758 820.471 653.237 189.347 124.071 587.838
internal_count=36041 24797 20326 18259 16508 15299 14229 13306 12465 11794 11179 10715 10277 9857 9558 3470 738 2732 6088 1198 365 130 1315 1140 235 140 1079
is_linear=0
shrinkage=0.05


Tree=9
num_leaves=64
num_cat=0
split_feature=3 18 4 31 22 14 6 27 13 24 10 7 16 12 0 25 31 14 22 6 27 1 1 1 1 0 0 8 25 0 3 1 3 0 0 1 0 3 3 1 1 8 0 0 2 1 1 0 1 1 0 3 0 3 0 3 1 1 1 3 1 1 0
split_gain=1450.6 1477.37 1342.24 1181.21 1041.15 901.309 357.273 327.327 277.294 262.211 246.805 233.905 217.45 166.977 44.0525 39.6483 38.7957 34.9674 30.0866 13.6364 13.3449 7.84827 11.9053 6.2437 8.36564 7.09072 5.706 5.3501 5.00137 4.36998 3.3599 3.4645 3.14477 3.11981 3.82417 4.8782 3.23815 3.08869 2.95503 5.65415 9.52902 2.91396 3.41195 4.52031 12.001 4.50866 4.10266 2.8855 16.6589 5.01346 5.10334 7.35801 3.72216 9.9427 4.04611 3.0202 2.95945 2.82248 2.74662 2.60273 2.53169 2.49376 2.36416
threshold=59.000000000000007 1.0000000180025095e-35 1.0000000180025095e-35 1.0000000180025095e-35 1.0000000180025095e-35 1.0000000180025095e-35 1.0000000180025095e-35 1.0000000180025095e-35 1.0000000180025095e-35 1.0000000180025095e-35 1.0000000180025095e-35 1.0000000180025095e-35 1.0000000180025095e-35 1.0000000180025095e-35 1.5000000000000002 1.0000000180025095e-35 1.0000000180025095e-35 1.0000000180025095e-35 1.0000000180025095e-35 1.0000000180025095e-35 1.0000000180025095e-35 2.2500000000000004 3.9500000476837163 2.1499999761581425 1.5500000119209292 17.000000000000004 15.000000000000002 1.0000000180025095e-35 1.0000000180025095e-35 3.5000000000000004 49.000000000000007 1.9499999880790713 54.500000000000007 11.000000000000002 1.0000000180025095e-35 4.2500000000000009 6.5000000000000009 39.000000000000007 43.000000000000007 3.2500000000000004 3.9500000476837163 1.0000000180025095e-35 11.000000000000002 5.5000000000000009 1.0000000180025095e-35 3.1499999761581425 2.8500000238418584 13.000000000000002 3.0499999523162846 2.7500000000000004 7.5000000000000009 51.000000000000007 7.5000000000000009 47.000000000000007 9.5000000000000018 57.000000000000007 3.5499999523162846 2.6499999761581425 1.9499999880790713 57.000000000000007 3.7500000000000004 2.9500000476837163 4.5000000000000009
decision_type=2 2 2 2 2 2 2 2 2 2 2 2 2 2 2 2 2 2 2 2 2 2 2 2 2 2 2 2 2 2 2 2 2 2 2 2 2 2 2 2 2 2 2 2 2 2 2 2 2 2 2 2 2 2 2 2 2 2 2 2 2 2 2
left_child=1 2 3 4 5 6 7 8 9 10 11 12 13 21 -4 16 17 18 19 20 23 28 47 24 -16 26 38 32 37 58 31 -26 33 34 -24 62 -37 -1 39 -25 -41 42 43 44 45 -40 -44 49 61 52 59 56 -23 -54 -55 -50 -52 -45 -30 -51 -47 -49 -36
right_child=-2 -3 14 -5 -6 -7 -8 -9 -10 -11 -12 -13 -14 -15 15 -17 -18 -19 -20 -21 -22 22 27 25 30 -27 -28 -29 29 -31 -32 -33 -34 -35 35 36 -38 -39 41 40 -42 -43 46 57 -46 60 -48 48 55 50 51 -53 53 54 -56 -57 -58 -59 -60 -61 -62 -63 -64
leaf_value=0.062671584951705536 -0.046532589665456404 -0.046619606982230277 -0.046558196600782135 -0.046598728855179676 -0.046969319548080278 -0.046471495829679008 -0.046891711002423946 -0.046252125700843028 -0.047177617249696047 -0.046543777118362981 -0.046030028469034298 -0.047259072126900663 -0.044767839170863161 -0.045824395101505655 0.00090774148089197934 -0.046803589281295008 -0.04666475587852232 -0.046072814156191244 -0.046520719530705565 -0.045516644495152636 -0.045096402321831298 0.046815408406975977 0.069227876563985519 -0.014514325341470159 -0.033598022552971077 -0.0022942059520965788 -0.025063146902121247 0.038574952811122061 0.059294577745003831 0.066034679130747606 -0.015431223921742829 -0.016023343296044906 0.049930268688002238 0.063243377461370404 0.042342988642614605 0.069701168369106697 0.049258920385819208 0.050931216377019362 0.018347214718490417 0.016857627482342312 -0.014385821702609698 -0.023235558678778537 0.014399753872450231 -0.026890007824678722 -0.017929814372958815 -0.013021853737863671 -0.0089147960419075217 0.050357794555163121 0.036582296887641592 0.049298593863748727 0.044294929057098441 0.062838724704396332 0.055014489755155938 0.019108272035748403 0.03824021822929928 0.048968885317815243 0.056924113873569805 -0.014376398607034189 0.041267859823566413 0.042712564180942228 0.0067829845272398383 0.063153670664831962 0.053863737188854094
leaf_weight=70.144620589911938 1457.9197641909122 1151.202561289072 168.48921576887369 549.27511915564537 414.15281934291124 321.94552861154079 117.05706523358822 104.61584919691086 83.850773058831692 78.038856849074364 72.218798592686653 64.934938848018646 62.129080347716808 45.598521545529366 49.153412327170372 127.23076988011599 109.72981691360474 90.937474682927132 68.551162332296371 30.635318636894226 29.457244180142879 439.55776386708021 43.37558925151825 82.352829627692699 80.757819056510925 253.90436391532421 73.810285449028015 56.614704079926014 55.389912627637386 144.77594307810068 115.43804259598255 45.20190417021513 232.12633085250854 185.81033756583929 115.8134144321084 59.492644123733044 39.302425161004066 946.19874092191458 38.996033497154713 55.308636784553528 42.886150009930134 54.24970181286335 26.024524711072445 59.149217009544373 125.7061328664422 31.790718153119087 64.931201063096523 367.96142970770597 416.1700454801321 943.06960862129927 153.74103700369596 175.97521531581879 55.75679849088192 55.947182357311249 58.208835333585739 61.499699503183365 82.209455378353596 200.75697378069162 45.323836535215378 216.84422082453966 31.804929174482822 52.497032523155212 97.157497957348824
leaf_count=91 11342 2926 1306 759 826 2505 896 816 638 603 566 492 509 358 101 988 208 713 159 241 235 540 57 159 139 477 127 69 71 178 231 75 293 233 136 81 47 1158 78 112 79 81 51 91 232 67 128 462 485 1157 199 229 74 58 65 74 106 372 49 248 68 66 120
internal_value=0.000136693 0.0067488 0.0134714 0.023795 0.0297143 0.0349059 0.0394271 0.0412093 0.0428537 0.044232 0.0455441 0.046786 0.0479472 0.0490556 -0.0220784 -0.0198829 -0.0179258 -0.0160031 -0.014237 -0.012739 -0.0120366 0.0498966 0.0487505 -0.0113412 -0.0178882 -0.00966789 -0.0117743 0.0541634 0.0534266 0.0601581 -0.0217094 -0.0273795 0.0552793 0.0575263 0.0544505 0.052287 0.0618579 0.0517719 -0.0105546 -0.00489317 0.00320843 -0.0121632 -0.0111069 -0.0127621 -0.00760309 0.00507588 -0.00220171 0.0472836 0.0447133 0.0483313 0.0498809 0.0548698 0.0442973 0.0376649 0.028988 0.0382266 0.0488062 -0.0172704 0.051426 0.0480863 -0.00314157 0.0520286 0.0477126
internal_weight=11751.2 10293.2 9142.04 7084.78 6535.51 6121.35 5799.41 5682.35 5577.74 5493.88 5415.85 5343.63 5278.69 5216.56 2057.25 1888.76 1761.53 1651.8 1560.87 1492.32 1461.68 5170.96 3909.13 1432.22 290.551 1141.67 887.767 829.693 1261.83 245.49 241.398 125.96 773.078 540.952 355.142 311.766 98.7951 1016.34 813.957 180.548 98.1948 633.409 579.16 488.204 228.298 102.592 90.9557 3079.44 898.128 2181.31 1571.84 411.926 609.471 169.913 114.156 477.67 235.95 259.906 100.714 1159.91 63.5956 420.458 212.971
internal_count=36100 24758 21832 15314 14555 13729 11224 10328 9512 8874 8271 7705 7213 6704 6518 5212 4224 4016 3303 3144 2903 6346 4799 2668 546 2122 1645 1036 1547 298 445 214 967 674 441 384 128 1249 1518 350 191 1168 1087 908 445 213 179 3763 1087 2676 1939 534 737 197 123 559 305 463 120 1405 135 528 256
is_linear=0
shrinkage=0.05


Tree=10
num_leaves=49
num_cat=0
split_feature=15 31 18 5 22 16 5 3 3 3 14 3 14 27 0 5 5 5 5 3 3 26 5 0 0 26 30 26 18 26 0 0 4 4 18 0 0 0 0 18 0 0 21 30 30 0 0 0
split_gain=1914.32 1587.24 1802.72 1869.46 1641.4 1231.89 901.373 688.504 475.127 388.604 303.129 246.779 224.786 215.418 209.062 43.7754 60.2504 41.7214 116.207 39.9616 105.601 32.7504 14.6213 12.6526 9.90551 9.12196 4.97745 3.53546 2.65524 2.50686 2.39203 2.28304 2.16013 1.30934 1.25625 1.10105 0.938798 0.891055 1.43764 0.870517 0.713981 0.587331 0.435919 0.250741 0.244972 0.171795 0.00298836 1.09154
threshold=1.0000000180025095e-35 1.0000000180025095e-35 1.0000000180025095e-35 1.5000000000000002 1.0000000180025095e-35 1.0000000180025095e-35 2.5000000000000004 59.000000000000007 59.000000000000007 59.000000000000007 1.0000000180025095e-35 59.000000000000007 1.0000000180025095e-35 1.0000000180025095e-35 1.5000000000000002 1.5000000000000002 2.5000000000000004 1.5000000000000002 2.5000000000000004 57.000000000000007 59.000000000000007 1.0000000180025095e-35 1.5000000000000002 6.5000000000000009 6.5000000000000009 1.0000000180025095e-35 1.0000000180025095e-35 1.0000000180025095e-35 1.0000000180025095e-35 1.0000000180025095e-35 11.000000000000002 3.5000000000000004 1.0000000180025095e-35 1.0000000180025095e-35 1.0000000180025095e-35 11.000000000000002 2.5000000000000004 3.5000000000000004 6.5000000000000009 1.0000000180025095e-35 3.5000000000000004 6.5000000000000009 1.0000000180025095e-35 1.0000000180025095e-35 1.0000000180025095e-35 22.000000000000004 11.000000000000002 8.5000000000000018
decision_type=2 2 2 2 2 2 2 2 2 2 2 2 2 2 2 2 2 2 2 2 2 2 2 2 2 2 2 2 2 2 2 2 2 2 2 2 2 2 2 2 2 2 2 2 2 2 2 2
left_child=1 2 3 4 -1 7 9 10 12 14 17 22 15 19 -5 25 24 27 31 29 -21 26 28 -24 -17 36 35 34 32 -6 -28 -19 43 45 -2 37 -4 -16 -39 -29 -31 -35 44 -3 -23 -27 47 -38
right_child=5 11 8 6 13 -7 -8 -9 -10 -11 -12 -13 -14 -15 21 16 -18 18 -20 20 -22 42 23 -25 -26 33 30 39 -30 40 -32 -33 -34 41 -36 -37 46 38 -40 -41 -42 -43 -44 -45 -46 -47 -48 -49
leaf_value=-0.046662824201514151 0.065332123156734992 0.068727483931073016 0.042702948260265605 -0.04653004099791147 0.058262791418492534 -0.04797958838670454 -0.046883730116011081 -0.046405562420342161 -0.046394720491487219 -0.046319610850660969 -0.046178962028202007 -0.046145479032092603 -0.049349644215447047 -0.046133468833051368 0.051501534358231585 0.015632589380919604 -0.046929148928144579 0.049109896623357296 -0.046699309444328291 0.066268203212914809 -0.045828192825339148 0.06995472984592721 0.0085088638856162142 0.054401124935546309 0.054714054694378567 0.063239965940651538 0.036997558151885879 0.070605699943147693 0.052924275651655465 0.062168217951611218 0.012378555957953128 0.065796562674019288 0.054969126941574513 0.045595617528763281 0.053796524312723637 0.055212481691722951 0.050410701091072131 0.046219448046855988 0.026631211522695594 0.063395242597719226 0.07162738495607654 0.05840360155176777 0.06026473710479674 0.063777917895926822 0.065531375645152365 0.055177326404099981 0.048874603213603582 0.063240112154222136
leaf_weight=5424.8588706031442 471.84042467176914 421.91880616545677 49.795509934425354 45.003162637352943 87.454900875687599 345.40920901298523 323.3507254421711 157.35799527168274 144.25668281316757 97.589869424700737 61.963258534669876 55.044776692986488 53.728021219372749 54.135534629225731 29.091589495539665 22.75465327501297 22.689722090959549 37.053608790040016 29.98410952091217 64.509142875671387 30.620855003595352 463.77165102958679 21.074612125754356 53.64117419719696 60.674481824040413 557.51301372051239 28.567480847239494 1065.9696533828974 51.722961127758026 60.339331790804863 15.997729063034056 98.853962287306786 53.21862305700779 27.929419249296188 42.232990279793739 49.153636485338211 94.651854902505875 25.550980865955353 19.287898197770119 96.613820970058441 205.51757085323334 46.860738024115562 52.714632362127304 163.67114044725895 224.03228685259819 38.986416190862656 83.615784361958504 34.183755800127983
leaf_count=18720 582 425 122 345 138 2588 2485 1224 1122 759 482 428 389 421 62 92 170 82 227 74 238 487 89 98 115 761 85 1011 94 81 67 124 94 65 79 95 197 61 65 132 185 75 78 205 290 68 178 46
internal_value=-0.000403549 -0.0106318 -0.0170144 -0.026473 -0.0386539 0.0393577 0.0260663 0.0539967 0.0387751 0.0485268 0.0623023 0.0557812 0.0500282 0.0477552 0.0582568 0.0551851 0.0245957 0.065962 0.0418159 0.0591281 0.0301352 0.0634721 0.0631382 0.0415992 0.0442115 0.0586473 0.0432722 0.0683378 0.065437 0.066881 0.0283954 0.0614438 0.0664079 0.0618196 0.0644376 0.048522 0.0504248 0.0437328 0.03818 0.070034 0.0696012 0.0539552 0.068013 0.0673997 0.0685626 0.0627597 0.0521302 0.054046
internal_weight=11766.8 9359.48 8539.19 7301.55 5927.44 2407.28 1374.11 2061.87 1237.64 1050.76 1904.51 820.292 1093.38 502.577 953.171 1039.66 106.119 1842.55 165.892 448.442 95.13 908.168 765.247 74.7158 83.4291 933.536 167.649 1676.66 690.532 353.312 44.5652 135.908 638.809 671.29 514.073 123.084 262.247 73.9305 44.8389 1162.58 265.857 74.7902 740.519 585.59 687.804 596.499 212.451 128.836
internal_count=36100 29569 28136 24736 19857 6531 4879 3943 3400 2394 2719 1433 2278 1137 1635 1889 377 2237 433 716 312 1290 1005 187 207 1512 435 1804 818 404 152 206 724 969 661 283 543 188 126 1143 266 140 855 630 777 829 421 243
is_linear=0
shrinkage=0.05


Tree=11
num_leaves=21
num_cat=0
split_feature=3 14 5 27 6 16 13 24 10 7 12 11 28 20 4 0 26 18 5 18
split_gain=4888.62 2465.32 1274.1 1158.34 966.543 856.764 768.212 723.812 675.277 641.026 477.82 404.402 385.65 360.943 31.4001 376.004 41.8974 21.4232 4.40319 3.34501
threshold=59.000000000000007 1.0000000180025095e-35 2.5000000000000004 1.0000000180025095e-35 1.0000000180025095e-35 1.0000000180025095e-35 1.0000000180025095e-35 1.0000000180025095e-35 1.0000000180025095e-35 1.0000000180025095e-35 1.0000000180025095e-35 1.0000000180025095e-35 1.0000000180025095e-35 1.0000000180025095e-35 1.0000000180025095e-35 1.5000000000000002 1.0000000180025095e-35 1.0000000180025095e-35 1.5000000000000002 1.0000000180025095e-35
decision_type=2 2 2 2 2 2 2 2 2 2 2 2 2 2 2 2 2 2 2 2
left_child=1 2 3 4 5 6 7 8 9 10 11 12 13 14 17 -16 18 -1 -17 -18
right_child=-2 -3 -4 -5 -6 -7 -8 -9 -10 -11 -12 -13 -14 -15 15 16 19 -19 -20 -21
leaf_value=-0.045936289995742209 0.077105389962850393 0.078115258614671293 0.078486146659631953 0.07861932065339805 0.082282955992970128 0.081946996335970843 0.081061022751427222 0.082983442692277712 0.07936426348291431 0.081178756919978487 0.07932163559999364 0.08289670211474115 0.089229754375068138 0.078997464234192502 0.082701765364470256 -0.016147934417912128 -0.046658096023729681 -0.037004385090314389 -0.02925589387804561 -0.037456001286213
leaf_weight=5236.826007604599 1759.8260392397642 687.11412957310677 316.79737611114979 269.11373798549175 198.66575033962727 169.61867596209049 148.66606464982033 130.89433507621288 125.86244474351406 112.37315605580807 84.167301326990128 65.768664002418518 55.811526522040367 60.546534433960915 62.74937991797924 110.52886271476746 1100.6522542983294 786.10732750594616 160.62934219837189 123.07843001186848
leaf_count=6120 11342 4446 2052 1745 1307 1113 973 864 819 736 548 434 379 394 414 266 929 853 235 131
internal_value=0.000267059 -0.0132503 -0.0199908 -0.0234605 -0.0266105 -0.0291501 -0.0314077 -0.0334476 -0.0353376 -0.0371563 -0.038856 -0.0401424 -0.041199 -0.0421575 -0.0431303 -0.0367634 -0.041804 -0.0447737 -0.0239524 -0.0457483
internal_weight=11765.8 10006 9318.86 9002.06 8732.95 8534.28 8364.66 8216 8085.1 7959.24 7846.87 7762.7 7696.93 7641.12 7580.57 1557.64 1494.89 6022.93 271.158 1223.73
internal_count=36100 24758 20312 18260 16515 15208 14095 13122 12258 11439 10703 10155 9721 9342 8948 1975 1561 6973 501 1060
is_linear=0
shrinkage=0.05


Tree=12
num_leaves=17
num_cat=0
split_feature=15 5 18 9 31 22 14 27 6 13 24 10 7 11 28 4
split_gain=2206.99 2141.49 1897.58 2012.48 1592.27 1450.64 1167.73 459.208 440.744 381.42 338.71 306.699 293.913 220.544 211.241 5.83987
threshold=1.0000000180025095e-35 1.5000000000000002 1.0000000180025095e-35 1.0000000180025095e-35 1.0000000180025095e-35 1.0000000180025095e-35 1.0000000180025095e-35 1.0000000180025095e-35 1.0000000180025095e-35 1.0000000180025095e-35 1.0000000180025095e-35 1.0000000180025095e-35 1.0000000180025095e-35 1.0000000180025095e-35 1.0000000180025095e-35 1.0000000180025095e-35
decision_type=2 2 2 2 2 2 2 2 2 2 2 2 2 2 2 2
left_child=1 2 3 4 5 6 7 8 9 10 11 12 13 14 15 -1
right_child=-2 -3 -4 -5 -6 -7 -8 -9 -10 -11 -12 -13 -14 -15 -16 -17
leaf_value=0.07100262711232623 -0.046343804835726123 -0.04604373688652566 -0.045690904383706793 -0.045548904103922372 -0.04568983123521772 -0.046063071509115275 -0.045486255662008014 -0.045323980068375978 -0.045942797123644845 -0.046576228272770283 -0.045884406982943195 -0.045218851440655829 -0.046635658641908925 -0.049576689418479244 -0.050740484718210778 0.064498495948193471
leaf_weight=4161.5991357862949 2111.9583582356572 1440.6257711276412 965.37799117714167 803.73025967925787 516.66065760701895 399.44536907225847 286.95471069216728 104.81879021972418 95.530295826494694 78.824986591935158 68.725587919354439 61.263267681002617 55.824115350842476 38.923557557165623 35.94897336512804 446.5052480623126
leaf_count=5434 6599 5856 2861 6470 716 774 2311 845 753 608 541 493 428 277 251 835
internal_value=-9.19643e-05 0.0101269 0.0200946 0.0289735 0.0384072 0.0458577 0.0526171 0.0580894 0.0602431 0.0622978 0.064065 0.0656439 0.0670817 0.0684421 0.0694365 0.0703795
internal_weight=11672.7 9560.76 8120.13 7154.75 6351.02 5834.36 5434.92 5147.96 5043.15 4947.61 4868.79 4800.06 4738.8 4682.98 4644.05 4608.1
internal_count=36052 29453 23597 20736 14266 13550 12776 10465 9620 8867 8259 7718 7225 6797 6520 6269
is_linear=0
shrinkage=0.05


Tree=13
num_leaves=47
num_cat=0
split_feature=15 31 18 5 22 16 5 19 3 3 3 14 3 27 14 0 0 5 5 3 3 26 5 5 0 0 1 18 26 26 18 4 2 26 1 1 1 1 1 1 1 26 0 0 0 26
split_gain=1794.61 1407.32 1606.81 1815.39 1632.69 1140.4 829.066 661.843 633.307 354.582 304.068 273.15 216.793 197.893 195.664 45.2148 115.077 41.0103 103.801 28.3204 96.3617 24.7793 22.1371 12.1981 10.8996 10.1449 5.91597 5.26831 3.44217 3.07938 2.98398 2.46458 2.16824 1.73257 1.57891 1.28427 1.20025 0.831083 0.487078 2.09775 0.480596 0.368089 0.279252 0.78296 0.0883081 0.0183445
threshold=1.0000000180025095e-35 1.0000000180025095e-35 1.0000000180025095e-35 1.5000000000000002 1.0000000180025095e-35 1.0000000180025095e-35 2.5000000000000004 1.0000000180025095e-35 59.000000000000007 59.000000000000007 59.000000000000007 1.0000000180025095e-35 59.000000000000007 1.0000000180025095e-35 1.0000000180025095e-35 2.5000000000000004 1.5000000000000002 1.5000000000000002 2.5000000000000004 57.000000000000007 59.000000000000007 1.0000000180025095e-35 1.5000000000000002 1.5000000000000002 6.5000000000000009 6.5000000000000009 3.0499999523162846 1.0000000180025095e-35 1.0000000180025095e-35 1.0000000180025095e-35 1.0000000180025095e-35 1.0000000180025095e-35 1.0000000180025095e-35 1.0000000180025095e-35 2.2500000000000004 3.2500000000000004 2.4500000476837163 2.3500000238418584 1.7500000000000002 2.3500000238418584 2.8500000238418584 1.0000000180025095e-35 4.5000000000000009 15.000000000000002 9.5000000000000018 1.0000000180025095e-35
decision_type=2 2 2 2 2 2 2 2 2 2 2 2 2 2 2 2 2 2 2 2 2 2 2 2 2 2 2 2 2 2 2 2 2 2 2 2 2 2 2 2 2 2 2 2 2 2
left_child=1 2 3 4 -1 8 9 10 11 14 22 17 23 19 15 16 -5 27 28 34 -21 32 29 30 26 -25 -24 31 -19 35 33 45 -17 40 -6 38 -31 -26 -4 -40 -3 -29 -34 -44 -30 -2
right_child=5 12 7 6 13 -7 -8 -9 -10 -11 -12 -13 -14 -15 -16 21 -18 18 -20 20 -22 -23 24 25 37 -27 -28 41 44 36 -32 -33 42 -35 -36 -37 -38 -39 39 -41 -42 -43 43 -45 -46 -47
leaf_value=-0.045851157839348296 0.065081910853423824 0.053076313227038978 0.060007654577137914 -0.045484579485702899 0.055661587176883846 -0.046820783346294262 -0.04582098407165236 -0.046678642768112684 -0.045434334290850933 -0.045348228601119242 -0.045281295268801688 -0.04519649892932056 -0.045169289156960502 -0.045157138137126414 -0.047486432808860529 0.037913525336979059 0.066965317775302777 0.042655583970000854 -0.045549545873404963 0.06359758519271827 -0.044820449494446891 0.068031364377852302 -0.013018721793251434 0.012136682527061004 0.056244390287217762 0.051665713153213381 0.031728700234352446 0.049396760716791513 0.057055514411249668 0.059869504392092987 0.048156186990510344 0.058686567616892796 0.058209301718539198 0.064240952400004867 0.064954371078949941 0.061709559272307125 0.066146744011009256 0.041789009160802221 0.037567043212025038 0.055133509737019207 0.060647634288720366 0.058180017147547426 0.040607021429376056 0.05487250305048396 0.066541008308561897 0.067775012618171329
leaf_weight=5258.2514300122857 463.90441547334194 86.914435923099518 34.637205004692078 34.32436940073967 89.503161400556564 338.3676639944315 311.50481748580933 200.27618768066168 154.06442254781723 95.188728883862495 73.573432393372059 59.74616014957428 52.956499457359314 52.810093976557255 43.729950122535229 66.809486165642738 65.388904005289078 33.937582969665527 29.439808309078217 70.748052150011063 28.35883703827858 696.94985908269882 13.721865251660349 23.655321687459946 24.600411862134933 53.970932796597481 14.985168159008024 45.625755220651627 42.396273717284203 179.42126433551311 50.671837985515594 133.82840012013912 24.570641025900841 442.92294979095459 286.71621027588844 112.7508656680584 452.26589339971542 39.086588859558105 29.897465333342552 67.640037670731544 114.98237720131874 103.4000718742609 32.185698911547661 27.707856014370918 55.067238360643387 979.18100714683533
leaf_count=18585 505 136 46 271 130 2621 2480 1554 1240 766 592 481 426 425 327 181 65 81 231 74 228 642 75 95 38 95 47 86 65 230 94 187 39 446 286 134 415 91 74 102 134 144 81 49 53 905
internal_value=0.000164208 -0.00989255 -0.0159981 -0.0250787 -0.0374336 0.0383149 0.0260406 0.0364842 0.0520366 0.0466485 0.0524742 0.0597609 0.0523684 0.0463382 0.0554976 0.0602709 0.0282228 0.0630956 0.038739 0.0565404 0.0325052 0.0640195 0.0599159 0.0590743 0.0363017 0.0397747 0.0104829 0.0653535 0.0577245 0.0623827 0.0611983 0.0662512 0.0453727 0.0621851 0.0628204 0.0570271 0.0644125 0.0477673 0.0528152 0.049968 0.0575274 0.0556651 0.051015 0.0476061 0.0627271 0.0669321
internal_weight=11692.6 9253.68 8427.6 7184.75 5786.39 2438.96 1398.36 1242.86 2100.59 1086.86 1042.58 1946.53 826.074 528.136 991.667 947.937 99.7133 1886.78 160.841 475.326 99.1069 848.224 969.007 773.118 92.394 77.6263 28.707 1725.94 131.401 876.613 695.492 1576.91 151.274 644.82 376.219 244.926 631.687 63.687 132.175 97.5375 201.897 149.026 84.4642 59.8936 97.4635 1443.09
internal_count=36052 29453 28027 24629 19728 6599 4901 3398 3978 2421 1844 2738 1426 1143 1655 1328 336 2257 430 718 302 992 1252 1000 251 190 122 1827 199 1001 810 1597 350 716 416 356 645 129 222 176 270 230 169 130 118 1410
is_linear=0
shrinkage=0.05


Tree=14
num_leaves=20
num_cat=0
split_feature=3 14 5 27 6 16 13 24 10 7 19 12 28 17 11 4 0 26 5
split_gain=4349.01 2227.19 1168.7 1076.33 884.855 776.534 704.901 663.824 621.103 576.32 537.058 425.769 364.563 339.854 324.087 31.383 330.509 40.3984 4.49658
threshold=59.000000000000007 1.0000000180025095e-35 2.5000000000000004 1.0000000180025095e-35 1.0000000180025095e-35 1.0000000180025095e-35 1.0000000180025095e-35 1.0000000180025095e-35 1.0000000180025095e-35 1.0000000180025095e-35 1.0000000180025095e-35 1.0000000180025095e-35 1.0000000180025095e-35 1.0000000180025095e-35 1.0000000180025095e-35 1.0000000180025095e-35 1.5000000000000002 1.0000000180025095e-35 1.5000000000000002
decision_type=2 2 2 2 2 2 2 2 2 2 2 2 2 2 2 2 2 2 2
left_child=1 2 3 4 5 6 7 8 9 10 11 12 13 14 15 -1 -17 18 -18
right_child=-2 -3 -4 -5 -6 -7 -8 -9 -10 -11 -12 -13 -14 -15 -16 16 17 -19 -20
leaf_value=-0.045016358342974697 0.072011416547112017 0.073172543521566574 0.073575327525274833 0.07409980261542029 0.077425530317820457 0.076158738800832307 0.076405430149483422 0.07799756296240673 0.075160213290062283 0.076668313980122818 0.083908036348585721 0.075008380290223109 0.084933908578859699 0.10242788056728991 0.079875401203151356 0.077427493280056867 -0.01580586594796941 -0.045517538535025659 -0.029204870442308486
leaf_weight=5834.7194778770208 1773.5846669524908 696.3716736137867 324.57422181963921 276.27675865590572 201.16774165630341 172.88776230812073 150.13222959637642 132.55983823537827 126.30640091001987 110.62335833907127 88.781765356659889 79.91974201798439 56.862944260239601 40.246090695261955 53.322064489126205 60.237868666648865 104.82822582125664 1212.1557176709175 164.03728315234184
leaf_count=6670 11283 4446 2073 1769 1302 1112 968 860 812 714 589 514 379 293 348 390 254 1039 237
internal_value=-7.26056e-05 -0.0130077 -0.0195419 -0.0229551 -0.0260812 -0.0285682 -0.0307768 -0.0327767 -0.0346328 -0.0364141 -0.0380446 -0.0394735 -0.040694 -0.041656 -0.0424434 -0.043333 -0.0369477 -0.0416242 -0.0240198
internal_weight=11659.6 9886.01 9189.64 8865.07 8588.79 8387.62 8214.73 8064.6 7932.04 7805.73 7695.11 7606.33 7526.41 7469.55 7429.3 7375.98 1541.26 1481.02 268.866
internal_count=36052 24769 20323 18250 16481 15179 14067 13099 12239 11427 10713 10124 9610 9231 8938 8590 1920 1530 491
is_linear=0
shrinkage=0.05


Tree=15
num_leaves=59
num_cat=0
split_feature=15 3 18 4 31 22 14 6 27 13 24 7 10 12 25 31 14 22 24 27 6 1 1 3 1 3 2 1 3 1 1 2 3 1 1 1 1 1 3 1 3 1 3 1 1 3 2 3 1 3 1 3 1 1 1 1 1 1
split_gain=2010.8 1477.1 1587.74 1464.57 1337.52 1188.6 938.983 379.52 339.3 293.225 270.024 245.233 237.526 193.997 45.2903 38.5904 36.0322 31.356 14.811 14.2808 13.8596 4.15554 6.49867 4.81885 4.00957 1.57278 3.05718 4.60999 2.71124 2.70789 3.95879 2.91731 2.55618 2.87333 2.25886 1.54015 2.63734 1.67137 1.77517 1.44514 1.24386 1.23674 1.19275 1.183 1.13732 1.95354 0.909296 0.665133 1.08769 0.727339 0.509976 0.450693 0.26691 0.246706 0.216292 0.182978 0.0378339 0.0148986
threshold=1.0000000180025095e-35 59.000000000000007 1.0000000180025095e-35 1.0000000180025095e-35 1.0000000180025095e-35 1.0000000180025095e-35 1.0000000180025095e-35 1.0000000180025095e-35 1.0000000180025095e-35 1.0000000180025095e-35 1.0000000180025095e-35 1.0000000180025095e-35 1.0000000180025095e-35 1.0000000180025095e-35 1.0000000180025095e-35 1.0000000180025095e-35 1.0000000180025095e-35 1.0000000180025095e-35 1.0000000180025095e-35 1.0000000180025095e-35 1.0000000180025095e-35 1.5500000119209292 1.9499999880790713 51.000000000000007 1.7500000000000002 51.000000000000007 1.0000000180025095e-35 3.5499999523162846 57.000000000000007 2.9500000476837163 3.3500000238418584 1.0000000180025095e-35 39.000000000000007 2.2500000000000004 4.1499998569488534 2.8500000238418584 3.1499999761581425 3.8500000238418584 54.500000000000007 2.4500000476837163 54.500000000000007 4.0499999523162851 45.000000000000007 2.9500000476837163 3.3500000238418584 41.000000000000007 1.0000000180025095e-35 45.000000000000007 2.3500000238418584 41.000000000000007 4.0499999523162851 45.000000000000007 2.4500000476837163 3.5499999523162846 3.7500000000000004 2.8500000238418584 2.8500000238418584 3.6499999761581425
decision_type=2 2 2 2 2 2 2 2 2 2 2 2 2 2 2 2 2 2 2 2 2 2 2 2 2 2 2 2 2 2 2 2 2 2 2 2 2 2 2 2 2 2 2 2 2 2 2 2 2 2 2 2 2 2 2 2 2 2
left_child=1 2 3 4 5 6 7 8 9 10 11 12 13 -1 15 16 17 18 19 20 21 -5 23 24 -23 26 27 32 34 39 -31 -32 -24 -34 35 46 -37 38 53 -30 -25 44 56 -44 47 -46 -27 48 -28 -50 54 -43 -48 -38 -29 -49 -35 -47
right_child=-2 -3 -4 14 -6 -7 -8 -9 -10 -11 -12 -13 -14 -15 -16 -17 -18 -19 -20 -21 -22 22 25 40 -26 28 41 50 29 30 31 -33 33 42 -36 36 37 -39 -40 -41 -42 51 43 -45 45 57 52 55 49 -51 -52 -53 -54 -55 -56 -57 -58 -59
leaf_value=0.065912300696560969 -0.045414577836510352 -0.044659800882169809 -0.044865003717681262 0.0089719722118111744 -0.044824363406704176 -0.045185632165553151 -0.044572914006740641 -0.044971059764150945 -0.044384290146166912 -0.04549526171286835 -0.044860275837963294 -0.045510896320877792 -0.04422573605464742 -0.045401192931559996 -0.045711183268987293 -0.04487494726863743 -0.044080799341954482 -0.044690069860158499 -0.044063284737747926 -0.043192537046382484 -0.043382280753826712 -0.014491511017482051 -0.0090706273031088813 0.0032756316242014034 -0.038674243265421147 -0.012076990325669865 -0.00023719434508739069 -0.0084731848865908111 -0.0034410081845771111 0.01898530566156062 -0.013521905664147051 0.0066950934063110092 -0.0053310156390911053 0.014648080941300351 0.0038872338446074984 -0.025514376821755686 -0.010288604262052263 -0.0186038151560615 -0.00073152612073984317 -0.018225068917039757 -0.012377954800886945 -0.0048189175519212334 0.01383635576279465 -0.0012902807102301789 -0.0027694564775235437 -0.018799053759751827 0.0015284466736661263 -0.0044729916614524006 -0.007523742433610394 -0.018417497203762803 -0.013257982894159354 0.0032212141248424871 -0.005589189749462195 -0.018089571364415899 -0.0023681270347070153 0.00045120663455935689 0.018776834784147073 -0.015613200235491726
leaf_weight=4178.5862789452076 2028.2150909975171 1110.45769225806 928.19478320330381 42.941167071461678 462.2901324853301 349.12682163715363 247.3058023750782 92.024723917245865 80.075546868145466 65.495071552693844 59.294014565646648 51.806784518063068 50.160891346633434 39.184680923819542 122.74132173508406 95.779716901481152 82.979289390146732 62.541977375745773 28.28699529916048 27.373675979673862 25.148871555924416 36.639187186956406 25.323432102799416 21.009266532957554 33.404708802700043 39.582927487790585 27.136225506663322 30.421673089265823 36.36690878123045 26.771685682237148 35.204375334084034 35.228342793881893 30.642415568232536 25.32376067340374 24.805528797209263 41.297956384718418 23.434186212718487 49.508199937641621 50.205099247395992 30.256057232618332 30.900330498814583 35.225858859717846 25.622883014380932 25.429281190037727 35.660363055765629 30.967180006206036 26.105913527309895 42.42895582318306 37.738014005124569 26.835575975477695 35.001105934381485 33.558506526052952 25.742735996842384 22.750012323260307 28.33553009480238 33.505688615143299 30.005227826535702 41.395691528916359
leaf_count=5525 6530 9270 2394 97 635 682 2066 752 669 523 484 412 419 311 1006 219 704 157 235 237 215 74 61 55 69 107 47 56 58 48 72 65 53 48 74 83 64 86 94 63 77 66 62 50 62 57 50 85 64 74 82 52 59 47 68 59 62 84
internal_value=-0.000273062 0.00947766 0.0167395 0.0245187 0.0366501 0.0438788 0.0502757 0.0553609 0.0574063 0.059245 0.0608165 0.0622721 0.0635856 0.0648729 -0.0165218 -0.0142036 -0.0121755 -0.0102362 -0.00857937 -0.00778156 -0.00699409 -0.00623444 -0.0067868 -0.0177019 -0.0262169 -0.00553251 -0.00383461 0.000303306 -0.00770834 -0.00251459 0.00280617 -0.00343405 0.00539644 0.00809337 -0.0105038 -0.0117896 -0.0143888 -0.0111632 -0.00726524 -0.0102408 -0.0060717 -0.0069072 0.011967 0.00636228 -0.00840142 -0.0124012 -0.00641881 -0.00579489 -0.00865093 -0.0121577 -0.00849755 -0.000901361 -0.00202507 -0.0142839 -0.00557386 -0.00231148 0.0170352 -0.0170962
internal_weight=11419.8 9391.57 8281.11 7352.91 5675.35 5213.06 4863.93 4616.63 4524.6 4444.53 4379.03 4319.74 4267.93 4217.77 1677.56 1554.82 1459.04 1376.06 1313.52 1285.23 1257.86 1232.71 1189.77 121.953 70.0439 1067.82 600.557 256.105 467.26 163.827 97.2044 70.4327 162.347 137.024 303.433 278.627 187.195 145.897 96.3893 66.623 51.9096 344.452 106.381 51.0522 275.668 108.023 91.4316 167.644 91.7098 64.5736 93.7583 68.7844 51.8486 46.1842 58.7572 75.9346 55.329 72.3629
internal_count=35979 29449 20179 17785 12478 11843 11161 9095 8343 7674 7151 6667 6255 5836 5307 4301 4082 3378 3221 2986 2749 2534 2437 275 143 2162 1192 542 970 306 185 137 336 275 664 590 374 291 205 121 132 650 222 112 532 203 216 329 185 138 206 118 109 111 124 144 110 141
is_linear=0
shrinkage=0.05


Tree=16
num_leaves=64
num_cat=0
split_feature=15 31 18 5 16 21 5 19 3 3 3 3 25 27 3 27 5 5 0 0 5 0 5 0 26 0 1 0 1 3 18 1 3 0 26 5 0 1 1 3 1 1 1 26 1 2 26 1 1 26 26 3 1 1 0 1 0 2 1 1 0 1 29
split_gain=1619.81 1309.11 1475.32 1654.44 1021.78 949.315 743.095 585.297 553.101 317.655 262.86 191.726 168.778 168.52 128.65 75.373 36.9364 95.9413 36.2395 104.421 22.9844 15.2998 10.7955 11.222 8.99086 12.1666 6.33273 13.248 4.67648 4.61194 4.38354 2.96015 2.94787 2.92461 2.92457 2.88858 2.76063 2.75971 2.52544 2.5184 1.85944 1.72755 1.71198 1.6806 1.62259 1.41892 1.37755 1.37184 1.25248 1.78945 1.17354 1.08496 1.68728 1.05419 1.05205 1.63771 0.649971 0.445497 0.42972 0.201872 0.183958 0.172102 0.113069
threshold=1.0000000180025095e-35 1.0000000180025095e-35 1.0000000180025095e-35 1.5000000000000002 1.0000000180025095e-35 1.0000000180025095e-35 2.5000000000000004 1.0000000180025095e-35 59.000000000000007 59.000000000000007 59.000000000000007 59.000000000000007 1.0000000180025095e-35 1.0000000180025095e-35 59.000000000000007 1.0000000180025095e-35 1.5000000000000002 2.5000000000000004 2.5000000000000004 1.5000000000000002 1.5000000000000002 4.5000000000000009 1.5000000000000002 6.5000000000000009 1.0000000180025095e-35 3.5000000000000004 2.3500000238418584 4.5000000000000009 2.5499999523162846 57.000000000000007 1.0000000180025095e-35 2.3500000238418584 55.500000000000007 1.5000000000000002 1.0000000180025095e-35 1.0000000180025095e-35 22.000000000000004 2.6499999761581425 2.0499999523162846 47.000000000000007 2.1499999761581425 2.2500000000000004 2.3500000238418584 1.0000000180025095e-35 2.5499999523162846 1.0000000180025095e-35 1.0000000180025095e-35 3.5499999523162846 1.5500000119209292 1.0000000180025095e-35 1.0000000180025095e-35 45.000000000000007 3.7500000000000004 2.8500000238418584 9.5000000000000018 2.3500000238418584 9.5000000000000018 1.0000000180025095e-35 2.2500000000000004 2.3500000238418584 7.5000000000000009 1.7500000000000002 1.0000000180025095e-35
decision_type=2 2 2 2 2 2 2 2 2 2 2 2 2 2 2 2 2 2 2 2 2 2 2 2 2 2 2 2 2 2 2 2 2 2 2 2 2 2 2 2 2 2 2 2 2 2 2 2 2 2 2 2 2 2 2 2 2 2 2 2 2 2 2
left_child=1 2 3 5 8 -1 9 10 13 12 20 22 18 16 15 24 30 34 19 -5 31 -22 43 -24 26 28 27 -7 38 36 35 48 39 -30 -18 41 40 45 -26 -28 -27 50 -23 53 -37 -20 -33 -44 -4 -50 -2 -42 -53 58 55 -32 -36 -51 -3 -45 -39 -47 -43
right_child=4 11 7 6 -6 14 -8 -9 -10 -11 -12 -13 -14 -15 -16 -17 17 -19 37 -21 21 42 23 -25 25 29 32 -29 33 -31 54 46 -34 -35 56 44 -38 60 -40 -41 51 62 47 59 -46 61 -48 -49 49 57 -52 52 -54 -55 -56 -57 -58 -59 -60 -61 -62 -63 -64
leaf_value=-0.044925682383274892 0.052152770506238538 0.051871621839050967 0.06121020069161516 -0.044523203246543408 -0.045814853158349933 0.029059681752578517 -0.044893161782332207 -0.045637980597408256 -0.044537414607056486 -0.044454614479120663 -0.044377188645949833 -0.044267162166494178 -0.049206435792521146 -0.047516511428919307 -0.04441818859723054 -0.044124580438250127 0.039419207391537439 -0.044549029881840091 0.050448690676496703 0.06253715531935021 -0.0086507501348369702 0.051880663510154836 0.0066075607422255546 0.049144714888615645 0.016026720391253146 0.025285775695595664 0.025229354630417884 -0.021596082879082625 0.014699311527710529 0.019942456087863929 0.05454230058215092 0.055791935162369521 0.033985814037731168 0.034618876700323868 0.051044824006459967 0.044214123663862556 0.048302928653817412 0.059074324605812391 -0.007524962923440754 0.008410839575096243 0.04375591796869191 0.063602393743331959 0.025065113215544402 0.055952609194017372 0.057751017342106109 0.052304254603808914 0.062059737155076102 0.043934449203768128 0.041451811844502501 0.057861915534921649 0.060451458695675975 0.030089867100591517 0.042760818639358475 0.057076005244196593 0.057360090019359683 0.038717469805215225 0.062187915684229302 0.048778592332202865 0.042145971449746147 0.06073069613325717 0.063557088918577559 0.060517527506661728 0.059228167693331772
leaf_weight=4817.96030639112 93.556049436330795 63.281857386231422 50.015940636396408 33.12358346581459 326.09767387807369 23.835977658629417 301.85954830050468 191.6680741161108 145.84940090030432 92.775248937308788 69.527889475226402 50.723199002444744 39.077235609292984 37.984872564673424 79.955660685896873 39.533855766057968 34.625833131372929 30.063465937972069 123.43793815374374 70.426611602306366 18.3786451369524 29.75589220225811 21.529155164957047 56.541155368089676 21.470276601612568 43.722722567617893 50.193418048322201 26.988623388111591 40.046081259846687 43.786952346563339 40.070938557386398 186.36209514737129 41.877710536122322 35.840998612344265 46.334422335028648 44.488555163145065 54.114701241254807 175.86208420991898 23.175929538905621 40.978144206106663 56.781370379030704 1006.2664892971516 21.935993313789368 136.9664421081543 88.565236195921898 41.027685895562172 472.59493213891983 22.395666360855103 51.141578897833824 68.549348622560501 233.9351941794157 87.643375486135483 44.913976043462753 120.14220033586025 60.774063646793365 41.711972996592522 59.898588351905346 56.057562842965126 37.281285300850868 359.57114693522453 364.60440014302731 137.40105140209198 134.21915584802628
leaf_count=17684 150 92 51 271 2613 48 2491 1541 1217 774 580 423 285 285 667 330 85 245 210 71 98 48 92 97 48 75 83 79 77 76 58 241 65 54 80 91 63 213 64 96 72 936 68 169 112 65 431 46 109 80 266 109 49 139 79 93 59 92 72 351 354 156 161
internal_value=0.000186789 -0.00954959 -0.0156666 -0.0246226 0.0364726 -0.0367578 0.0243926 0.0346031 0.0492685 0.0438105 0.0493112 0.0496457 0.0521426 0.0562853 0.0153695 0.0224801 0.0583566 0.0359917 0.0563535 0.0282414 0.0559965 0.0319971 0.0556593 0.0375311 0.0266558 0.0304605 0.0172563 0.00221237 0.016756 0.0354187 0.0605381 0.0584853 0.0229733 0.0242722 0.0532782 0.06133 0.0377397 0.0597905 0.00385306 0.0177572 0.0351889 0.0620297 0.0420709 0.057605 0.0534072 0.0554625 0.0603308 0.0349813 0.0529772 0.0504672 0.0581638 0.0374031 0.0345277 0.0532834 0.051461 0.0467554 0.0575897 0.0539868 0.0484924 0.0594703 0.0621544 0.0587804 0.0631138
internal_weight=11461.3 9036.84 8190.8 6952.42 2424.44 5572.82 1379.6 1238.38 2098.34 1077.74 1046.72 846.036 984.961 1952.49 754.86 674.904 1914.51 170.922 945.883 103.55 977.188 92.4662 795.313 78.0703 635.37 451.496 183.874 50.8246 120.533 330.963 1743.59 884.721 133.049 75.8871 140.859 1601.03 287.176 842.333 44.6462 91.1716 233.061 1467.98 74.0876 717.243 133.054 301.867 658.957 44.3317 225.764 175.748 327.491 189.339 132.557 220.705 142.557 81.7829 106.233 124.607 100.563 496.538 540.466 178.429 1140.49
internal_count=35979 29449 28014 24629 6530 19739 4890 3385 3917 2399 1844 1435 1625 2700 2055 1388 2415 469 1340 342 1264 260 1012 189 1058 687 371 127 243 444 1946 1004 244 131 224 1716 368 998 112 179 305 1513 162 823 203 431 672 114 332 281 416 230 158 303 230 151 139 172 164 520 567 221 1097
is_linear=0
shrinkage=0.05


Tree=17
num_leaves=19
num_cat=0
split_feature=3 14 5 27 6 16 13 24 10 7 19 12 11 17 4 25 0 18
split_gain=3873.44 1999.33 1048.5 977.131 819.303 710.741 652.536 599.961 570.147 536.765 473.03 410.617 321.835 310.735 32.0466 352.774 267.163 0.170888
threshold=59.000000000000007 1.0000000180025095e-35 2.5000000000000004 1.0000000180025095e-35 1.0000000180025095e-35 1.0000000180025095e-35 1.0000000180025095e-35 1.0000000180025095e-35 1.0000000180025095e-35 1.0000000180025095e-35 1.0000000180025095e-35 1.0000000180025095e-35 1.0000000180025095e-35 1.0000000180025095e-35 1.0000000180025095e-35 1.0000000180025095e-35 1.5000000000000002 1.0000000180025095e-35
decision_type=2 2 2 2 2 2 2 2 2 2 2 2 2 2 2 2 2 2
left_child=1 2 3 4 5 6 7 8 9 10 11 12 13 14 17 16 -16 -1
right_child=-2 -3 -4 -5 -6 -7 -8 -9 -10 -11 -12 -13 -14 -15 15 -17 -18 -19
leaf_value=-0.043081846951609333 0.067712282676206187 0.069026111131436585 0.069195444950253968 0.070163736312398847 0.072995676225296138 0.071199421258827084 0.072441984447479943 0.073641545395857419 0.071300556946454305 0.072533900999703041 0.078169953536483844 0.072447567121979861 0.075044036281711801 0.098473630290422845 0.074100871843117297 0.082579271335472618 -0.04406090238041438 -0.044575127208407617
leaf_weight=4963.293965280056 1785.7243356853724 697.85611993074417 325.56505361199379 276.95402204990387 206.58926697075367 177.15266686677933 152.21421530842781 131.8311979919672 126.56403112411499 112.75769726932049 87.398636385798454 81.951776340603828 60.051331847906113 39.389081671833992 49.105271056294441 60.739354342222214 1387.9148703962564 696.7356473505497
leaf_count=6387 11300 4429 2064 1762 1323 1126 973 846 808 721 568 524 386 281 315 402 1274 490
internal_value=8.5594e-05 -0.0124522 -0.0188186 -0.0221502 -0.0252221 -0.0277232 -0.0299318 -0.0319347 -0.033755 -0.0355232 -0.0371686 -0.0385473 -0.0398057 -0.0407691 -0.0415421 -0.0350019 -0.0399988 -0.0432696
internal_weight=11419.8 9634.06 8936.21 8610.64 8333.69 8127.1 7949.95 7797.73 7665.9 7539.34 7426.58 7339.18 7257.23 7197.18 7157.79 1497.76 1437.02 5660.03
internal_count=35979 24679 20250 18186 16424 15101 13975 13002 12156 11348 10627 10059 9535 9149 8868 1991 1589 6877
is_linear=0
shrinkage=0.05


Tree=18
num_leaves=19
num_cat=0
split_feature=15 5 18 3 31 22 14 6 27 13 24 10 7 20 28 12 4 26
split_gain=1897.57 1836.45 1611.05 1668.55 1310.89 1130.66 940.164 367.094 340.71 306.384 267.67 244.741 230.172 203.241 194.441 181.682 0.345781 19.203
threshold=1.0000000180025095e-35 1.5000000000000002 1.0000000180025095e-35 59.000000000000007 1.0000000180025095e-35 1.0000000180025095e-35 1.0000000180025095e-35 1.0000000180025095e-35 1.0000000180025095e-35 1.0000000180025095e-35 1.0000000180025095e-35 1.0000000180025095e-35 1.0000000180025095e-35 1.0000000180025095e-35 1.0000000180025095e-35 1.0000000180025095e-35 1.0000000180025095e-35 1.0000000180025095e-35
decision_type=2 2 2 2 2 2 2 2 2 2 2 2 2 2 2 2 2 2
left_child=1 2 3 4 5 6 7 8 9 10 11 12 13 14 15 16 -1 -18
right_child=-2 -3 -4 -5 -6 -7 -8 -9 -10 -11 -12 -13 -14 -15 -16 -17 17 -19
leaf_value=0.063965552872271805 -0.04456614582779219 -0.044587059165827059 -0.044052517578178289 -0.043828174992517288 -0.044055732244768331 -0.044538740372995288 -0.043739054264481249 -0.04405272323545853 -0.043553721336192924 -0.044607548322625534 -0.044008101391742965 -0.043481939581259267 -0.044628514200247972 -0.048733957323229965 -0.050812391424778919 -0.044533965909832066 0.040195500605848151 0.066400634728245242
leaf_weight=4154.136521011591 1978.0227026864886 1347.561953753233 909.76961321383715 749.76791127026081 482.72339999675751 356.51206317543983 268.98985027521849 97.085874907672405 87.740176275372505 74.717494674026966 64.161465547978878 57.765104584395885 51.896682441234589 41.547839775681496 37.616186916828156 38.765836320817471 89.892961360514164 369.47951328009367
leaf_count=5123 6608 5870 2859 6502 727 737 2337 826 763 619 544 501 427 302 264 318 247 544
internal_value=-0.000109803 0.00936778 0.0185357 0.0266463 0.0350724 0.0416723 0.0473322 0.0520791 0.0539249 0.0556466 0.057178 0.0585235 0.0597598 0.0609093 0.0618858 0.0628024 0.063709 0.0613219
internal_weight=11258.2 9280.13 7932.57 7022.8 6273.03 5790.31 5433.8 5164.81 5067.72 4979.98 4905.26 4841.1 4783.34 4731.44 4689.89 4652.27 4613.51 459.372
internal_count=36118 29510 23640 20781 14279 13552 12815 10478 9652 8889 8270 7726 7225 6798 6496 6232 5914 791
is_linear=0
shrinkage=0.05


Tree=19
num_leaves=50
num_cat=0
split_feature=15 31 18 5 22 16 5 19 9 9 9 14 9 14 27 0 0 5 5 5 26 0 5 0 18 26 1 2 0 4 18 1 1 0 26 0 26 1 1 1 0 26 26 0 1 0 1 1 0
split_gain=1483.84 1149.97 1368.88 1578.66 1349.36 911.098 674.857 539.273 496.585 286.938 238.921 226.967 170.079 157.038 149.176 32.4971 94.5889 32.0972 82.9136 23.0307 19.4944 9.84952 8.91993 7.60572 3.79554 3.52206 3.3105 2.38214 1.98464 1.98183 1.86981 1.74743 1.34622 1.26182 1.1572 1.14501 1.23187 1.00546 0.862293 0.688668 0.583734 0.329391 0.172112 0.140071 0.121853 0.111106 0.0878465 1.08654 0.00422191
threshold=1.0000000180025095e-35 1.0000000180025095e-35 1.0000000180025095e-35 1.5000000000000002 1.0000000180025095e-35 1.0000000180025095e-35 2.5000000000000004 1.0000000180025095e-35 1.0000000180025095e-35 1.0000000180025095e-35 1.0000000180025095e-35 1.0000000180025095e-35 1.0000000180025095e-35 1.0000000180025095e-35 1.0000000180025095e-35 2.5000000000000004 1.5000000000000002 1.5000000000000002 2.5000000000000004 1.5000000000000002 1.0000000180025095e-35 6.5000000000000009 1.5000000000000002 6.5000000000000009 1.0000000180025095e-35 1.0000000180025095e-35 1.8499999642372134 1.0000000180025095e-35 4.5000000000000009 1.0000000180025095e-35 1.0000000180025095e-35 3.0499999523162846 2.6499999761581425 5.5000000000000009 1.0000000180025095e-35 1.5000000000000002 1.0000000180025095e-35 3.3500000238418584 3.1499999761581425 2.8500000238418584 11.000000000000002 1.0000000180025095e-35 1.0000000180025095e-35 9.5000000000000018 3.7500000000000004 9.5000000000000018 1.7500000000000002 2.3500000238418584 11.000000000000002
decision_type=2 2 2 2 2 2 2 2 2 2 2 2 2 2 2 2 2 2 2 2 2 2 2 2 2 2 2 2 2 2 2 2 2 2 2 2 2 2 2 2 2 2 2 2 2 2 2 2 2
left_child=1 2 3 4 -1 8 9 10 11 13 19 17 22 15 26 16 -5 24 28 25 27 37 30 -24 29 38 40 45 -19 42 39 -23 -27 -31 -26 -28 -37 -21 46 41 -6 -3 -2 -36 -40 -17 -4 -48 -29
right_child=5 12 7 6 14 -7 -8 -9 -10 -11 -12 -13 -14 -15 -16 20 -18 18 -20 21 -22 31 23 -25 34 32 35 48 -30 33 -32 -33 -34 -35 43 36 -38 -39 44 -41 -42 -43 -44 -45 -46 -47 47 -49 -50
leaf_value=-0.044184027651689745 0.05722067999910823 0.048001976123393172 0.051172595195223838 -0.043513144723410294 0.031243233110588728 -0.044862371613435731 -0.043991847668348093 -0.044729596200272004 -0.043714210740026772 -0.043625876906500188 -0.043552345835801115 -0.044367030754234101 -0.043437893100412253 -0.046330226714657585 -0.043385060027288536 0.028923391584566624 0.059857838911023101 0.039233686177686369 -0.043679376045843793 -0.0041297343945368549 0.060496384466236931 0.046529682687813968 0.011512600803647738 0.045992326443573997 0.040550829385010326 0.053603755534727585 0.044548188256908913 0.042440601149715748 0.054515575004084063 0.042510776435203727 0.043637823624977715 0.027852350154612494 0.059506545803142831 0.055187101472183933 0.048864406429556383 0.046802584766952871 0.055256542335619933 0.01499815432258215 0.056505427849601192 0.056639219353663978 0.044388250204773036 0.053982980681489934 0.059821687843780183 0.057229408032994457 0.048794605135863152 0.035860547136487252 0.035370075129111271 0.048571611226873659 0.049574755932839991
leaf_weight=4914.5875685587525 467.71705955266953 89.350487619638443 35.924441054463387 32.176212280988693 28.115405358374119 313.98561774194241 288.85635036230087 189.05940707027912 142.48390734195709 89.422673240303993 67.970995880663395 57.979344144463539 49.064219951629639 40.465001754462719 46.346089422702789 33.027195319533348 68.388424128293991 36.158044293522835 27.848889298737049 16.502780705690387 702.59989678859711 37.957926005125046 23.543779611587524 52.276415884494781 40.235456123948097 215.05643728375435 65.132893852889538 43.172848060727119 97.737950265407562 38.93896409869194 53.023328602313995 23.457285299897194 434.72320975363255 94.96110337972641 61.823785096406937 82.490866899490356 259.83266478776932 11.079967498779295 74.077762052416801 374.91852295398712 21.498407363891602 189.18779246509075 1020.3467037975788 39.974776431918144 47.687042385339737 32.98815444111824 32.195789530873299 59.371618092060089 39.959274008870125
leaf_count=18652 505 134 51 275 77 2611 2481 1576 1235 775 589 483 425 314 402 97 66 81 235 85 645 67 94 90 81 262 125 92 121 73 93 65 372 114 94 147 319 43 79 376 40 217 933 42 69 84 75 88 69
internal_value=6.62739e-05 -0.00943736 -0.0152309 -0.0240694 -0.0361977 0.0345889 0.0238535 0.0329539 0.0463296 0.0419744 0.0468764 0.0528065 0.0465257 0.0497028 0.0417355 0.0538055 0.0267321 0.0557429 0.0342412 0.0531162 0.0569845 0.0286058 0.0521922 0.0354312 0.0577042 0.0555253 0.0504045 0.0402939 0.0505501 0.0584329 0.0539647 0.0396785 0.0575956 0.0516726 0.0492066 0.0519494 0.0532906 0.00368415 0.0500237 0.0547686 0.0373252 0.0521538 0.0590237 0.0524129 0.0536975 0.0326334 0.0463189 0.0441471 0.0461457
internal_weight=11305.7 8865.49 8034.12 6789.06 5418 2440.19 1371.06 1245.06 2126.21 1082.2 1056.01 1983.72 831.365 992.777 503.416 952.312 100.565 1925.74 161.745 988.034 851.747 88.998 782.3 75.8202 1764 899.036 457.07 149.147 133.896 1621.96 706.48 61.4152 649.78 133.9 142.034 407.456 342.324 27.5827 249.257 653.457 49.6138 278.538 1488.06 101.799 121.765 66.0153 127.492 91.5674 83.1321
internal_count=36118 29510 28081 24660 19762 6608 4898 3421 3997 2417 1845 2762 1429 1642 1110 1328 341 2279 437 1256 987 260 1004 184 1842 996 708 342 202 1625 820 132 634 187 217 591 466 128 362 727 117 351 1438 136 148 181 214 163 161
is_linear=0
shrinkage=0.05


Tree=20
num_leaves=33
num_cat=0
split_feature=3 5 6 13 16 10 24 7 19 12 20 28 11 17 4 25 0 1 29 15 1 22 31 18 29 18 15 31 18 15 1 21
split_gain=3496.43 987.098 802.967 689.384 680.342 631.01 603.512 565.555 505.446 433.403 397.951 388.324 332.125 310.903 28.8863 344.604 291.47 18.6558 7.34484 2.91666 2.64945 1.83718 1.68101 0.643296 0.503789 0.479046 0.557891 0.532623 0.462309 0.305359 0.146507 0.0063549
threshold=59.000000000000007 2.5000000000000004 1.0000000180025095e-35 1.0000000180025095e-35 1.0000000180025095e-35 1.0000000180025095e-35 1.0000000180025095e-35 1.0000000180025095e-35 1.0000000180025095e-35 1.0000000180025095e-35 1.0000000180025095e-35 1.0000000180025095e-35 1.0000000180025095e-35 1.0000000180025095e-35 1.0000000180025095e-35 1.0000000180025095e-35 1.5000000000000002 2.4500000476837163 1.0000000180025095e-35 1.0000000180025095e-35 2.4500000476837163 1.0000000180025095e-35 1.0000000180025095e-35 1.0000000180025095e-35 1.0000000180025095e-35 1.0000000180025095e-35 1.0000000180025095e-35 1.0000000180025095e-35 1.0000000180025095e-35 1.0000000180025095e-35 2.2500000000000004 1.0000000180025095e-35
decision_type=2 2 2 2 2 2 2 2 2 2 2 2 2 2 2 2 2 2 2 2 2 2 2 2 2 2 2 2 2 2 2 2
left_child=1 2 3 4 5 6 7 8 9 10 11 12 13 14 17 16 -16 19 21 22 31 28 23 -1 -22 26 27 -20 29 -19 -21 -18
right_child=-2 -3 -4 -5 -6 -7 -8 -9 -10 -11 -12 -13 -14 -15 15 -17 20 18 25 30 24 -23 -24 -25 -26 -27 -28 -29 -30 -31 -32 -33
leaf_value=-0.031227052834208336 0.064052054245746823 0.065523135233143792 0.068554795630448348 0.068175408099327053 0.066200197868026986 0.067559666989791531 0.069065698284020205 0.068662125612407823 0.071333899217459529 0.068310808143028215 0.075800887265859679 0.077914574879413903 0.071352862951767626 0.086882104429872153 0.069658833727735917 0.074434591349540336 -0.036789707046584297 -0.039957953362246022 -0.03122101951935401 -0.036442653488051972 -0.042004876870517294 -0.035684547245520358 -0.037840509404774486 -0.035055859615798275 -0.037851060892652194 -0.038688772942659107 -0.037301267872225624 -0.038847882155566268 -0.042756911060082947 -0.041750358683516064 -0.040380515099964202 -0.032530335830342552
leaf_weight=1164.7453810274601 1792.8575969487429 392.11473472416401 275.28339484333992 225.16016694903374 220.64792327582836 188.9511461853981 167.42303545773029 151.97397370636463 124.11355848610401 109.6257259696722 84.800198957324028 77.872389763593674 73.619300976395607 51.447811409831047 63.01079648733139 74.952514588832855 387.92081914842129 2167.6188852339983 327.87523318827152 271.91461728513241 829.63950863480568 232.47281102836132 138.4323391020298 163.79338790476322 143.4362520724535 62.876779988408089 84.786907941102982 34.56449382007122 397.34945732355118 634.62554630637169 91.682967618107796 40.876588419079781
leaf_count=2409 11361 2484 1754 1433 1397 1203 1068 968 794 698 550 509 470 351 401 484 493 3565 680 297 850 263 138 187 171 60 88 32 307 519 81 53
internal_value=4.32868e-05 -0.012096 -0.0154575 -0.0180929 -0.0203651 -0.0226585 -0.0247532 -0.0267243 -0.028579 -0.0301919 -0.0316171 -0.0328341 -0.0339988 -0.0350568 -0.0359206 -0.0298075 -0.0351647 -0.0375484 -0.0394967 -0.0333433 -0.0398995 -0.0403414 -0.0323031 -0.0317121 -0.0414123 -0.033779 -0.0330463 -0.0320009 -0.0406742 -0.0403713 -0.0374897 -0.036422
internal_weight=11248.5 9455.61 9063.49 8788.21 8563.05 8342.4 8153.45 7986.03 7834.05 7709.94 7600.31 7515.51 7437.64 7364.02 7312.58 1539.84 1464.88 5772.74 3942.17 1830.57 1401.87 3432.07 1466.97 1328.54 973.076 510.103 447.227 362.44 3199.59 2802.24 363.598 428.797
internal_count=36118 24757 22273 20519 19086 17689 16486 15418 14450 13656 12958 12408 11899 11429 11078 2452 1968 8626 5514 3112 1567 4654 2734 2596 1021 860 800 712 4391 4084 378 546
is_linear=0
shrinkage=0.05


Tree=21
num_leaves=21
num_cat=0
split_feature=15 5 18 3 31 22 14 27 6 24 7 10 17 28 12 11 5 0 0 26
split_gain=1707.59 1667.93 1465.26 1498.74 1190.34 1050.5 861.315 337.099 313.892 245.914 221.79 212.152 189.787 180.862 173.3 172.541 2.24262 35.2924 49.9606 17.2181
threshold=1.0000000180025095e-35 1.5000000000000002 1.0000000180025095e-35 59.000000000000007 1.0000000180025095e-35 1.0000000180025095e-35 1.0000000180025095e-35 1.0000000180025095e-35 1.0000000180025095e-35 1.0000000180025095e-35 1.0000000180025095e-35 1.0000000180025095e-35 1.0000000180025095e-35 1.0000000180025095e-35 1.0000000180025095e-35 1.0000000180025095e-35 1.0000000180025095e-35 2.5000000000000004 1.5000000000000002 1.0000000180025095e-35
decision_type=2 2 2 2 2 2 2 2 2 2 2 2 2 2 2 2 2 2 2 2
left_child=1 2 3 4 5 6 7 8 9 10 11 12 13 14 15 16 -1 18 -18 -19
right_child=-2 -3 -4 -5 -6 -7 -8 -9 -10 -11 -12 -13 -14 -15 -16 -17 17 19 -20 -21
leaf_value=0.06049323457130823 -0.043780385250871162 -0.043806440926888825 -0.043320809064519156 -0.043057814838408308 -0.043327180913078515 -0.043820372957234108 -0.043333579260083549 -0.043163061677202942 -0.043264716929410883 -0.043180309097437523 -0.043613615430402396 -0.042669415129005801 -0.057025715718137263 -0.048825597754212052 -0.043651399614546796 -0.048787748867941273 -0.045370884622862519 0.039532866091296859 0.060257297444335292 0.066015269473465629
leaf_weight=4137.9320607036352 1867.8430234342813 1295.6928974911571 879.2637230977416 719.96998336911201 469.78811936825514 354.94931086152792 262.35297678411007 95.93750836700201 85.920096643269062 65.306382067501545 56.880167081952095 54.175739966332912 36.136640071868896 39.373242370784283 40.969163089990616 36.334718771278858 19.571704342961311 79.240466646850109 24.854407630860806 324.12319460511208
leaf_count=5307 6529 5837 2866 6502 737 761 2329 853 759 577 491 490 242 289 350 264 153 207 38 415
internal_value=-0.000249384 0.00870849 0.0174532 0.0251959 0.0331453 0.0394359 0.0449537 0.0495021 0.051284 0.052941 0.0542398 0.0554055 0.0565312 0.0574098 0.058312 0.0592204 0.0600814 0.0562127 0.0137363 0.0608682
internal_weight=10946.6 9078.77 7783.08 6903.82 6183.85 5714.06 5359.11 5096.76 5000.82 4914.9 4849.59 4792.71 4738.54 4702.4 4663.03 4622.06 4585.72 447.79 44.4261 403.364
internal_count=35996 29467 23630 20764 14262 13525 12764 10435 9582 8823 8246 7755 7265 7023 6734 6384 6120 813 191 622
is_linear=0
shrinkage=0.05


Tree=22
num_leaves=50
num_cat=0
split_feature=15 31 18 5 22 16 5 19 3 3 3 14 3 14 27 0 0 5 5 5 3 3 26 0 5 26 18 1 1 1 1 2 0 26 22 4 1 26 18 4 26 3 1 0 1 0 26 1 2
split_gain=1281.47 1032.72 1230.98 1475.67 1285.98 808.733 622.295 473.441 439.767 252.372 210.099 204.061 148.849 145.906 137.048 28.7924 83.637 26.6022 72.0753 21.2262 20.181 75.4365 18.7635 14.3231 10.0886 6.04859 3.693 2.9473 2.86205 5.42733 2.73035 2.12598 2.10494 1.79306 1.68749 1.84536 1.67806 1.80611 1.61038 0.898619 0.87118 0.753385 0.466441 0.459765 0.458264 0.290527 0.289932 0.255159 0.210112
threshold=1.0000000180025095e-35 1.0000000180025095e-35 1.0000000180025095e-35 1.5000000000000002 1.0000000180025095e-35 1.0000000180025095e-35 2.5000000000000004 1.0000000180025095e-35 59.000000000000007 59.000000000000007 59.000000000000007 1.0000000180025095e-35 59.000000000000007 1.0000000180025095e-35 1.0000000180025095e-35 2.5000000000000004 1.5000000000000002 1.5000000000000002 2.5000000000000004 1.5000000000000002 57.000000000000007 59.000000000000007 1.0000000180025095e-35 6.5000000000000009 1.5000000000000002 1.0000000180025095e-35 1.0000000180025095e-35 3.0499999523162846 2.9500000476837163 1.8499999642372134 2.3500000238418584 1.0000000180025095e-35 11.000000000000002 1.0000000180025095e-35 1.0000000180025095e-35 1.0000000180025095e-35 1.5500000119209292 1.0000000180025095e-35 1.0000000180025095e-35 1.0000000180025095e-35 1.0000000180025095e-35 55.500000000000007 2.8500000238418584 3.5000000000000004 2.5499999523162846 7.5000000000000009 1.0000000180025095e-35 2.4500000476837163 1.0000000180025095e-35
decision_type=2 2 2 2 2 2 2 2 2 2 2 2 2 2 2 2 2 2 2 2 2 2 2 2 2 2 2 2 2 2 2 2 2 2 2 2 2 2 2 2 2 2 2 2 2 2 2 2 2
left_child=1 2 3 4 -1 8 9 10 11 13 19 17 24 15 20 16 -5 26 41 30 33 -22 28 27 38 -26 34 -21 29 -17 36 -31 -27 42 35 -2 -4 -38 39 44 -32 45 -6 -35 -3 -19 -28 -25 -30
right_child=5 12 7 6 14 -7 -8 -9 -10 -11 -12 -13 -14 -15 -16 22 -18 18 -20 23 21 -23 -24 47 25 32 46 -29 48 31 40 -33 -34 43 -36 -37 37 -39 -40 -41 -42 -43 -44 -45 -46 -47 -48 -49 -50
leaf_value=-0.043409563948024532 0.056128734863064945 0.049386184900799955 0.054886619577693745 -0.042701147196176847 0.03891054839471994 -0.044017252508447291 -0.043209682233525538 -0.043878084604071797 -0.042951033781265663 -0.042855549679973431 -0.042784366828027151 -0.043883073131644731 -0.042662182901522266 -0.045656216061316597 -0.04287907285668513 0.045487755458879085 0.056093162272657794 0.039259697343737736 -0.042834344777202174 -0.025294511021162942 0.054500118512497309 -0.043268034635857537 0.057690286033602801 0.043921206597302746 0.0075798988314131777 0.028775720254975587 0.040771159085650342 0.0095220677936311282 0.039017070330116262 0.00028841669375453879 0.050152338753477167 0.025964133205747739 0.050110215552764181 0.04941065310027612 0.044722955393832496 0.048819281655051339 0.035137259395917331 0.047514159596326301 0.041573143443048528 0.044242417490053088 0.055285254964330378 0.054525669935373958 0.049287576761716981 0.056597718290408938 0.053782958101628801 0.047984252082418528 0.048390979850521314 0.034282967319260171 0.046967415159662525
leaf_weight=4702.3653739094734 1402.9408642053604 190.22929745912552 60.652967408299446 30.585479348897934 32.361131459474564 300.13472229242325 279.60172343254089 178.32961069792509 136.24984886497259 83.605135269463062 64.874281093478203 56.001986049115658 46.375402480363846 40.074687205255032 45.468280173838139 26.693373560905457 68.765003278851509 39.987627506256104 25.886674672365189 11.31814429163933 69.630860581994057 27.027473665773869 707.79349775612354 23.524850353598595 20.260999590158463 25.788501799106598 44.183671116828918 12.111646637320517 41.506399944424629 14.251603126525877 192.87779232859612 18.097939074039459 26.409436896443367 66.526933655142784 50.141413494944572 125.01748448610306 49.833011731505394 123.43088695406914 55.311965867877007 58.124757319688797 477.11897973716259 42.384996831417084 53.577190741896629 222.08248244225979 410.89090286195278 49.527078315615654 98.484748736023903 37.442296087741852 51.868200570344925
leaf_count=18605 1334 237 61 272 62 2592 2499 1545 1229 754 585 477 418 319 405 51 68 81 227 73 73 232 630 40 81 69 83 51 92 64 243 52 34 88 77 174 109 172 96 92 437 47 73 201 408 71 137 88 88
internal_value=7.33581e-05 -0.00885611 -0.0145002 -0.0230849 -0.0351824 0.032634 0.0232387 0.0313719 0.0437515 0.040402 0.0441283 0.0498674 0.0440365 0.0473833 0.0396645 0.0512907 0.0256174 0.0526732 0.03284 0.0498521 0.0476665 0.0270803 0.0542392 0.0256444 0.0491691 0.0310075 0.0544817 -0.00747375 0.0380772 0.0289556 0.0520969 0.0148292 0.0399429 0.0529359 0.0552172 0.0555468 0.0469826 0.0440657 0.0509878 0.0517456 0.0538461 0.0477975 0.0456277 0.0550294 0.0524338 0.0443266 0.0461818 0.038329 0.04366
internal_weight=11017.7 8646.79 7813.4 6581.88 5219.04 2370.94 1362.84 1231.51 2070.81 1083.24 1053.18 1934.56 833.391 999.636 516.674 959.561 99.3505 1878.55 157.786 988.311 471.206 96.6583 860.211 84.3969 787.016 72.4589 1720.77 23.4298 152.418 59.0429 903.914 32.3495 52.1979 374.548 1578.1 1527.96 233.917 173.264 714.557 659.245 669.997 131.9 85.9383 288.609 601.12 89.5147 142.668 60.9671 93.3746
internal_count=35996 29467 28032 24628 19739 6529 4889 3404 3937 2390 1859 2708 1435 1636 1134 1317 340 2231 426 1274 729 305 977 252 1017 184 1805 124 347 167 1022 116 103 424 1585 1508 342 281 833 737 680 199 135 289 645 152 220 128 180
is_linear=0
shrinkage=0.05


Tree=23
num_leaves=21
num_cat=0
split_feature=3 14 27 5 13 16 24 10 7 19 12 28 20 11 5 25 0 31 18 22
split_gain=3115.33 1720.4 866.915 843.396 591.216 581.354 529.95 510.143 469.482 428.371 367.18 337.763 316.164 300.539 26.9029 289.77 248.772 0.524804 0.369305 0.0445315
threshold=59.000000000000007 1.0000000180025095e-35 1.0000000180025095e-35 2.5000000000000004 1.0000000180025095e-35 1.0000000180025095e-35 1.0000000180025095e-35 1.0000000180025095e-35 1.0000000180025095e-35 1.0000000180025095e-35 1.0000000180025095e-35 1.0000000180025095e-35 1.0000000180025095e-35 1.0000000180025095e-35 1.0000000180025095e-35 1.0000000180025095e-35 1.5000000000000002 1.0000000180025095e-35 1.0000000180025095e-35 1.0000000180025095e-35
decision_type=2 2 2 2 2 2 2 2 2 2 2 2 2 2 2 2 2 2 2 2
left_child=1 2 3 4 5 6 7 8 9 10 11 12 13 14 18 16 -16 -3 19 -1
right_child=-2 17 -4 -5 -6 -7 -8 -9 -10 -11 -12 -13 -14 -15 15 -17 -18 -19 -20 -21
leaf_value=-0.040555880755275178 0.060929617524519801 0.063335731372670803 0.064862541187244258 0.062495227915287291 0.065795036687347055 0.06324031915848094 0.066981805721569476 0.065269920935518908 0.066080640101764163 0.069068480446115521 0.066067690342977756 0.075341097050402595 0.075144747304936768 0.070805976656991412 0.067694023457997146 0.07428230268966364 -0.042190126580985123 0.074016147217066189 -0.042414975123859444 -0.04234906620088813
leaf_weight=4362.8432963043451 1768.9965795576572 668.90775693953037 305.84064777195454 292.49133984744549 179.07931208610535 177.88571059703827 143.31697063148022 137.61443498730659 120.15023849904537 100.11068914830685 88.53098301589489 66.823115408420563 61.570650681853294 62.144295185804367 53.190013393759727 59.706365421414375 1303.5427637696266 30.205039769411087 667.77110584080219 312.35302124917507
leaf_count=6392 11291 4261 1951 1861 1143 1129 916 880 767 639 565 433 398 396 338 385 1293 195 520 243
internal_value=0.000175286 -0.0115169 -0.0177228 -0.0208109 -0.0239003 -0.0259857 -0.0280949 -0.0299416 -0.031751 -0.0334021 -0.0348644 -0.0361548 -0.0372426 -0.0382624 -0.0392704 -0.0331073 -0.0378588 0.0638497 -0.040901 -0.0406802
internal_weight=10963.1 9194.08 8494.96 8189.12 7896.63 7717.55 7539.67 7396.35 7258.74 7138.59 7038.48 6949.94 6883.12 6821.55 6759.41 1416.44 1356.73 699.113 5342.97 4675.2
internal_count=35996 24705 20249 18298 16437 15294 14165 13249 12369 11602 10963 10398 9965 9567 9171 2016 1631 4456 7155 6635
is_linear=0
shrinkage=0.05


Tree=24
num_leaves=21
num_cat=0
split_feature=15 5 18 3 31 22 14 6 27 13 24 7 10 20 11 12 4 0 0 26
split_gain=1582.56 1552.54 1361.69 1364.73 1050.58 962.319 775.234 301.935 283.172 257.573 212.954 192.458 181.796 168.11 153.697 149.512 2.22782 30.7636 49.155 15.5376
threshold=1.0000000180025095e-35 1.5000000000000002 1.0000000180025095e-35 59.000000000000007 1.0000000180025095e-35 1.0000000180025095e-35 1.0000000180025095e-35 1.0000000180025095e-35 1.0000000180025095e-35 1.0000000180025095e-35 1.0000000180025095e-35 1.0000000180025095e-35 1.0000000180025095e-35 1.0000000180025095e-35 1.0000000180025095e-35 1.0000000180025095e-35 1.0000000180025095e-35 2.5000000000000004 1.5000000000000002 1.0000000180025095e-35
decision_type=2 2 2 2 2 2 2 2 2 2 2 2 2 2 2 2 2 2 2 2
left_child=1 2 3 4 5 6 7 8 9 10 11 12 13 14 15 16 -1 18 -18 -19
right_child=-2 -3 -4 -5 -6 -7 -8 -9 -10 -11 -12 -13 -14 -15 -16 -17 17 19 -20 -21
leaf_value=0.058065900581676433 -0.043060710840403686 -0.043094460570907413 -0.042661614422361084 -0.042356570380498969 -0.042661639548866204 -0.043121744824021008 -0.042601134261450575 -0.042942451047423918 -0.042415988319694148 -0.04369955533206344 -0.042411078108089729 -0.04285466694471949 -0.041915320373724807 -0.047691076445650092 -0.047541081575316418 -0.042805744898446879 -0.04439158891998151 0.038114508093818923 0.058211895071748815 0.063219975705427381
leaf_weight=4072.0792106091976 1800.7675285711884 1258.3064637109637 853.02766870707273 687.99475413560867 437.65178995579481 345.13543246686459 251.51337443292141 90.692373558878899 83.040080547332764 71.140820741653442 58.761481888592243 51.360123500227928 48.4071239605546 39.047056034207344 35.193402998149395 37.006787680089474 19.616692997515202 79.765900351107121 27.373543128371239 323.32980720698833
leaf_count=5076 6547 5901 2873 6478 716 767 2327 818 769 616 541 460 457 292 263 329 159 203 40 395
internal_value=-0.000332122 0.00834404 0.0168492 0.0243624 0.031926 0.0377238 0.0430037 0.0472821 0.0489407 0.0505048 0.0519078 0.0530831 0.05414 0.055148 0.0560271 0.0568317 0.0576517 0.053844 0.0153623 0.0583054
internal_weight=10671.2 8870.44 7612.14 6759.11 6071.12 5633.46 5288.33 5036.81 4946.12 4863.08 4791.94 4733.18 4681.82 4633.41 4594.37 4559.17 4522.17 450.086 46.9902 403.096
internal_count=36027 29480 23579 20706 14228 13512 12745 10418 9600 8831 8215 7674 7214 6757 6465 6202 5873 797 199 598
is_linear=0
shrinkage=0.05


Tree=25
num_leaves=64
num_cat=0
split_feature=15 18 5 22 5 3 19 3 14 3 14 5 3 24 3 0 0 14 5 26 4 0 0 6 24 13 18 10 26 7 26 12 22 20 4 1 3 2 0 1 0 0 0 26 1 26 1 3 3 0 0 3 0 0 1 1 1 1 0 3 0 3 0
split_gain=1159.71 938.879 1013.95 924.883 604.775 511.21 478.338 244.3 243.658 199.685 141.3 125.57 120.154 116.475 33.8752 30.9198 78.0748 20.0487 17.355 15.9753 10.5831 42.4846 11.4471 8.93991 6.14979 5.69896 5.60379 5.34108 4.83378 4.24239 4.13541 3.53797 3.38282 3.00688 2.88007 3.09483 6.19304 5.43438 3.65356 3.18317 3.88984 3.31158 2.65094 2.52804 2.98718 2.29112 2.26992 2.21253 3.22301 2.99308 2.91398 2.60767 2.46115 3.52229 2.85376 8.07683 3.1426 2.53881 2.25441 2.55689 2.19765 2.18948 1.95468
threshold=1.0000000180025095e-35 1.0000000180025095e-35 1.5000000000000002 1.0000000180025095e-35 2.5000000000000004 59.000000000000007 1.0000000180025095e-35 59.000000000000007 1.0000000180025095e-35 59.000000000000007 1.0000000180025095e-35 2.5000000000000004 59.000000000000007 1.0000000180025095e-35 59.000000000000007 2.5000000000000004 1.5000000000000002 1.0000000180025095e-35 1.5000000000000002 1.0000000180025095e-35 1.0000000180025095e-35 2.5000000000000004 1.5000000000000002 1.0000000180025095e-35 1.0000000180025095e-35 1.0000000180025095e-35 1.0000000180025095e-35 1.0000000180025095e-35 1.0000000180025095e-35 1.0000000180025095e-35 1.0000000180025095e-35 1.0000000180025095e-35 1.0000000180025095e-35 1.0000000180025095e-35 1.0000000180025095e-35 2.9500000476837163 47.000000000000007 1.0000000180025095e-35 4.5000000000000009 4.2500000000000009 15.000000000000002 19.000000000000004 3.5000000000000004 1.0000000180025095e-35 2.1499999761581425 1.0000000180025095e-35 4.1499998569488534 47.000000000000007 45.000000000000007 8.5000000000000018 2.5000000000000004 49.000000000000007 9.5000000000000018 22.000000000000004 1.7500000000000002 1.6500000357627871 1.9499999880790713 2.4500000476837163 1.5000000000000002 51.000000000000007 1.0000000180025095e-35 55.500000000000007 3.5000000000000004
decision_type=2 2 2 2 2 2 2 2 2 2 2 2 2 2 2 2 2 2 2 2 2 2 2 2 2 2 2 2 2 2 2 2 2 2 2 2 2 2 2 2 2 2 2 2 2 2 2 2 2 2 2 2 2 2 2 2 2 2 2 2 2 2 2
left_child=1 2 3 14 7 8 9 10 11 18 15 13 43 20 17 16 -4 23 45 -17 26 22 -22 24 25 27 32 29 -20 31 -23 33 -2 34 35 47 37 60 42 40 -39 -42 46 44 -5 -3 -38 48 -1 50 -50 -49 54 -54 55 -53 -56 -55 61 -60 -37 -58 -36
right_child=5 6 4 12 -6 -7 -8 -9 -10 -11 -12 -13 -14 -15 -16 19 -18 -19 28 -21 21 30 -24 -25 -26 -27 -28 -29 -30 -31 -32 -33 -34 -35 62 36 38 39 -40 -41 41 -43 -44 -45 -46 -47 -48 51 49 -51 -52 52 53 57 56 -57 58 -59 59 -61 -62 -63 -64
leaf_value=-0.028222333349108703 0.048339805688526145 0.045853855531388349 -0.042310879802018087 0.023555701233360288 -0.04287599641761386 -0.042279897719785131 -0.043599318894081529 -0.042168783078514675 -0.0427614049267677 -0.042089558697423007 -0.044972730176195519 -0.042374853657891245 -0.042452685649505148 -0.050093229935369445 -0.042347537404693672 0.037302535686672307 0.052512277651357131 -0.043397954624122 0.0080446805152108308 0.054817799156833574 -0.045571276120170423 0.029524501567885209 0.022365154543737529 -0.044152672841959124 -0.043364915667132714 -0.042726489230748219 0.037045278922558933 -0.042937311896291235 0.034105427171390479 -0.042425125388981577 0.045645703585688445 -0.042349560603849735 0.034011810982930983 -0.042769330094381143 -0.038739552648452982 -0.020034124925222441 -0.019599564496931201 -0.030051186132543591 -0.025691954718266879 -0.011133754334673883 -0.0037904473915236405 -0.026123834293637779 -0.0099522781263152379 0.04687844597127927 0.042245330045174202 0.051853172143299854 -0.030116820570540076 -0.037433388569690494 -0.016329945450946272 -0.011299790572854712 -0.036607888783338718 -0.030763154145036636 -0.035953008563706521 -0.030697375815235663 -0.039268365035897632 -0.0035826924391490775 -0.026221789236793781 -0.012614630578237408 -0.037007425635434542 -0.022740252079456846 -0.035711227592759735 -0.042310594276278347 -0.029766716755483393
leaf_weight=494.99965377897024 1484.7847253531218 270.63703696429729 31.585039615631104 29.631242528557777 285.97257137298584 214.73104599118233 186.34472139179707 86.483451470732689 87.866771101951599 64.79013179987669 41.460278518497944 42.704376094043255 42.79278689622879 32.037366531789303 646.29579918831587 163.61841167509556 66.877969309687614 267.41655618697405 23.872485764324665 745.87662002444267 17.962528079748154 53.415333889424801 8.9636917784810084 99.353747561573982 73.273609407246113 71.634042970836163 139.37298025935888 63.031436942517757 73.923855870962143 52.400352574884892 218.25051542371511 43.248043350875378 47.804100871086121 34.143599480390549 84.732595846056938 26.612210214138031 324.09786069393158 219.20637613534927 706.83161564171314 37.606835268437862 30.443273283541203 36.522565096616745 60.180012442171574 355.2281152382493 105.58965868502855 682.6107921153307 63.360633626580238 118.00730776041746 38.072395883500576 63.503223903477192 35.233363747596741 67.957485996186733 239.11236799508333 50.976363614201546 65.636593267321587 45.739745020866394 48.832158856093884 32.925020530819893 37.654310800135136 238.67391203343868 284.74630359560251 43.908782988786697 311.42116788029671
leaf_count=905 2020 378 290 88 2634 2023 1663 813 800 609 340 391 390 236 6088 361 69 2430 97 668 145 149 28 872 664 678 294 583 177 496 352 408 109 316 321 46 538 407 1232 57 44 70 90 521 192 675 117 234 64 104 68 120 441 91 124 63 94 52 72 400 537 83 606
internal_value=0.00011525 -0.0085544 -0.0157005 -0.0251363 0.0220614 0.0311833 0.0304712 0.0384216 0.0385866 0.0428549 0.04508 0.0420909 0.0375268 0.0439022 -0.0316177 0.0488046 0.0220347 -0.0300761 0.0481087 0.051689 0.0454427 0.0366012 -0.0229599 -0.0292317 -0.0288688 -0.0286026 0.0470103 -0.0283443 0.0278172 -0.0281053 0.042536 -0.0279066 0.0479041 -0.0277385 -0.0275981 -0.0271134 -0.0256424 -0.0296408 -0.0234308 -0.0250129 -0.0268142 -0.0160742 -0.0198357 0.0445414 0.0382517 0.0501748 -0.021356 -0.0287287 -0.0263248 -0.0193813 -0.0262582 -0.0302497 -0.0292559 -0.0328166 -0.0271307 -0.0198922 -0.0289989 -0.023718 -0.0271219 -0.0247477 -0.0344056 -0.0340252 -0.0317323
internal_weight=10763 8415.09 7112.91 5691.03 1421.87 2347.89 1302.18 1135.9 2133.16 1115.83 1049.42 2045.3 533.242 2002.59 5157.79 1007.96 98.463 4511.5 1051.04 909.495 1970.55 298.592 26.9262 4244.08 4144.73 4071.45 1671.96 3999.82 97.7963 3936.79 271.666 3884.39 1532.59 3841.14 3806.99 3410.84 1789.61 635.138 1154.47 323.779 286.172 66.9658 447.639 490.449 135.221 953.248 387.458 1621.23 631.809 136.809 73.3058 989.424 871.417 323.014 548.403 113.697 434.706 83.9014 369.069 276.328 311.359 92.7409 396.154
internal_count=36027 29480 25881 20706 5175 6547 3599 2541 4524 1936 1728 3724 1191 3333 19515 1388 359 13427 1327 1029 3097 674 173 10997 10125 9461 2423 8783 274 8200 501 7704 2129 7296 6980 6053 3138 1161 1977 578 521 114 745 801 280 1053 655 2915 1141 236 132 1774 1540 584 956 183 773 143 649 472 583 177 927
is_linear=0
shrinkage=0.05


Tree=26
num_leaves=22
num_cat=0
split_feature=3 14 5 27 6 16 24 10 7 19 12 20 28 17 11 4 0 26 5 31 15
split_gain=2809.2 1567.03 795.408 771.195 642.833 529.106 496.368 471.541 448.634 400.963 336.672 315.309 308.946 282.577 257.129 28.2161 250.328 36.7467 3.94006 0.622109 0.209256
threshold=59.000000000000007 1.0000000180025095e-35 2.5000000000000004 1.0000000180025095e-35 1.0000000180025095e-35 1.0000000180025095e-35 1.0000000180025095e-35 1.0000000180025095e-35 1.0000000180025095e-35 1.0000000180025095e-35 1.0000000180025095e-35 1.0000000180025095e-35 1.0000000180025095e-35 1.0000000180025095e-35 1.0000000180025095e-35 1.0000000180025095e-35 1.5000000000000002 1.0000000180025095e-35 1.5000000000000002 1.0000000180025095e-35 1.0000000180025095e-35
decision_type=2 2 2 2 2 2 2 2 2 2 2 2 2 2 2 2 2 2 2 2 2
left_child=1 2 3 4 5 6 7 8 9 10 11 12 13 14 15 -1 -17 18 -18 -3 -8
right_child=-2 19 -4 -5 -6 -7 20 -9 -10 -11 -12 -13 -14 -15 -16 16 17 -19 -20 -21 -22
leaf_value=-0.041344236635329996 0.058196410766941965 0.060465381651968367 0.059665135843644516 0.062520825742870392 0.065549345309662985 0.060399072005740941 0.06228583626487149 0.062987502204364623 0.063622965395699768 0.065886769873373469 0.063551535140714738 0.072377121414106613 0.072282683849395374 0.088634466863302896 0.067413049045888893 0.063978439717231633 -0.012802834368093536 -0.041954576329361344 -0.025734475332689157 0.071391740078031479 0.074741456242586352
leaf_weight=5101.762507557869 1747.3855590522289 665.61892846226692 323.16032336652279 270.98196838796139 198.1346889436245 174.23959270119667 125.26638323068619 134.74783436954021 121.89958013594151 100.62859070301056 86.103513032197952 66.367442384362221 63.855120480060577 43.407478392124176 56.163721844553947 62.755041986703873 100.62296059727669 1062.6614673137665 148.0216084420681 29.371001988649368 18.609654605388641
leaf_count=6831 11293 4279 2077 1741 1273 1114 805 868 783 643 553 427 411 297 357 400 262 1068 236 189 120
internal_value=0.000215265 -0.011102 -0.0171705 -0.0203028 -0.0232347 -0.0255947 -0.0276533 -0.0295052 -0.0312864 -0.0329695 -0.0344389 -0.0357018 -0.0367875 -0.0378522 -0.0386994 -0.0396249 -0.0332283 -0.0379029 -0.0205374 0.0609781 0.0641502
internal_weight=10701.8 8954.38 8259.39 7936.23 7665.25 7467.11 7292.87 7149 7014.25 6892.35 6791.72 6705.62 6639.25 6575.39 6531.99 6475.82 1374.06 1311.31 248.645 694.99 143.876
internal_count=36027 24734 20266 18189 16448 15175 14061 13136 12268 11485 10842 10289 9862 9451 9154 8797 1966 1566 498 4468 925
is_linear=0
shrinkage=0.05


Tree=27
num_leaves=18
num_cat=0
split_feature=15 5 18 3 31 22 14 6 27 13 24 17 10 7 20 4 26
split_gain=1471.57 1429.9 1235.68 1237.22 1024.59 869.502 710.453 276.379 255.363 241.862 190.885 179.054 169.455 160.528 153.187 3.15711 18.0985
threshold=1.0000000180025095e-35 1.5000000000000002 1.0000000180025095e-35 59.000000000000007 1.0000000180025095e-35 1.0000000180025095e-35 1.0000000180025095e-35 1.0000000180025095e-35 1.0000000180025095e-35 1.0000000180025095e-35 1.0000000180025095e-35 1.0000000180025095e-35 1.0000000180025095e-35 1.0000000180025095e-35 1.0000000180025095e-35 1.0000000180025095e-35 1.0000000180025095e-35
decision_type=2 2 2 2 2 2 2 2 2 2 2 2 2 2 2 2 2
left_child=1 2 3 4 5 6 7 8 9 10 11 12 13 14 15 -1 -17
right_child=-2 -3 -4 -5 -6 -7 -8 -9 -10 -11 -12 -13 -14 -15 -16 16 -18
leaf_value=0.055088830411415324 -0.042406491408945438 -0.042434572262914839 -0.042029295371726061 -0.041708393375184831 -0.04252050111169231 -0.042478573643778918 -0.041928553034516168 -0.042196264842906686 -0.041701589608564404 -0.043471004132080091 -0.041709278345895023 -0.056003205771329112 -0.041251018545197971 -0.042086646967149796 -0.046621395481174194 0.029723687454624417 0.055265854013501453
leaf_weight=4060.1243307068944 1727.3291302099824 1203.0416749343276 808.84979712963104 656.84785825759172 443.64088048785925 328.16732469946146 243.55189967900515 87.942635849118233 79.360583618283272 70.038281217217445 55.848648384213448 38.393833443522453 47.989322893321514 43.746442444622517 37.322539985179901 88.362977743148804 359.94634240120649
leaf_count=5405 6555 5856 2844 6459 723 765 2352 829 769 616 537 267 474 408 287 270 572
internal_value=-0.000277575 0.00813408 0.0163022 0.023409 0.0305592 0.0364138 0.0413842 0.0454715 0.0470551 0.0485262 0.0498924 0.0509908 0.0518826 0.0528608 0.0537791 0.0546153 0.0502701
internal_weight=10380.5 8653.18 7450.13 6641.28 5984.44 5540.8 5212.63 4969.08 4881.13 4801.77 4731.73 4675.89 4637.49 4589.5 4545.76 4508.43 448.309
internal_count=35988 29433 23577 20733 14274 13551 12786 10434 9605 8836 8220 7683 7416 6942 6534 6247 842
is_linear=0
shrinkage=0.05


Tree=28
num_leaves=58
num_cat=0
split_feature=15 31 18 5 21 16 5 19 3 3 3 14 3 25 3 14 27 5 5 0 0 5 0 5 0 1 0 26 3 1 18 26 18 3 4 1 3 3 1 3 0 1 1 0 1 1 4 0 26 0 1 1 1 1 1 26 1
split_gain=1041.29 924.896 1069.35 1253.48 737.307 684.179 506.252 392.454 350.931 205.237 172.781 167.561 125.374 120.502 91.3003 60.7708 49.4184 21.7689 58.3516 20.142 73.3073 14.102 8.61687 8.16816 6.10398 4.61861 4.06561 6.37148 3.86942 4.7408 3.09574 2.668 2.65535 2.37297 2.25694 2.06061 2.38342 1.89481 2.61211 1.53385 1.49716 1.48642 1.44315 1.07832 0.868195 1.32705 0.683041 0.574145 0.567906 0.522675 0.390203 0.321867 0.985396 0.288774 0.212934 0.203093 0.0986297
threshold=1.0000000180025095e-35 1.0000000180025095e-35 1.0000000180025095e-35 1.5000000000000002 1.0000000180025095e-35 1.0000000180025095e-35 2.5000000000000004 1.0000000180025095e-35 59.000000000000007 59.000000000000007 59.000000000000007 1.0000000180025095e-35 59.000000000000007 1.0000000180025095e-35 59.000000000000007 1.0000000180025095e-35 1.0000000180025095e-35 1.5000000000000002 2.5000000000000004 2.5000000000000004 1.5000000000000002 1.5000000000000002 4.5000000000000009 1.5000000000000002 6.5000000000000009 3.9500000476837163 3.5000000000000004 1.0000000180025095e-35 47.000000000000007 2.8500000238418584 1.0000000180025095e-35 1.0000000180025095e-35 1.0000000180025095e-35 55.500000000000007 1.0000000180025095e-35 3.0499999523162846 45.000000000000007 45.000000000000007 3.1499999761581425 49.000000000000007 5.5000000000000009 2.0499999523162846 2.4500000476837163 4.5000000000000009 2.3500000238418584 3.5499999523162846 1.0000000180025095e-35 7.5000000000000009 1.0000000180025095e-35 8.5000000000000018 3.1499999761581425 1.7500000000000002 2.3500000238418584 2.8500000238418584 3.7500000000000004 1.0000000180025095e-35 2.5499999523162846
decision_type=2 2 2 2 2 2 2 2 2 2 2 2 2 2 2 2 2 2 2 2 2 2 2 2 2 2 2 2 2 2 2 2 2 2 2 2 2 2 2 2 2 2 2 2 2 2 2 2 2 2 2 2 2 2 2 2 2
left_child=1 2 3 4 -1 8 9 10 11 13 21 17 23 19 15 16 25 30 43 20 -5 31 -23 32 -25 26 33 28 -28 -30 34 50 46 35 55 36 -6 -29 56 -27 -36 49 -33 -19 -24 -46 53 -43 -32 -21 51 -4 -53 -3 -52 -2 -39
right_child=5 12 7 6 14 -7 -8 -9 -10 -11 -12 -13 -14 -15 -16 -17 -18 18 -20 41 -22 22 44 24 -26 39 27 37 29 -31 48 42 -34 -35 40 -37 -38 38 -40 -41 -42 47 -44 -45 45 -47 -48 -49 -50 -51 54 52 -54 -55 -56 -57 -58
leaf_value=-0.042082807341986606 0.048969177085029625 0.047714071239550633 0.045529758249912122 -0.041259321975359531 0.025778812688609088 -0.042946803700033134 -0.041819504233694307 -0.042345117791188193 -0.041592414294708467 -0.041498131402369451 -0.04142351407812421 -0.042331646262867381 -0.041286066193225363 -0.047604757915066159 -0.041742468804479751 -0.047128896105262892 -0.041949666801568843 0.034161181233988584 -0.041388843819972258 0.04757238948308698 0.052141875196634116 -0.0018645452135711668 0.042478933916655692 0.0093899971962869803 0.039893911245517499 0.027474022239847795 0.026891368132067509 0.036637838834753654 -0.0081533018545251346 0.020893330646353118 0.035424589893493653 0.044942966608351342 0.036620318626145468 0.025585094393118697 0.033012600380990791 -0.00040232135651259519 0.0063232534166538165 0.029553293415894352 0.01886300348302386 0.041237769933454398 0.046493206579048596 0.046943146971056358 0.051021269241256939 0.045911206731509474 0.020107085940172034 0.037993768536338027 0.042539744307385274 0.051151605434331421 0.044168858236075394 0.039725594070425439 0.048357884844591581 0.029487951015955829 0.041686128396037921 0.051397642002079962 0.04093066736274445 0.051358700903557347 0.034792361514854472
leaf_weight=4146.286981575191 462.04628394544125 255.15756300091743 35.035963788628578 29.281286999583244 31.27130900323391 283.86541119217873 256.02156563848257 165.18232951313257 123.73937107622623 77.631523989140987 60.218988046050072 52.818199634552002 42.502443224191666 35.146690532565117 68.570766136050224 32.759152948856354 28.101889461278915 35.775314882397652 24.073932766914368 66.802711643278599 71.219006568193436 20.345103733241558 27.415403515100479 23.568582653999329 56.396767914295197 40.460885010659695 39.088281460106373 83.808451920747757 27.81977441161871 27.466844245791435 42.151918768882751 181.66149815917015 52.870509505271912 42.290535256266594 34.909722357988358 27.050438180565834 32.056985899806023 69.129571564495564 64.964986056089401 54.987742491066456 92.573427632451057 222.49239575862885 460.53645323216915 92.946836084127426 21.729321897029877 24.425131037831306 59.833622306585312 468.09977766871452 99.503235295414925 79.299564614892006 69.052667707204819 32.146655216813087 60.724318712949753 332.7242983430624 47.369397640228271 968.45568418502808 44.294065423309803
leaf_count=17687 506 306 46 284 46 2607 2491 1557 1215 762 591 488 417 275 661 268 260 80 229 87 68 103 44 96 97 63 59 94 63 58 83 232 95 65 73 59 63 89 83 60 116 290 408 119 66 47 94 482 138 140 75 74 89 323 70 901 46
internal_value=7.90631e-05 -0.00828272 -0.0138958 -0.0223168 -0.0340016 0.0297033 0.0211661 0.0291584 0.0398754 0.0365369 0.0405229 0.045176 0.0419728 0.0427853 0.0129155 0.0187491 0.0223064 0.0476818 0.0294357 0.0461987 0.0248594 0.0455746 0.0269122 0.0465299 0.0310176 0.025428 0.0234137 0.0262077 0.014946 0.00633523 0.049313 0.0475353 0.0482771 0.015834 0.0499915 0.0111556 0.016057 0.030225 0.0271182 0.0355769 0.0429451 0.0487455 0.0493382 0.0427904 0.0348291 0.0298785 0.0491997 0.0498307 0.0417006 0.0434634 0.0427056 0.0399732 0.0376443 0.0498408 0.0455239 0.0506043 0.031743
internal_weight=10508.2 8195.3 7372.25 6166.4 4860.41 2312.86 1305.99 1205.84 2028.99 1049.97 1040.66 1905.25 823.054 972.341 714.122 645.551 612.792 1852.44 152.796 937.195 100.5 980.442 93.915 780.551 79.9654 584.69 489.241 356.572 94.3749 55.2866 1699.64 886.527 700.586 132.669 1557.99 90.3787 63.3283 262.197 178.389 95.4486 127.483 836.694 642.198 128.722 73.5699 46.1545 647.715 690.592 141.655 146.102 244.329 127.907 92.871 587.882 116.422 1430.5 113.424
internal_count=35988 29433 28005 24603 19724 6555 4879 3402 3948 2388 1845 2733 1428 1626 2037 1376 1108 2245 428 1351 352 1254 260 1011 193 848 725 492 180 121 1817 994 818 233 1596 168 109 312 218 123 189 999 640 199 157 113 723 772 221 227 354 209 163 629 145 1407 135
is_linear=0
shrinkage=0.05


Tree=29
num_leaves=24
num_cat=0
split_feature=3 14 27 5 13 16 10 24 7 19 12 28 20 17 11 4 0 5 31 18 18 31 15
split_gain=2535.28 1437.92 725.087 706.432 537.26 501.198 454.024 437.32 410.503 358.184 313.333 297.746 282.953 267.089 248.538 27.5215 230.037 1.01441 0.38311 0.0783137 0.0755861 0.0645195 0.0194738
threshold=59.000000000000007 1.0000000180025095e-35 1.0000000180025095e-35 2.5000000000000004 1.0000000180025095e-35 1.0000000180025095e-35 1.0000000180025095e-35 1.0000000180025095e-35 1.0000000180025095e-35 1.0000000180025095e-35 1.0000000180025095e-35 1.0000000180025095e-35 1.0000000180025095e-35 1.0000000180025095e-35 1.0000000180025095e-35 1.0000000180025095e-35 1.5000000000000002 1.5000000000000002 1.0000000180025095e-35 1.0000000180025095e-35 1.0000000180025095e-35 1.0000000180025095e-35 1.0000000180025095e-35
decision_type=2 2 2 2 2 2 2 2 2 2 2 2 2 2 2 2 2 2 2 2 2 2 2
left_child=1 2 3 4 5 6 7 8 9 10 11 12 13 14 15 20 -17 21 19 -3 -1 -18 -11
right_child=-2 18 -4 -5 -6 -7 -8 -9 -10 22 -12 -13 -14 -15 -16 16 17 -19 -20 -21 -22 -23 -24
leaf_value=-0.040241397569641263 0.055813060492783076 0.057340037932523846 0.060008073078977403 0.05717315581220709 0.06293585799162052 0.058627252184021456 0.06047960246710668 0.06147227187553217 0.061266955157037867 0.060716459063147543 0.06115976271451154 0.069514333378668788 0.068967826419905134 0.085713644687242393 0.064481370915657685 0.060764731302339628 -0.034506987402089344 -0.038197411704794154 0.067658361942183401 0.062687718302380943 -0.041602344438438382 -0.038730513672309924 0.074327718626764391
leaf_weight=4312.4346871972084 1711.6808084696531 588.37562265992165 296.05492188036442 287.48927785456181 178.50806255638599 175.38764770328999 145.38469263911247 131.55273354053497 119.49606770277023 85.841458261013031 85.886732742190361 67.340406820178032 63.332813262939453 43.668937653303146 58.489256665110588 62.85741613805294 457.16474451124668 758.92127145826817 29.211727678775787 73.293189957737923 620.64731341600418 47.237247675657272 11.887205511331556
leaf_count=6416 11253 3838 1922 1874 1152 1131 947 852 775 551 557 433 406 295 373 404 786 739 187 475 501 44 77
internal_value=0.000196939 -0.0107472 -0.0167181 -0.0196667 -0.0226451 -0.0247572 -0.0268291 -0.0286658 -0.0304153 -0.0320608 -0.033474 -0.0347306 -0.0358285 -0.0368772 -0.0377313 -0.0386914 -0.0322606 -0.0369114 0.0584372 0.0579793 -0.0404168 -0.0349405 0.062742
internal_weight=10412.1 8700.46 8009.58 7713.53 7426.04 7247.53 7072.14 6926.76 6795.21 6675.71 6577.98 6492.09 6424.75 6361.42 6317.75 6259.26 1326.18 1263.32 690.881 661.669 4933.08 504.402 97.7287
internal_count=35988 24735 20235 18313 16439 15287 14156 13209 12357 11582 10954 10397 9964 9558 9263 8890 1973 1569 4500 4313 6917 830 628
is_linear=0
shrinkage=0.05


Tree=30
num_leaves=20
num_cat=0
split_feature=15 5 18 3 31 22 14 6 27 13 7 17 28 10 20 12 26 5 0
split_gain=1373.86 1334.31 1139.46 1138.11 929.117 806.111 637.479 256.725 233.016 211.922 169.556 161.589 157.375 147.621 139.948 130.856 5.85388 23.0225 0.931428
threshold=1.0000000180025095e-35 1.5000000000000002 1.0000000180025095e-35 59.000000000000007 1.0000000180025095e-35 1.0000000180025095e-35 1.0000000180025095e-35 1.0000000180025095e-35 1.0000000180025095e-35 1.0000000180025095e-35 1.0000000180025095e-35 1.0000000180025095e-35 1.0000000180025095e-35 1.0000000180025095e-35 1.0000000180025095e-35 1.0000000180025095e-35 1.0000000180025095e-35 1.0000000180025095e-35 1.5000000000000002
decision_type=2 2 2 2 2 2 2 2 2 2 2 2 2 2 2 2 2 2 2
left_child=1 2 3 4 5 6 7 8 9 10 11 12 13 14 15 16 17 -1 -18
right_child=-2 -3 -4 -5 -6 -7 -8 -9 -10 -11 -12 -13 -14 -15 -16 -17 18 -19 -20
leaf_value=0.051979284949676269 -0.041807980797506167 -0.041836116350091462 -0.041459060083606558 -0.041110704084630828 -0.041914533088075162 -0.042010943427074322 -0.041307954388786483 -0.041928818439603215 -0.041068541169428388 -0.042665120388791604 -0.041354128004798971 -0.05394449298675752 -0.047499774501380584 -0.040577786603693926 -0.045295309301325609 -0.042099180998172357 0.051924470871363274 0.025597455547336403 0.054902692356352506
leaf_weight=1319.6100443899632 1671.2636898085475 1165.8497079759836 776.24391610175371 631.83757565915585 422.22063950449228 319.06424559652805 230.64001965522766 85.646892666816711 76.623015128076077 65.170606605708599 52.281851314008236 37.498137213289738 40.8627048432827 43.59220340102911 36.663593403995037 36.050025165081024 518.44759570807219 89.793845601379871 2484.7988496497273
leaf_count=1945 6523 5886 2835 6498 719 751 2328 825 777 598 515 267 317 452 296 334 738 292 3105
internal_value=-0.000400125 0.00780824 0.015775 0.0226224 0.0294983 0.0350476 0.0398555 0.0436898 0.0452213 0.0466249 0.0478781 0.0488951 0.0497448 0.0506273 0.0515181 0.052321 0.0530971 0.0503082 0.0543973
internal_weight=10104.2 8432.9 7267.05 6490.8 5858.96 5436.74 5117.68 4887.04 4801.39 4724.77 4659.6 4607.32 4569.82 4528.96 4485.36 4448.7 4412.65 1409.4 3003.25
internal_count=36001 29478 23592 20757 14259 13540 12789 10461 9636 8859 8261 7746 7479 7162 6710 6414 6080 2237 3843
is_linear=0
shrinkage=0.05


Tree=31
num_leaves=64
num_cat=0
split_feature=15 31 18 22 16 3 3 14 14 27 3 25 0 3 14 6 27 3 3 24 13 10 7 2 8 26 18 1 1 1 0 0 0 0 0 0 0 3 0 1 1 1 0 1 0 0 3 0 1 1 1 1 3 0 3 3 26 1 3 0 26 3 1
split_gain=976.488 824.975 977.81 759.719 620.983 316.836 226.928 147.947 139.523 127.531 115.56 85.0375 88.4223 80.022 42.2007 20.6466 18.0648 17.7265 62.5696 15.9163 13.8947 12.7189 11.5552 10.7991 9.38998 6.83953 6.1104 5.31208 4.48928 5.52398 9.59469 4.08484 4.04142 3.60481 8.96835 5.24972 10.3999 4.73202 3.06765 3.31829 4.27428 3.901 3.19109 6.22764 4.18647 4.27024 3.82314 3.0731 3.03604 4.03807 3.02012 2.91615 2.74708 2.96094 4.68943 3.20435 2.57981 2.54911 3.01995 2.51654 2.49975 2.48664 2.29219
threshold=1.0000000180025095e-35 1.0000000180025095e-35 1.0000000180025095e-35 1.0000000180025095e-35 1.0000000180025095e-35 59.000000000000007 59.000000000000007 1.0000000180025095e-35 1.0000000180025095e-35 1.0000000180025095e-35 59.000000000000007 1.0000000180025095e-35 1.5000000000000002 59.000000000000007 1.0000000180025095e-35 1.0000000180025095e-35 1.0000000180025095e-35 57.000000000000007 59.000000000000007 1.0000000180025095e-35 1.0000000180025095e-35 1.0000000180025095e-35 1.0000000180025095e-35 1.0000000180025095e-35 1.0000000180025095e-35 1.0000000180025095e-35 1.0000000180025095e-35 3.0499999523162846 3.0499999523162846 1.8499999642372134 3.5000000000000004 13.000000000000002 17.000000000000004 8.5000000000000018 7.5000000000000009 4.5000000000000009 3.5000000000000004 54.500000000000007 19.000000000000004 3.9500000476837163 3.5499999523162846 3.6499999761581425 2.5000000000000004 2.5499999523162846 5.5000000000000009 4.5000000000000009 53.000000000000007 8.5000000000000018 2.2500000000000004 2.5499999523162846 3.8500000238418584 2.0499999523162846 49.000000000000007 17.000000000000004 45.000000000000007 43.000000000000007 1.0000000180025095e-35 2.2500000000000004 53.000000000000007 8.5000000000000018 1.0000000180025095e-35 47.000000000000007 3.7500000000000004
decision_type=2 2 2 2 2 2 2 2 2 2 2 2 2 2 2 2 2 2 2 2 2 2 2 2 2 2 2 2 2 2 2 2 2 2 2 2 2 2 2 2 2 2 2 2 2 2 2 2 2 2 2 2 2 2 2 2 2 2 2 2 2 2 2
left_child=1 2 3 11 5 7 8 26 25 17 60 12 -1 14 15 16 19 -5 -19 20 21 22 23 24 38 -4 56 -26 29 30 -25 33 50 34 35 36 62 -37 39 40 42 -42 43 -14 45 46 61 -43 -40 -50 -33 59 53 54 -53 -55 -2 58 -46 -31 -3 -44 -30
right_child=4 10 6 9 -6 -7 -8 -9 -10 -11 -12 -13 13 -15 -16 -17 -18 18 -20 -21 -22 -23 -24 28 27 -27 -28 -29 31 51 -32 32 -34 -35 -36 37 -38 -39 48 -41 41 47 44 -45 57 -47 -48 -49 49 -51 -52 52 -54 55 -56 -57 -58 -59 -60 -61 -62 -63 -64
leaf_value=-0.041355812129687364 0.043426798329714376 0.039648121189082071 0.032258479560051033 0.045750957865969034 -0.042220800098186295 -0.040988284578762461 -0.040949436365147078 -0.04163834233961658 -0.048435495443608811 -0.041788007829060822 -0.040688570900716071 -0.041649169582977395 0.0046167316732389531 -0.041091544284500708 -0.041791837557695305 -0.044147398023155926 -0.043121393187590312 0.045925563242441791 -0.041045775446906102 -0.042109312590742715 -0.043206815376700333 -0.042637299018382827 -0.042333640939410264 0.012015696254329826 -0.01464705347078394 0.041472062007641662 0.035559789927313644 0.008426135184318978 -0.023275210939638257 -0.016801633749285564 -0.013784844680846842 0.010903857486637001 -0.0087524638921508049 -0.018439872088189611 0.0079718429574284801 -0.015659005601985739 0.012127181985378406 -0.041009796292901655 -0.036915641024370588 -0.024848171577046777 0.0024644032474031856 -0.021044443587757016 -0.023586422675474651 -0.024515570434495211 -0.0081676743849529426 -0.041140882687732 -0.033707839457551868 -0.0055154542562219269 -0.0030261926423750109 -0.024952465212916986 -0.0071028035671726331 -0.021607383109342702 -0.019000517758387247 0.0083588618072410852 -0.0044283633943375377 -0.013490734054843301 0.04797521569311957 -0.020173775521186779 -0.020974169579241579 -0.035657494936210642 0.04630732007697741 -0.007543956778423587 -0.0090040686118286039
leaf_weight=671.47424117475748 525.07516288757324 234.39873449504375 293.69220473617315 409.61906979978085 269.28011434525251 117.54550758749247 107.80130813270807 49.372445084154606 47.481218561530113 50.657590083777905 41.819803901016712 873.67919227480888 40.372033521533012 467.32420159131289 191.80483005195856 71.608388692140579 64.739446058869362 75.878597624599934 27.920586988329887 59.141075626015663 45.804113261401653 42.377901092171669 38.235294163227081 48.551239892840385 49.321725182235241 737.16430652886629 144.9997521713376 49.495956614613533 51.660454869270325 37.337353333830833 135.802500218153 60.048697166144848 170.36814143508673 144.34491389244795 63.017466023564339 78.189819857478142 47.952132359147072 24.160545237362385 41.801587469875813 155.39472911506891 47.035666160285473 73.277127169072628 53.235873103141785 32.924751736223698 129.34184666723013 37.713607214391232 47.602016240358353 56.89484915137291 24.996410422027111 135.8771877810359 37.402799516916275 104.03829753398895 270.60703279078007 33.14613714069128 64.57549936324358 33.00165031850338 1185.6563254520297 292.69498869776726 72.020815685391426 36.314730159938335 532.44601106643677 45.105728313326836 63.4223822504282
leaf_count=3651 719 376 693 514 2584 1207 1109 476 381 493 429 4357 61 4809 1890 656 619 94 274 578 441 414 380 68 90 1210 276 78 108 67 273 85 297 280 96 160 66 59 96 326 78 141 117 62 227 98 104 103 39 279 66 221 521 45 108 59 1261 576 145 86 628 79 118
internal_value=0.00029166 -0.00797585 -0.0133792 -0.0216058 0.0290516 0.0385483 0.0280825 0.0434652 0.0349994 0.0335947 0.0398815 -0.0273583 -0.0246049 -0.0216935 -0.0190238 -0.0176575 -0.0170463 0.0410659 0.0224468 -0.0164904 -0.015981 -0.0155539 -0.0151546 -0.0147876 -0.0179763 0.038864 0.04574 -0.00310588 -0.0118459 -0.0145401 -0.00697592 -0.00906076 -0.00411643 -0.0118545 -0.00893637 -0.0129588 -0.00735023 -0.0218135 -0.019117 -0.0180404 -0.016888 -0.00985895 -0.0185389 -0.00854687 -0.0196125 -0.0260921 -0.0220761 -0.0143042 -0.0248145 -0.0215655 0.00399175 -0.0169404 -0.0155552 -0.0115518 -0.0150607 -0.0025615 0.0465923 -0.0171798 -0.0127887 -0.0262764 0.044299 -0.0163037 -0.0154833
internal_weight=10266 7974.12 7165.45 5979.31 2291.93 2022.65 1186.14 1905.1 1078.34 564.076 808.665 5415.24 4541.56 3870.08 3402.76 3210.95 3139.35 513.418 103.799 3074.61 3015.47 2969.66 2927.28 2889.05 1385.11 1030.86 1855.73 98.8177 1503.94 763.374 184.354 740.567 267.82 472.748 328.403 265.385 163.035 102.35 1286.29 1083.61 928.219 177.208 751.012 73.2968 677.715 183.657 145.944 130.172 202.675 160.874 97.4515 579.021 505.369 234.762 168.614 66.1478 1710.73 494.058 201.363 73.6521 766.845 98.3416 115.083
internal_count=36001 29478 28045 24652 6523 3939 3393 2732 2284 1375 1433 23277 18920 15269 10460 8570 7914 882 368 7295 6717 6276 5862 5482 2699 1903 2256 168 2783 1448 341 1335 448 887 607 511 292 219 2531 2117 1791 322 1469 123 1346 398 300 244 414 318 151 1107 954 433 329 104 1980 948 372 153 1004 196 226
is_linear=0
shrinkage=0.05


Tree=32
num_leaves=24
num_cat=0
split_feature=3 14 27 5 6 13 16 24 10 7 19 12 28 17 11 4 25 0 0 31 18 15 15
split_gain=2313.78 1302.44 673.514 650.916 583.314 483.381 443.893 410.709 394.018 379.738 326.172 289.258 275.089 248.813 231.932 26.9655 269.428 197.078 0.907943 0.426049 0.183098 0.0793431 0.031736
threshold=59.000000000000007 1.0000000180025095e-35 1.0000000180025095e-35 2.5000000000000004 1.0000000180025095e-35 1.0000000180025095e-35 1.0000000180025095e-35 1.0000000180025095e-35 1.0000000180025095e-35 1.0000000180025095e-35 1.0000000180025095e-35 1.0000000180025095e-35 1.0000000180025095e-35 1.0000000180025095e-35 1.0000000180025095e-35 1.0000000180025095e-35 1.0000000180025095e-35 1.5000000000000002 1.5000000000000002 1.0000000180025095e-35 1.0000000180025095e-35 1.0000000180025095e-35 1.0000000180025095e-35
decision_type=2 2 2 2 2 2 2 2 2 2 2 2 2 2 2 2 2 2 2 2 2 2 2
left_child=1 2 3 4 5 6 7 8 9 10 11 12 13 14 15 -1 17 -17 -18 20 -3 -12 -9
right_child=-2 19 -4 -5 -6 -7 -8 22 -10 -11 21 -13 -14 -15 -16 16 18 -19 -20 -21 -22 -23 -24
leaf_value=-0.040692499554860116 0.053716989781349228 0.055183698552276166 0.058036629847334292 0.055053337255230921 0.062598371182475993 0.061247136203045428 0.05636136596138891 0.057658467227406807 0.058728916004448184 0.059265396046592492 0.058523317390565113 0.06008025157200169 0.068901061888736195 0.079969057823949405 0.063277521015247432 0.059753867414807531 0.054198120164395062 -0.04157606435688517 0.076581096118600533 0.065460453413101777 0.060818148561006216 0.07271670889602147 0.068390311307165969
leaf_weight=4723.7624896764755 1678.7740735262632 569.67310409247875 292.89444313943386 283.58925497531891 197.20488047599792 160.16709066927433 157.46470595896244 111.8941952586174 121.82507349550724 111.86328409612179 79.254748210310936 78.793173968791962 61.349601775407791 44.581458061933517 55.583515092730522 49.595893666148186 11.806767359375952 1177.7894612103701 46.076287522912025 29.571647554636002 70.97727008163929 11.016442343592642 18.091175973415375
leaf_count=6667 11274 3784 1930 1883 1289 1043 1030 738 805 735 514 514 393 295 355 320 78 1215 298 190 465 71 115
internal_value=0.000103389 -0.010532 -0.0162841 -0.0191896 -0.0221101 -0.0244937 -0.0264997 -0.0284502 -0.0301919 -0.0318755 -0.0334882 -0.0348527 -0.0360697 -0.0371294 -0.0379967 -0.0389387 -0.0324797 -0.0374589 0.0725188 0.0563272 0.0558549 0.0606464 0.0594084
internal_weight=10143.6 8464.83 7794.6 7501.71 7218.12 7020.92 6860.75 6703.28 6573.3 6451.47 6339.61 6249.34 6170.55 6109.2 6064.61 6009.03 1285.27 1227.39 57.8831 670.222 640.65 90.2712 129.985
internal_count=36001 24727 20288 18358 16475 15186 14143 13113 12260 11455 10720 10135 9621 9228 8933 8578 1911 1535 376 4439 4249 585 853
is_linear=0
shrinkage=0.05


Tree=33
num_leaves=64
num_cat=0
split_feature=5 18 3 31 22 14 6 27 13 24 16 17 7 20 28 12 1 1 3 3 26 8 3 3 3 3 1 1 1 26 3 1 1 1 1 8 1 1 3 1 3 1 1 1 1 1 1 3 1 1 3 1 1 1 3 3 1 1 1 3 3 1 1
split_gain=1021.29 846.683 880.477 658.29 566.015 472.121 185.049 168.858 152.672 130.827 118.96 107.478 103.995 100.327 97.2916 87.0077 3.37723 3.63589 2.23091 3.05229 1.67565 2.55295 1.52938 1.0425 1.03079 0.957116 1.62977 0.953575 0.884314 1.92163 1.60036 1.42551 0.664942 1.46215 0.932992 0.620856 0.50963 0.764708 0.413194 1.78718 1.02478 1.27552 0.727831 0.584282 0.466102 2.58064 0.382418 0.418685 0.37186 0.980801 1.3836 0.908117 0.426403 0.562781 0.5885 0.413219 0.359478 0.321645 0.317795 0.900651 0.302413 0.297174 0.956585
threshold=1.5000000000000002 1.0000000180025095e-35 59.000000000000007 1.0000000180025095e-35 1.0000000180025095e-35 1.0000000180025095e-35 1.0000000180025095e-35 1.0000000180025095e-35 1.0000000180025095e-35 1.0000000180025095e-35 1.0000000180025095e-35 1.0000000180025095e-35 1.0000000180025095e-35 1.0000000180025095e-35 1.0000000180025095e-35 1.0000000180025095e-35 3.9500000476837163 2.2500000000000004 57.000000000000007 43.000000000000007 1.0000000180025095e-35 1.0000000180025095e-35 57.000000000000007 45.000000000000007 54.500000000000007 57.000000000000007 2.8500000238418584 2.5499999523162846 1.7500000000000002 1.0000000180025095e-35 53.000000000000007 1.6500000357627871 3.2500000000000004 3.7500000000000004 3.8500000238418584 1.0000000180025095e-35 2.7500000000000004 2.8500000238418584 41.000000000000007 3.7500000000000004 47.000000000000007 2.4500000476837163 2.7500000000000004 3.1499999761581425 3.6499999761581425 3.4500000476837163 1.4499999880790713 49.000000000000007 3.4500000476837163 3.6499999761581425 49.000000000000007 2.3500000238418584 3.2500000000000004 3.1499999761581425 41.000000000000007 51.000000000000007 2.9500000476837163 3.6499999761581425 2.7500000000000004 51.000000000000007 49.000000000000007 2.0499999523162846 1.9499999880790713
decision_type=2 2 2 2 2 2 2 2 2 2 2 2 2 2 2 2 2 2 2 2 2 2 2 2 2 2 2 2 2 2 2 2 2 2 2 2 2 2 2 2 2 2 2 2 2 2 2 2 2 2 2 2 2 2 2 2 2 2 2 2 2 2 2
left_child=1 2 3 4 5 6 7 8 9 10 11 12 13 14 15 16 17 18 19 -1 21 25 35 -21 38 48 -27 -26 31 -30 61 46 36 57 -35 -18 -29 -38 39 42 -40 -42 -22 -44 45 -43 -25 -48 51 50 -50 -19 53 54 -53 -51 -39 -34 -56 -60 -54 62 -31
right_child=-2 -3 -4 -5 -6 -7 -8 -9 -10 -11 -12 -13 -14 -15 -16 -17 22 20 -20 23 24 -23 -24 28 27 26 -28 32 29 30 -32 -33 33 34 -36 -37 37 56 40 -41 41 44 43 -45 -46 -47 47 -49 49 55 -52 52 60 -55 58 -57 -58 -59 59 -61 -62 -63 -64
leaf_value=0.04071223179001035 -0.041380516926849041 -0.04095444346666853 -0.040557680129036822 -0.041304528011640806 -0.041347276309450821 -0.040699770822161835 -0.04104317933209839 -0.040332269887285353 -0.041511455842675182 -0.040683852919732089 -0.039548730661696577 -0.051046799770486019 -0.040434542082251508 -0.044661905682808388 -0.046092198724666439 -0.041041987367074012 0.039760167319202011 0.024362227685858506 0.042209056835042662 0.028924236828159557 0.039427393258221324 0.021998876796299128 0.033231813692802016 0.029631278551644213 0.027868355830609582 0.027709694479288494 0.040402440461256531 0.031504813671754749 0.041964045378689495 0.039362314346844667 0.029583179780475855 0.026443910621457862 0.030560640061544832 0.043302916227461991 0.031683564799800105 0.032140877614937995 0.043895683909760896 0.02972195844826124 0.037945188447746039 0.022855084292541482 0.027765800884071073 0.036078754453515771 0.029366286201681538 0.035511195794297894 0.038926455036769503 0.025646351762071324 0.031743357806694045 0.038780091874010096 0.031604470582428872 0.029687683853945636 0.018785634347567345 0.038670942026336239 0.041697872897840216 0.027043694394819896 0.034073233636498272 0.036176398161201904 0.036975335715829061 0.025070355107338557 0.026183004746154866 0.035063680155146014 0.03285255323518025 0.041178243236636811 0.028246770151191505
leaf_weight=278.61122849583626 1312.133266851306 861.25535864382982 737.56999808549881 453.07220927625895 343.77602365612984 264.62293612957001 96.308151565492153 86.828634940087795 73.726634778082371 63.018178440630436 57.825689472258091 37.982127860188484 47.526523932814598 40.286152176558971 37.104112669825554 37.236400328576565 649.99288579821587 37.132306560873985 194.56013555824757 94.848594285547733 79.485926121473312 65.217990472912788 148.92318771779537 43.401446640491486 104.08652983605862 41.374508008360863 99.010494388639927 80.238223649561405 132.47583429515362 60.843044362962246 124.49810569733381 78.653926625847816 146.29062936455011 41.34889704734087 47.689488127827644 42.168752022087574 44.164199620485306 38.632018245756626 463.72306164354086 39.613022297620773 73.676426351070404 414.4682926312089 91.464240677654743 124.92665857076645 110.81251165270805 76.202924489974976 52.774937428534031 97.29924388974905 45.089946210384369 91.923676945269108 45.852079302072525 58.180596612393856 37.385712370276451 56.03836952149868 170.95127288252115 61.067428380250931 108.63266433775425 55.810071609914303 82.510385632514954 57.710573971271515 36.180546976625919 64.437329798936844 39.807315647602081
leaf_count=387 7166 3456 7949 869 935 2808 996 942 743 665 666 291 509 342 304 378 870 50 255 120 109 82 196 55 135 55 134 101 180 82 150 96 192 56 63 56 57 50 623 46 94 539 121 166 148 95 66 133 54 125 62 87 51 74 230 85 150 66 115 81 51 83 49
internal_value=-0.000342812 0.00601788 0.0113383 0.0169129 0.0210266 0.0245607 0.0275373 0.0286972 0.0297663 0.0307166 0.0315401 0.0323006 0.0328924 0.0335481 0.0341463 0.0347158 0.035259 0.0346793 0.0370135 0.0360474 0.0337313 0.0319082 0.038262 0.0343756 0.0345627 0.0325981 0.0367732 0.0327452 0.035099 0.0366934 0.034214 0.0325635 0.0336216 0.0316718 0.0372912 0.0393195 0.0356491 0.0372996 0.0353735 0.0334091 0.0359372 0.0345311 0.0347812 0.0329875 0.035336 0.0344863 0.0349768 0.0364192 0.0318236 0.0297944 0.0252794 0.0327183 0.0333151 0.032531 0.0333259 0.0323871 0.0351796 0.0291101 0.0322661 0.0299496 0.0375988 0.0376064 0.0351275
internal_weight=9780.46 8468.33 7607.07 6869.5 6416.43 6072.65 5808.03 5711.72 5624.89 5551.17 5488.15 5430.32 5392.34 5344.81 5304.53 5267.42 5230.19 4389.1 1262.21 1067.65 3126.89 985.626 841.085 789.04 2141.27 920.408 140.385 666.893 694.191 422.062 289.586 272.13 562.806 291.139 89.0384 692.162 271.667 191.429 1474.37 335.49 1138.88 675.16 295.877 216.391 601.484 490.671 193.476 150.074 780.023 243.933 90.942 536.09 498.957 425.391 369.353 152.991 147.265 202.101 311.172 140.221 73.5663 165.088 100.65
internal_count=35944 28778 25322 17373 16504 15569 12761 11765 10823 10080 9415 8749 8458 7949 7607 7303 6925 5803 1656 1401 4147 1336 1122 1014 2811 1254 189 870 894 544 364 350 735 377 119 926 358 257 1941 442 1499 876 396 287 782 634 254 199 1065 326 116 739 689 587 513 210 200 258 426 196 102 214 131
is_linear=0
shrinkage=0.05


Tree=34
num_leaves=52
num_cat=0
split_feature=15 31 18 5 22 16 5 19 3 3 3 14 25 3 27 5 5 0 0 5 3 3 26 5 0 0 1 18 18 1 1 1 26 1 26 26 0 2 3 1 0 1 26 2 0 0 0 0 1 0 0
split_gain=913.118 742.253 849.947 1162.86 980.24 566.828 444.444 331.187 292.625 173.418 134.417 133.895 108.667 101.397 98.4401 18.5774 51.0312 16.4942 58.5483 14.0599 12.097 51.2639 9.34737 6.75012 9.95737 2.9223 2.84594 2.56882 2.16258 1.5761 1.31287 1.2901 1.26155 1.16501 1.22456 1.09703 0.700571 0.691341 0.636657 0.558364 0.383565 0.353231 0.339597 0.331645 0.32013 0.508166 0.0930193 0.152295 0.0702146 0.0628007 0.0243685
threshold=1.0000000180025095e-35 1.0000000180025095e-35 1.0000000180025095e-35 1.5000000000000002 1.0000000180025095e-35 1.0000000180025095e-35 2.5000000000000004 1.0000000180025095e-35 59.000000000000007 59.000000000000007 59.000000000000007 1.0000000180025095e-35 1.0000000180025095e-35 59.000000000000007 1.0000000180025095e-35 1.5000000000000002 2.5000000000000004 2.5000000000000004 1.5000000000000002 1.5000000000000002 57.000000000000007 59.000000000000007 1.0000000180025095e-35 1.0000000180025095e-35 3.5000000000000004 7.5000000000000009 2.4500000476837163 1.0000000180025095e-35 1.0000000180025095e-35 2.2500000000000004 2.6499999761581425 3.0499999523162846 1.0000000180025095e-35 1.5500000119209292 1.0000000180025095e-35 1.0000000180025095e-35 11.000000000000002 1.0000000180025095e-35 55.500000000000007 2.1499999761581425 7.5000000000000009 2.8500000238418584 1.0000000180025095e-35 1.0000000180025095e-35 9.5000000000000018 3.5000000000000004 17.000000000000004 6.5000000000000009 3.0499999523162846 4.5000000000000009 6.5000000000000009
decision_type=2 2 2 2 2 2 2 2 2 2 2 2 2 2 2 2 2 2 2 2 2 2 2 2 2 2 2 2 2 2 2 2 2 2 2 2 2 2 2 2 2 2 2 2 2 2 2 2 2 2 2
left_child=1 2 3 4 -1 8 9 10 11 12 19 15 17 23 20 27 38 18 -5 26 29 -22 -21 28 48 -24 33 32 41 36 37 -26 -2 -4 39 -28 -6 46 -17 -35 49 -3 -31 -36 45 -29 47 -19 -25 -32 -34
right_child=5 13 7 6 14 -7 -8 -9 -10 -11 -12 -13 -14 -15 -16 16 -18 30 -20 22 21 -23 25 24 31 -27 35 44 -30 42 40 -33 50 34 43 -37 -38 -39 -40 -41 -42 -43 -44 -45 -46 -47 -48 -49 -50 -51 -52
leaf_value=-0.041063925629494742 0.04356673350839179 0.04312261436838985 0.045519192926983636 -0.039996485133036601 0.031732515377542514 -0.041553365048558055 -0.040700547612380802 -0.041463794328824279 -0.040433576020471901 -0.040326348889270142 -0.040238600621028575 -0.041001634487739053 -0.046253341330489819 -0.040110464436607811 -0.040686328266351053 0.035915604712836155 -0.040812853196420501 0.036001772251212705 0.047584729674626174 -0.010904631902613753 0.045671151584458364 -0.040429171149863677 0.016304482423715735 0.0001847564587778632 0.031009960132309111 0.037957240794952621 0.040955153157697821 0.039059933496003146 0.03321757972776334 0.04177456649546963 0.04703278224836871 0.042874630195130541 0.045915581062640126 0.024148284248807547 0.041986888344945211 0.046570883932046572 0.042488881655344007 0.045787693303070719 0.044745703910260226 0.035618408992875293 0.049341355143474153 0.046841730221648198 0.047919114727818755 0.035059823239040618 0.042354025216040828 0.029384818309475605 0.034649817471442156 0.043437292761253563 0.0055072692414789397 0.041729741264146192 0.0480266940243462
leaf_weight=4019.5348060131073 494.30613258481026 239.98044507205486 52.537125006318092 25.594171464443207 38.574523076415062 258.54702661931515 235.63273407518864 155.98530039191246 114.56731009483337 70.23078329116106 53.132769279181957 47.320737652480602 34.154797993600368 39.102839283645153 40.399894684553146 87.073399424552917 23.080735921859741 32.544787406921387 71.047773748636246 17.194942958652973 67.346003472805023 22.767873615026474 26.081457853317261 12.744094356894495 47.932412341237068 43.246930032968521 162.07636804878712 53.368018433451653 46.999274864792824 67.02794261276722 107.37943145632744 66.034868702292442 476.23789963126183 32.363934725522995 70.920551121234894 446.28324311971664 46.228491738438606 168.97631597518921 45.557170927524567 23.376302763819695 360.86671759188175 323.03118059039116 209.16773545742035 60.888345435261726 55.299286216497421 32.099285498261452 30.835271909832954 66.734389461576939 11.626693680882452 67.381078355014324 583.28866133093834
leaf_count=18531 596 299 56 272 74 2597 2499 1568 1232 755 571 477 281 420 415 152 228 62 76 89 73 231 92 54 102 73 216 82 85 91 122 88 491 79 89 421 58 210 55 41 353 326 195 101 73 66 60 94 46 97 530
internal_value=0.00021424 -0.00798973 -0.0132199 -0.0210107 -0.0329136 0.0280796 0.0212187 0.0261483 0.0370348 0.0353183 0.0368374 0.0417213 0.0408386 0.0379947 0.0337131 0.0438474 0.0271665 0.0440555 0.0243037 0.0412367 0.0404137 0.0238143 0.0218442 0.0420999 0.0318629 0.0299865 0.0432002 0.0453717 0.0443935 0.0445186 0.0463265 0.0380418 0.0459903 0.0382783 0.0361344 0.0451096 0.0378108 0.0432451 0.0391053 0.0292325 0.0480051 0.0452961 0.0465061 0.0389316 0.0384049 0.0356183 0.0397805 0.0411925 0.00278366 0.045113 0.0470999
internal_weight=9984.71 7713.96 6926.51 5782.43 4511.05 2270.75 1271.38 1144.09 2012.2 1035.75 988.102 1897.63 965.515 787.452 491.512 1850.31 155.711 931.36 96.6419 934.969 451.113 90.1139 86.5233 748.349 138.338 69.3284 848.446 1694.6 610.011 360.999 834.718 113.967 1553.83 240.086 187.549 608.36 84.803 299.091 132.631 55.7402 535.627 563.012 276.196 131.809 140.767 85.4673 130.114 99.2792 24.3708 174.761 1059.53
internal_count=35944 29365 27945 24549 19668 6579 4881 3396 3982 2382 1828 2750 1627 1420 1137 2273 435 1346 348 1257 722 304 254 1000 290 165 1003 1838 710 418 998 190 1617 366 310 637 132 426 207 120 572 625 286 190 221 148 216 156 100 219 1021
is_linear=0
shrinkage=0.05


Tree=35
num_leaves=31
num_cat=0
split_feature=3 14 27 5 6 13 10 7 19 12 28 11 17 26 4 25 25 15 0 4 0 0 15 4 0 15 22 31 0 0
split_gain=2109.89 1189.06 621.921 598.301 544.42 452.004 395.777 373.983 323.776 290.433 257.18 238.694 231.8 32.2961 67.2063 179.701 21.2185 11.5443 7.77741 129.669 6.95004 12.1651 2.77521 1.75924 3.88965 0.734315 0.730417 0.629124 0.536965 0.0165157
threshold=59.000000000000007 1.0000000180025095e-35 1.0000000180025095e-35 2.5000000000000004 1.0000000180025095e-35 1.0000000180025095e-35 1.0000000180025095e-35 1.0000000180025095e-35 1.0000000180025095e-35 1.0000000180025095e-35 1.0000000180025095e-35 1.0000000180025095e-35 1.0000000180025095e-35 1.0000000180025095e-35 1.0000000180025095e-35 1.0000000180025095e-35 1.0000000180025095e-35 1.0000000180025095e-35 1.5000000000000002 1.0000000180025095e-35 3.5000000000000004 2.5000000000000004 1.0000000180025095e-35 1.0000000180025095e-35 3.5000000000000004 1.0000000180025095e-35 1.0000000180025095e-35 1.0000000180025095e-35 1.5000000000000002 13.000000000000002
decision_type=2 2 2 2 2 2 2 2 2 2 2 2 2 2 2 2 2 2 2 2 2 2 2 2 2 2 2 2 2 2
left_child=1 2 3 4 5 6 7 8 9 10 11 12 13 14 16 20 25 18 19 -15 21 -16 -18 -19 -25 26 -1 -3 -17 -26
right_child=-2 27 -4 -5 -6 -7 -8 -9 -10 -11 -12 -13 -14 17 15 28 22 23 -20 -21 -22 -23 -24 24 29 -27 -28 -29 -30 -31
leaf_value=-0.027024490217516579 0.051868707411350461 0.053831254411499344 0.056219265216753314 0.053392447582923198 0.060465926775762673 0.059101255249882113 0.056650282424283362 0.057340398445482416 0.058353625223734509 0.057861777467374226 0.064437120645645843 0.0608837668708768 0.073300417383888275 -0.040247200161387581 0.017453492452044358 0.052572439086547587 -0.040137742038366148 -0.03350984204525987 -0.040095592519068426 0.057048138757350986 -0.033502564043012016 -0.032506103446266664 -0.033070497793388283 -0.012540140327197056 -0.033110115263724559 -0.023246509243383118 -0.035419600910052446 0.064151385028945365 0.072057254479435701 -0.028648470650595267
leaf_weight=446.20435211062431 1640.2724196463823 625.22280775010586 287.15914897620678 275.9594339132309 195.8645336329937 159.33141796290874 141.27598786354065 125.96902315318584 102.69740170240402 90.25012518465519 67.540156126022339 66.024467036128044 49.105941906571388 475.54442210495472 20.358434572815895 11.590608865022658 714.18889340758324 674.12573857605457 2813.1938339471817 36.466623246669769 162.53350237011909 28.96539831161499 195.5496521294117 35.691851511597633 75.040214776992798 147.90558449923992 33.186715170741081 29.493711799383163 49.008568823337555 41.80238401889801
leaf_count=1058 11294 4238 1925 1868 1296 1052 950 841 673 598 436 426 322 759 88 78 1174 873 4151 239 240 42 257 90 98 272 36 190 315 65
internal_value=0.00012363 -0.0102584 -0.0158844 -0.0187497 -0.021614 -0.0239952 -0.0260043 -0.0278153 -0.0295124 -0.0309644 -0.0322738 -0.033354 -0.0343941 -0.0352873 -0.0296892 -0.00678756 -0.0337452 -0.0377233 -0.0390496 -0.0332687 -0.028517 -0.011917 -0.0386376 -0.032368 -0.0272285 -0.0266249 -0.027642 0.0543448 0.0687912 -0.0316428
internal_weight=9817.52 8177.25 7522.53 7235.38 6959.42 6763.55 6604.22 6462.94 6336.97 6234.28 6144.03 6076.49 6010.46 5961.36 1809.49 272.457 1537.04 4151.87 3325.2 512.011 211.857 49.3238 909.739 826.66 152.534 627.297 479.391 654.717 60.5992 116.843
internal_count=35944 24650 20222 18297 16429 15133 14081 13131 12290 11617 11019 10583 10157 9835 3560 763 2797 6275 5149 998 370 130 1431 1126 253 1366 1094 4428 393 163
is_linear=0
shrinkage=0.05


Tree=36
num_leaves=19
num_cat=0
split_feature=15 5 18 3 31 22 14 6 27 13 10 7 17 20 11 12 26 4
split_gain=1258.52 1196.88 985.417 974.703 802.979 672.98 529.534 213.302 191.188 182.158 139.247 131.657 127.643 127.335 122.183 110.47 5.18081 15.5793
threshold=1.0000000180025095e-35 1.5000000000000002 1.0000000180025095e-35 59.000000000000007 1.0000000180025095e-35 1.0000000180025095e-35 1.0000000180025095e-35 1.0000000180025095e-35 1.0000000180025095e-35 1.0000000180025095e-35 1.0000000180025095e-35 1.0000000180025095e-35 1.0000000180025095e-35 1.0000000180025095e-35 1.0000000180025095e-35 1.0000000180025095e-35 1.0000000180025095e-35 1.0000000180025095e-35
decision_type=2 2 2 2 2 2 2 2 2 2 2 2 2 2 2 2 2 2
left_child=1 2 3 4 5 6 7 8 9 10 11 12 13 14 15 16 17 -1
right_child=-2 -3 -4 -5 -6 -7 -8 -9 -10 -11 -12 -13 -14 -15 -16 -17 -18 -19
leaf_value=0.048663942524508563 -0.041080893564255191 -0.04092296325371407 -0.040452867279671283 -0.040045647099102084 -0.040866023975991435 -0.040903581737417129 -0.040187143675982945 -0.040665202732271324 -0.039932568477533098 -0.041276742490872639 -0.039910030221396935 -0.040114432552755729 -0.050801325449499293 -0.044874515898142162 -0.046067632377394543 -0.04066868197827804 0.051104770532401624 0.027435705080988179
leaf_weight=1271.39291549474 1571.3401602357626 1084.4599395394325 703.59020717814565 573.86619187891483 389.34972486644983 286.4676972925663 207.64606768637896 77.634503349661827 68.581921815872192 61.475348107516766 47.278369724750519 43.561070963740349 32.804953835904598 36.527690939605236 33.588390201330185 33.615383379161358 2906.4968170672655 95.080385789275169
leaf_count=1954 6560 5895 2818 6483 707 759 2303 821 765 617 522 471 240 303 266 343 3865 290
internal_value=-0.000198508 0.00788061 0.0155881 0.0219862 0.0283557 0.0335399 0.0378819 0.041329 0.042708 0.0439547 0.0451234 0.0460306 0.046886 0.047624 0.0484075 0.0491496 0.0498609 0.0471974
internal_weight=9524.76 7953.42 6868.96 6165.37 5591.5 5202.15 4915.68 4708.04 4630.4 4561.82 4500.35 4453.07 4409.51 4376.7 4340.17 4306.59 4272.97 1366.47
internal_count=35982 29422 23527 20709 14226 13519 12760 10457 9636 8871 8254 7732 7261 7021 6718 6452 6109 2244
is_linear=0
shrinkage=0.05


Tree=37
num_leaves=64
num_cat=0
split_feature=3 31 18 5 22 5 14 25 14 27 27 14 6 16 27 13 5 5 10 7 0 0 12 20 28 4 4 26 29 1 1 3 26 0 0 3 26 1 8 1 3 1 3 0 1 8 18 0 1 3 0 0 1 0 0 1 3 0 1 0 1 1 0
split_gain=720.275 449.975 491.867 580.441 489.655 392.727 135.676 121.013 101.899 85.4631 85.0075 62.2989 32.2871 28.8355 27.6106 24.5903 22.8706 38.0003 20.4841 19.9635 17.1136 63.0295 16.3898 13.8213 11.3194 9.48434 9.03993 9.54414 8.82547 6.92352 5.35943 6.58384 6.03184 6.75929 5.23068 4.68617 4.41752 4.35172 4.2588 4.15372 4.12979 4.08471 4.00064 3.96687 3.667 3.34156 3.14384 3.11965 4.14604 3.79444 2.98025 3.63036 2.96813 5.38407 3.5259 2.92959 2.90226 4.47332 3.03557 2.90079 2.83543 2.59722 3.94244
threshold=59.000000000000007 1.0000000180025095e-35 1.0000000180025095e-35 1.5000000000000002 1.0000000180025095e-35 2.5000000000000004 1.0000000180025095e-35 1.0000000180025095e-35 1.0000000180025095e-35 1.0000000180025095e-35 1.0000000180025095e-35 1.0000000180025095e-35 1.0000000180025095e-35 1.0000000180025095e-35 1.0000000180025095e-35 1.0000000180025095e-35 1.5000000000000002 2.5000000000000004 1.0000000180025095e-35 1.0000000180025095e-35 2.5000000000000004 1.5000000000000002 1.0000000180025095e-35 1.0000000180025095e-35 1.0000000180025095e-35 1.0000000180025095e-35 1.0000000180025095e-35 1.0000000180025095e-35 1.0000000180025095e-35 4.0499999523162851 2.2500000000000004 43.000000000000007 1.0000000180025095e-35 7.5000000000000009 2.5000000000000004 53.000000000000007 1.0000000180025095e-35 4.0499999523162851 1.0000000180025095e-35 2.4500000476837163 51.000000000000007 2.9500000476837163 57.000000000000007 4.5000000000000009 1.7500000000000002 1.0000000180025095e-35 1.0000000180025095e-35 19.000000000000004 3.2500000000000004 47.000000000000007 9.5000000000000018 5.5000000000000009 1.6500000357627871 17.000000000000004 1.5000000000000002 3.3500000238418584 39.000000000000007 2.5000000000000004 3.1499999761581425 5.5000000000000009 2.7500000000000004 3.2500000000000004 2.5000000000000004
decision_type=2 2 2 2 2 2 2 2 2 2 2 2 2 2 2 2 2 2 2 2 2 2 2 2 2 2 2 2 2 2 2 2 2 2 2 2 2 2 2 2 2 2 2 2 2 2 2 2 2 2 2 2 2 2 2 2 2 2 2 2 2 2 2
left_child=1 2 3 4 11 7 10 8 20 -6 16 12 13 14 15 18 -4 36 19 22 21 -5 23 24 25 28 46 -28 29 30 31 -1 33 -33 -27 50 -18 41 -31 40 -30 -37 61 -29 -35 47 -3 56 49 -49 51 -36 53 -34 -54 59 57 -32 -59 -47 -51 62 -41
right_child=-2 26 6 5 9 -7 -8 -9 -10 -11 -12 -13 -14 -15 -16 -17 17 -19 -20 -21 -22 -23 -24 -25 -26 34 27 43 39 38 45 32 52 44 35 37 -38 -39 -40 42 -42 -43 -44 -45 -46 55 -48 48 -50 60 -52 -53 54 -55 -56 -57 -58 58 -60 -61 -62 -63 -64
leaf_value=-0.021110203014768437 -0.040066587710728054 0.043019158610104843 0.039020136153757989 -0.04084174853742583 0.041618671715301037 -0.040290978849220241 -0.046268569011350361 -0.045624451708223261 -0.042842717176290186 -0.041372007944551779 -0.0484975591274883 -0.04025821546973031 -0.042876771529463044 -0.042325538264190658 -0.041912060140168059 -0.0430264623222541 0.0082250945646318747 -0.04284928279397314 -0.04231968385392787 -0.043009779854406155 0.045726739690547989 0.04757697946711277 -0.042982654120441367 -0.043517998187158562 -0.042610551425061843 -0.03633303416564209 0.0052707913208037823 0.018679681200226613 -0.032905131629650419 -0.017230172519183583 0.010879504404133607 -0.0092973600845804912 -0.019816686544363568 -0.017617550813463223 -0.024732213131488011 -0.005277574579706186 0.035665959363309678 0.0080527570282870799 0.0017764960077656289 0.0091942139152357463 -0.015309200454132383 -0.023453149259070299 -0.02803593662803517 0.040409690256157801 -0.040080286113622854 0.013863835415836212 0.029105808823639508 -0.018967380294931117 0.003419621352924767 0.0054374291141574731 -0.026680607044818103 -0.0066555810946373299 0.0053290585694059818 0.0047615514676841459 -0.0069301714405209519 -0.010931996827475962 -0.0092136071866015558 -0.00040862430940182324 -0.018578570763093834 -0.0033085169019351061 -0.010982877715361132 -0.016099230087655441 -0.011107111221845552
leaf_weight=159.79057627171278 999.83844895660877 635.46641657501459 993.98197510093451 27.115127831697464 460.00973451882601 190.54767931252718 54.246222078800201 41.824659667909145 34.912578023970127 32.870307020843029 29.711924120783806 254.94328821450472 100.41930355876684 89.358075462281704 84.662586100399494 67.380679428577423 19.115452282130718 22.242321789264679 57.079582750797272 51.750675693154335 920.21266033500433 74.617565624415874 41.525110825896263 33.148655124008656 28.247858762741089 36.31572874635458 34.73899357765913 29.195438414812088 67.771048747003078 353.81794067472219 46.696712210774422 111.51270034909248 82.969608433544636 38.500643566250801 51.878397203981876 67.7463648468256 68.020377643406391 28.006817542016506 32.049621507525444 30.999781019985676 68.371195890009403 56.950010232627392 41.53476894646883 89.125187367200851 36.48046912997961 47.136622160673141 48.120432697236538 55.306953452527523 136.05057036876678 52.051332466304302 115.48811765015125 60.226191386580467 78.347434364259243 30.166424788534641 229.2257361933589 40.30424153059721 1506.0334751605988 55.310170479118824 38.861134149134159 50.517242476344109 52.167944453656673 140.37228854745626 99.631243638694286
leaf_count=302 11290 751 1615 285 593 2094 478 357 320 333 241 2816 999 838 875 704 86 206 603 547 1023 72 437 323 302 226 143 91 140 653 61 202 148 72 108 123 147 35 46 42 121 113 85 128 87 58 100 103 203 74 229 107 105 41 351 67 2546 85 71 81 90 245 165
internal_value=0.000116849 0.00472994 0.00102565 -0.00423907 -0.0114359 0.025898 0.0306758 0.0373905 0.0406958 0.0360477 0.0343783 -0.0162085 -0.0148864 -0.0142642 -0.0136976 -0.0131472 0.036631 0.0148409 -0.0126752 -0.0122724 0.0435693 0.023926 -0.0118888 -0.0115733 -0.0113114 -0.0110905 0.0395821 0.028407 -0.0102787 -0.00936405 -0.00850945 -0.012084 -0.00969328 -0.0171701 -0.0182442 -0.0164714 0.0297274 -0.00964732 -0.0156512 -0.0168525 -0.0241567 -0.013639 -0.0136372 0.035149 -0.0287394 -0.00718903 0.0420617 -0.00772292 -0.0029866 -0.0084437 -0.0210188 -0.0150935 -0.00636246 -0.0132711 -0.00380382 0.000329075 -0.00857181 -0.00170196 -0.00796523 0.00500882 -0.00279511 -0.0113829 -0.00627276
internal_weight=9713.02 8713.18 7876.53 6689.22 5399.99 1289.23 1187.32 1098.68 1056.86 492.88 1133.07 4907.11 4652.16 4551.74 4462.38 4377.72 1103.36 109.378 4310.34 4253.26 1021.95 101.733 4201.51 4159.99 4126.84 4098.59 836.646 153.06 3681.98 3233.3 2847.43 766.994 607.203 186.494 416.612 380.296 87.1358 152.703 385.868 448.68 136.142 124.696 312.538 118.321 74.9811 2080.44 683.587 1942.48 295.577 159.526 227.593 112.105 420.709 113.136 307.573 137.958 1646.9 140.868 94.1713 97.6539 104.219 271.003 130.631
internal_count=35982 24692 23479 20706 16555 4151 2773 2057 1700 926 2295 15629 12813 11814 10976 10101 2054 439 9397 8794 1380 357 8247 7810 7487 7185 1213 362 6244 5446 4747 1308 1006 361 941 715 233 271 699 798 261 236 537 219 159 3439 851 3233 470 267 444 215 645 189 456 206 2763 217 156 139 164 452 207
is_linear=0
shrinkage=0.05


Tree=38
num_leaves=33
num_cat=0
split_feature=3 27 5 6 13 16 24 7 19 20 12 28 11 17 4 25 0 1 29 1 15 31 29 18 15 31 0 15 31 15 18 15
split_gain=1925.94 583.533 561.847 519.262 430.911 415.1 393.11 356.884 305.73 288.629 277.047 250.346 237.327 203.265 20.5686 248.3 193.74 13.807 4.46606 1.95175 1.65832 1.53375 0.432303 0.401858 0.299771 0.247076 0.189675 0.18929 0.1336 0.097565 0.0457987 0.0444374
threshold=59.000000000000007 1.0000000180025095e-35 2.5000000000000004 1.0000000180025095e-35 1.0000000180025095e-35 1.0000000180025095e-35 1.0000000180025095e-35 1.0000000180025095e-35 1.0000000180025095e-35 1.0000000180025095e-35 1.0000000180025095e-35 1.0000000180025095e-35 1.0000000180025095e-35 1.0000000180025095e-35 1.0000000180025095e-35 1.0000000180025095e-35 1.5000000000000002 2.4500000476837163 1.0000000180025095e-35 2.4500000476837163 1.0000000180025095e-35 1.0000000180025095e-35 1.0000000180025095e-35 1.0000000180025095e-35 1.0000000180025095e-35 1.0000000180025095e-35 1.5000000000000002 1.0000000180025095e-35 1.0000000180025095e-35 1.0000000180025095e-35 1.0000000180025095e-35 1.0000000180025095e-35
decision_type=2 2 2 2 2 2 2 2 2 2 2 2 2 2 2 2 2 2 2 2 2 2 2 2 2 2 2 2 2 2 2 2
left_child=1 2 3 4 5 6 7 8 9 10 11 12 13 14 17 16 -16 20 23 -18 21 -1 -21 24 -19 30 -17 -9 -3 -8 -20 -10
right_child=-2 28 -4 -5 -6 -7 29 27 31 -11 -12 -13 -14 -15 15 26 19 18 25 22 -22 -23 -24 -25 -26 -27 -28 -29 -30 -31 -32 -33
leaf_value=-0.029036512643773528 0.050226455034738951 0.053554333088871579 0.051550558992724829 0.057410988467842684 0.056504733695585986 0.052743019475714484 0.055306431851216024 0.053963532540938525 0.054120614773255596 0.062988022201062352 0.055795753451443712 0.061330447757879283 0.058902483053276999 0.068459380209423146 0.055977708499387296 0.051524907592023432 -0.033713368315897968 -0.036527647523021269 -0.030429204358447943 -0.039069829344674741 -0.034179844697906372 -0.035204000981673443 -0.034845150938134464 -0.03937474281079522 -0.038410549975630003 -0.036641897587940939 0.066514181901331113 0.065128129028288989 0.063726338024142473 0.065123929585023846 -0.034190593179357111 0.065397971883511694
leaf_weight=1068.8396584540606 1593.8322819471359 320.6530037522316 323.65451756119728 234.36342395842075 187.57009108364582 189.10098320245743 130.37287653982639 118.3291749805212 97.298814654350281 86.767331227660179 95.278332084417343 73.778940692543983 71.98674564063549 49.32690404355526 58.310699343681335 13.396386906504629 348.35839958488941 1851.1598470956087 328.62968195974827 702.91289162635803 283.67664010822773 125.09209063649178 118.8142998367548 327.28350432217121 516.00554579496384 37.304286420345306 56.382335066795349 18.244435280561447 17.891078889369965 22.131065547466278 47.510451659560204 14.618932768702505
leaf_count=2538 11290 2210 2253 1588 1268 1289 885 815 657 575 646 484 472 324 389 92 518 3680 739 847 360 141 168 305 518 39 366 117 115 143 56 95
internal_value=7.93159e-05 -0.00999577 -0.0128594 -0.0157291 -0.0181684 -0.0202168 -0.0222917 -0.0241522 -0.0258674 -0.0273331 -0.0286074 -0.0299348 -0.0310611 -0.0321575 -0.0330068 -0.0274198 -0.0326381 -0.0345854 -0.0364897 -0.0370763 -0.030569 -0.0296972 -0.0384805 -0.0372484 -0.0369461 -0.0315064 0.0640235 0.0556871 0.0541851 0.0569393 -0.0309491 0.055878
internal_weight=9528.88 7935.04 7596.5 7272.84 7038.48 6850.91 6661.81 6509.31 6372.73 6260.81 6174.05 6078.77 6004.99 5933 5883.68 1298.18 1228.4 4585.5 3107.89 1170.09 1477.61 1193.93 821.727 2694.45 2367.17 413.444 69.7787 136.574 338.544 152.504 376.14 111.918
internal_count=35982 24692 22367 20114 18526 17258 15969 14941 14009 13257 12682 12036 11552 11080 10756 2380 1922 8376 5337 1533 3039 2679 1015 4503 4198 834 458 932 2325 1028 795 752
is_linear=0
shrinkage=0.05


Tree=39
num_leaves=57
num_cat=0
split_feature=15 5 3 31 22 14 6 27 13 24 10 28 17 20 11 7 0 1 3 1 0 1 0 3 3 3 1 1 1 3 1 0 4 1 1 3 1 3 3 0 1 1 1 1 0 0 1 3 1 1 3 1 1 1 0 3
split_gain=1187.11 1095.06 829.499 623.031 558.878 449.755 174.379 159.615 143.549 132.552 113.173 109.251 105.28 100.759 94.0471 89.4863 2.64657 1.73869 3.2398 1.20063 1.05345 1.18714 2.04151 1.0588 2.06265 0.822398 0.763782 0.8839 0.648309 1.38063 1.28077 0.622741 0.582248 0.509758 0.496984 0.838417 0.770261 1.98151 1.42235 0.412484 0.299097 0.295006 0.935158 1.03774 0.255887 0.528414 0.237612 0.232192 0.216546 0.239275 0.205558 0.20441 0.814228 0.171808 0.12438 0.0490013
threshold=1.0000000180025095e-35 1.5000000000000002 59.000000000000007 1.0000000180025095e-35 1.0000000180025095e-35 1.0000000180025095e-35 1.0000000180025095e-35 1.0000000180025095e-35 1.0000000180025095e-35 1.0000000180025095e-35 1.0000000180025095e-35 1.0000000180025095e-35 1.0000000180025095e-35 1.0000000180025095e-35 1.0000000180025095e-35 1.0000000180025095e-35 1.0000000180025095e-35 1.5500000119209292 49.000000000000007 2.1499999761581425 17.000000000000004 2.2500000000000004 7.5000000000000009 51.000000000000007 57.000000000000007 45.000000000000007 4.1499998569488534 4.2500000000000009 3.9500000476837163 47.000000000000007 4.2500000000000009 7.5000000000000009 1.0000000180025095e-35 4.2500000000000009 3.1499999761581425 43.000000000000007 3.6499999761581425 51.000000000000007 51.000000000000007 6.5000000000000009 3.8500000238418584 2.7500000000000004 3.0499999523162846 3.2500000000000004 7.5000000000000009 15.000000000000002 2.5499999523162846 55.500000000000007 3.3500000238418584 3.9500000476837163 51.000000000000007 2.8500000238418584 3.0499999523162846 3.2500000000000004 13.000000000000002 54.500000000000007
decision_type=2 2 2 2 2 2 2 2 2 2 2 2 2 2 2 2 2 2 2 2 2 2 2 2 2 2 2 2 2 2 2 2 2 2 2 2 2 2 2 2 2 2 2 2 2 2 2 2 2 2 2 2 2 2 2 2
left_child=1 2 3 4 5 6 7 8 9 10 11 12 13 14 15 16 34 18 39 32 21 22 -21 25 26 33 51 -28 47 -30 -31 -20 44 41 35 -1 37 -36 -38 -18 53 46 -43 -44 -19 54 -23 50 -27 -50 -22 55 -53 -26 -46 -25
right_child=-2 -3 -4 -5 -6 -7 -8 -9 -10 -11 -12 -13 -14 -15 -16 -17 17 19 31 20 28 23 -24 24 40 48 27 -29 29 30 -32 -33 -34 -35 36 -37 38 -39 -40 -41 -42 42 43 -45 45 -47 -48 -49 49 -51 -52 52 -54 -55 -56 -57
leaf_value=0.031398993515884106 -0.040771997684124768 -0.040425308064007015 -0.039574816855452714 -0.04036221933780023 -0.040394079729417338 -0.039834388273037868 -0.039959525357079848 -0.039324595412057878 -0.040414228591658233 -0.040514622133482975 -0.039631959872961975 -0.045082936022895391 -0.048357533086233695 -0.043611556694802739 -0.044660883960731423 -0.039433979568950533 0.023940704315977054 0.044998333460429168 0.036133217430260191 0.028727242723948544 0.042894560546067356 0.040030079471901327 0.043535644060010169 0.036289742076642463 0.042192171257686054 0.044173837443206632 0.048308259956381876 0.036156255515696227 0.045671981629094138 0.029618046671222233 0.041852534337775665 0.046629652218098422 0.03693014051654956 0.033783927725650968 0.019072412846904932 0.039813977546549958 0.042699023858186622 0.036717509002520264 0.030019962477238416 0.032017653045610335 0.045170942536004156 0.045585415146892322 0.032880359351206256 0.040779739354880384 0.040508525337406925 0.044415218036927329 0.034346562506619376 0.040003202135635359 0.038980110160003634 0.043364397417631692 0.047082890104586966 0.029409088038169908 0.036344733941139698 0.038011464434780533 0.034418610871290986 0.040539001344442271
leaf_weight=51.802854500710964 1515.5067109502852 1024.7617454715073 627.38204704225063 388.5312937349081 307.639249317348 227.48185165971518 82.490249641239643 74.415951915085316 63.128952909260988 56.677370823919773 48.3959088511765 39.880055326968431 34.939517982304096 36.888096708804369 33.02421247959137 35.233086921274662 44.956113070249557 307.4880982004106 40.21966677159071 72.823605231940746 293.77768919616938 82.77582360804081 39.582512982189655 101.77492438256741 174.74230303242803 307.13147787004709 39.716405458748341 43.295509099960327 55.059558242559433 60.321767993271351 43.235407825559378 47.917226158082485 61.825592547655106 53.749450918287039 31.84566255658865 164.35377558320761 50.998741947114468 36.331195034086704 52.933990225195885 41.272533424198627 101.78590524196625 114.55088399723172 62.864042110741138 373.19651035219431 137.57199110835791 165.37483514845371 76.446961581707001 111.40122370421886 160.87428411841393 139.46246073395014 118.62522758543491 63.851586692035198 394.5250632353127 120.39939948171377 36.504214785993099 87.936614491045475
leaf_count=77 6559 5857 7444 818 852 2629 937 890 688 610 555 341 278 331 283 405 60 428 55 99 405 118 56 141 248 437 57 64 76 90 63 68 107 76 56 254 80 61 72 55 142 161 86 520 194 227 106 159 238 204 171 91 553 172 50 126
internal_value=-0.000352671 0.00766077 0.0151053 0.0208314 0.0250761 0.0288813 0.0319678 0.0331613 0.034263 0.035239 0.0361388 0.0369156 0.0376153 0.0382636 0.03892 0.0395248 0.0401384 0.040523 0.0351969 0.0407505 0.0402915 0.0397626 0.0341116 0.0400099 0.0387073 0.041067 0.0370045 0.0422247 0.0422852 0.0387726 0.0349025 0.0420706 0.0428539 0.0397554 0.0359549 0.0378744 0.0334413 0.0286743 0.0364161 0.027969 0.0417932 0.0401835 0.0409487 0.0396799 0.043391 0.041871 0.0374173 0.0433109 0.0426816 0.0410847 0.0441549 0.0363039 0.0354117 0.0405539 0.0393337 0.0383608
internal_weight=9161.68 7646.17 6621.41 5994.03 5605.5 5297.86 5070.38 4987.89 4913.47 4850.34 4793.66 4745.27 4705.39 4670.45 4633.56 4600.54 4565.3 4177.04 174.366 4002.67 3293.91 2611.49 112.406 2499.08 1128.03 1371.05 731.1 83.0119 682.421 158.617 103.557 88.1369 708.765 763.584 388.266 216.157 172.11 68.1769 103.933 86.2286 396.928 709.834 550.611 436.061 646.939 339.451 159.223 523.804 607.468 300.337 412.403 648.088 458.377 295.142 174.076 189.712
internal_count=35980 29421 23564 16120 15302 14450 11821 10884 9994 9306 8696 8141 7800 7522 7191 6908 6503 5903 238 5665 4659 3695 155 3540 1594 1946 1032 121 964 229 153 123 1006 1067 600 331 269 117 152 115 562 991 767 606 899 471 224 735 879 442 576 911 644 420 244 267
is_linear=0
shrinkage=0.05


Tree=40
num_leaves=50
num_cat=0
split_feature=15 18 31 5 22 16 5 19 3 3 14 14 3 14 14 27 5 5 26 3 3 3 3 4 0 26 18 4 2 0 22 26 26 5 26 0 3 0 3 0 1 0 0 5 0 3 3 0 0
split_gain=823.711 594.256 748.673 999.922 869.725 505.028 366.242 308.744 244.571 143.426 128.034 116.183 105.485 91.0815 84.8377 80.5443 15.4112 44.7153 14.3611 11.5667 54.0707 9.64407 41.6423 7.03154 6.34895 6.14435 4.74005 4.38507 3.01834 2.82796 2.1836 1.34384 1.16453 1.12526 1.00741 0.911711 1.40275 0.900848 0.699095 0.339928 0.311957 0.297244 0.163967 0.0914294 0.0821669 0.0735466 0.0556032 0.0430391 0.00985713
threshold=1.0000000180025095e-35 1.0000000180025095e-35 1.0000000180025095e-35 1.5000000000000002 1.0000000180025095e-35 1.0000000180025095e-35 2.5000000000000004 1.0000000180025095e-35 59.000000000000007 59.000000000000007 1.0000000180025095e-35 1.0000000180025095e-35 59.000000000000007 1.0000000180025095e-35 1.0000000180025095e-35 1.0000000180025095e-35 1.5000000000000002 2.5000000000000004 1.0000000180025095e-35 57.000000000000007 59.000000000000007 57.000000000000007 59.000000000000007 1.0000000180025095e-35 2.5000000000000004 1.0000000180025095e-35 1.0000000180025095e-35 1.0000000180025095e-35 1.0000000180025095e-35 7.5000000000000009 1.0000000180025095e-35 1.0000000180025095e-35 1.0000000180025095e-35 1.5000000000000002 1.0000000180025095e-35 9.5000000000000018 53.000000000000007 7.5000000000000009 55.500000000000007 5.5000000000000009 2.8500000238418584 3.5000000000000004 7.5000000000000009 1.5000000000000002 3.5000000000000004 59.000000000000007 59.000000000000007 13.000000000000002 2.5000000000000004
decision_type=2 2 2 2 2 2 2 2 2 2 2 2 2 2 2 2 2 2 2 2 2 2 2 2 2 2 2 2 2 2 2 2 2 2 2 2 2 2 2 2 2 2 2 2 2 2 2 2 2
left_child=1 2 3 4 -1 8 9 10 11 13 12 16 23 18 19 21 26 38 28 27 -21 32 -23 31 -20 -25 30 -4 37 33 34 -3 40 -29 -2 36 -28 44 42 -30 -6 -34 -18 -27 -5 -16 -12 -39 -36
right_child=5 7 14 6 15 -7 -8 -9 -10 -11 46 -13 -14 -15 45 -17 17 -19 24 20 -22 22 -24 25 -26 43 35 29 39 -31 -32 -33 41 -35 48 -37 -38 47 -40 -41 -42 -43 -44 -45 -46 -47 -48 -49 -50
leaf_value=-0.040240613011074483 0.04233730035619912 0.040320558323792048 0.043902180056323653 0.009452736835616031 0.030334317594436996 -0.040685183519937503 -0.039671589943144819 -0.041235742923419555 -0.039431616375187051 -0.039325005665038264 -0.0499184865759894 -0.040104552209469499 -0.039160374473177412 -0.042528802648960036 -0.053141592393058205 -0.039553555925434448 0.030342049304613591 -0.039634695622456501 0.028789147409003908 0.042561842633037417 -0.038889386625164078 0.042031168253446258 -0.039274313579208492 0.013658763531580199 0.045162251053639746 0.040073910773687896 0.02344214997509992 0.028858697353632751 0.027835368069551072 0.038092120676650722 0.032780328799850836 0.045605726223033639 0.038504080933604072 0.01045918253394182 0.04370341096415694 0.039443449466911085 0.037581082347352773 0.026947538613445822 0.043600036746594295 0.035637694279621324 0.038454698286383177 0.044263930808635991 0.037131745964170682 0.034747069387302772 0.015505684984766796 -0.036811661403072682 -0.037933110339865232 0.020672656098015 0.046229922691088346
leaf_weight=3724.8866263106465 456.95848429203033 216.94647538661957 440.58988536894321 17.900906421244148 35.114279329776764 243.29154568910599 213.71662057936192 153.93876838684082 102.01647600531578 64.635192379355431 33.81222540140152 43.794207230210304 41.417847916483879 33.855267524719238 21.209865510463718 36.350855961441994 37.30753306299448 21.439765259623528 68.905083045363426 88.887236259877682 25.964074343442917 63.229587227106094 20.48160969465971 35.150969654321671 654.44266790151596 63.131636947393417 42.73472648113966 16.999563902616501 35.858359456062317 63.438127070665359 46.795729711651802 540.35572762787342 66.131768748164177 17.53038115799427 214.07572051882744 55.379734292626381 36.011334225535393 18.725739508867264 43.073411479592323 60.66322024166584 52.290167674422264 201.49685503542423 50.300665602087975 66.820606283843517 12.408651039004324 6.5120245441794387 11.157346121966837 20.144963063299656 759.84026025235653
leaf_count=18568 554 271 451 87 66 2635 2497 1634 1208 765 242 476 490 317 143 411 76 232 216 101 307 71 228 118 638 75 98 35 100 92 80 471 89 66 232 74 53 48 48 115 72 196 73 131 41 77 132 60 720
internal_value=-4.96535e-05 -0.00811923 -0.0143803 -0.0206102 -0.0321148 0.0271008 0.0196102 0.0246252 0.0357448 0.0324531 0.0346909 0.0399971 0.0385434 0.0374987 0.0350005 0.0315692 0.0419966 0.026626 0.0405683 0.0386434 0.0240597 0.0375001 0.0220231 0.0420518 0.0436235 0.0324638 0.0434386 0.0417282 0.0271401 0.0317782 0.0442751 0.0441193 0.0411133 0.0198001 0.0446394 0.0340926 0.0301043 0.0189289 0.0376065 0.0328975 0.0353835 0.0429151 0.034429 0.0374786 0.0121422 -0.0500257 -0.0473946 0.0239994 0.0456973
internal_weight=9398.12 7245.1 6082.37 5401.24 4199.98 2153.02 1201.26 1162.73 1909.73 987.54 1008.79 1807.71 963.823 922.905 681.131 475.095 1763.92 152.121 889.05 653.409 114.851 438.744 83.7112 922.405 723.348 165.103 1611.8 538.558 165.702 97.9681 1477.67 757.302 355.033 34.5299 1430.87 134.126 78.7461 69.1803 130.682 96.5216 87.4044 267.629 87.6082 129.952 30.3096 27.7219 44.9696 38.8707 973.916
internal_count=35980 29421 25857 24585 19701 6559 4884 3564 3924 2387 1930 2716 1556 1622 1272 1133 2240 429 1305 1052 408 722 299 1066 854 324 1811 644 451 193 1586 742 423 101 1506 225 151 236 197 215 138 285 149 206 128 220 374 108 952
is_linear=0
shrinkage=0.05


Tree=41
num_leaves=37
num_cat=0
split_feature=3 5 6 13 10 24 16 7 19 12 20 28 11 17 23 4 25 0 1 29 15 1 31 22 29 15 18 31 18 1 0 31 15 15 26 1
split_gain=1743.84 515.739 481.682 398.372 392.837 382.35 369.343 329.071 295.991 264.089 253.935 242.478 213.525 201.744 81.7355 21.8796 238.652 176.75 14.0977 5.42539 2.41849 2.15488 1.00112 0.934987 0.524509 0.279605 0.394571 0.244373 0.20438 0.136044 0.113008 0.101331 0.157823 0.0701141 0.0438789 0.00607099
threshold=59.000000000000007 2.5000000000000004 1.0000000180025095e-35 1.0000000180025095e-35 1.0000000180025095e-35 1.0000000180025095e-35 1.0000000180025095e-35 1.0000000180025095e-35 1.0000000180025095e-35 1.0000000180025095e-35 1.0000000180025095e-35 1.0000000180025095e-35 1.0000000180025095e-35 1.0000000180025095e-35 1.0000000180025095e-35 1.0000000180025095e-35 1.0000000180025095e-35 1.5000000000000002 2.4500000476837163 1.0000000180025095e-35 1.0000000180025095e-35 2.4500000476837163 1.0000000180025095e-35 1.0000000180025095e-35 1.0000000180025095e-35 1.0000000180025095e-35 1.0000000180025095e-35 1.0000000180025095e-35 1.0000000180025095e-35 2.2500000000000004 1.5000000000000002 1.0000000180025095e-35 1.0000000180025095e-35 1.0000000180025095e-35 1.0000000180025095e-35 1.7500000000000002
decision_type=2 2 2 2 2 2 2 2 2 2 2 2 2 2 2 2 2 2 2 2 2 2 2 2 2 2 2 2 2 2 2 2 2 2 2 2
left_child=1 2 3 4 5 6 7 8 9 10 11 12 13 14 15 18 17 -17 20 25 22 34 23 28 -23 26 -20 -4 -1 -22 -18 32 -21 -10 -19 -24
right_child=-2 -3 27 -5 -6 -7 -8 -9 33 -11 -12 -13 -14 -15 -16 16 30 21 19 31 29 24 35 -25 -26 -27 -28 -29 -30 -31 -32 -33 -34 -35 -36 -37
leaf_value=-0.027081416117242515 0.048763987850685891 0.049965605709186206 0.054576082036292023 0.054697838502577791 0.054147868917725807 0.055032488744872779 0.051161629662567647 0.053893303815176458 0.052666863897075644 0.053868669942537389 0.060608014890926258 0.059666868895566862 0.056868844305667632 0.065203762411406324 0.053072298550862242 0.054291714293273466 0.049974022504486806 -0.035647246311066985 -0.035790670844882445 -0.028843046535091343 -0.032812199434780691 -0.038162907348212871 -0.035895212518494667 -0.033696472976056845 -0.033555158041090292 -0.037953812230863866 -0.038372072128625798 0.066750621429825019 -0.029849679895260613 -0.037019681675407659 0.063871939852037957 -0.034180306839449691 -0.032823821366963372 0.063431752966050137 -0.031864253635848119 -0.031330377921940142
leaf_weight=812.50109222531319 1549.1035165786743 348.53309437632561 238.40857402980328 200.45666734874249 189.58042927086353 170.56961612403393 173.51741008460522 136.7665178924799 100.35684564709663 101.53016965091228 80.616443261504173 76.526102617383003 69.983759224414825 53.837895438075066 27.899715423583984 56.528783038258553 13.358096644282339 52.03541673719883 1774.3399914652109 291.0113732367754 204.0717415958643 664.76304426789284 45.221095308661461 76.070909887552261 110.20299789309502 532.36688242852688 285.22321784496307 14.895129323005674 134.74902251362801 68.65243498980999 58.978849396109581 36.646278962492943 63.543748065829277 16.074852675199509 290.16856509447098 66.968225359916687
leaf_count=2241 11323 2500 1660 1387 1319 1172 1212 955 691 706 540 507 466 356 192 385 94 71 3701 703 279 841 49 93 167 552 283 96 191 75 386 43 86 105 465 88
internal_value=0.000402535 -0.0094098 -0.0122524 -0.0146928 -0.0167318 -0.0187579 -0.020706 -0.022689 -0.0243924 -0.025914 -0.0272807 -0.0284937 -0.0296641 -0.0307279 -0.0316452 -0.0320691 -0.0261925 -0.0316314 -0.0337334 -0.0356917 -0.029574 -0.0360014 -0.0285116 -0.0279683 -0.0375297 -0.0365336 -0.0361574 0.0554221 -0.0274907 -0.0339372 0.0616662 -0.0300737 -0.0296017 0.054418 -0.0324907 -0.0333215
internal_weight=9186.06 7636.95 7288.42 7035.12 6834.66 6645.08 6474.51 6300.99 6164.23 6047.8 5946.27 5865.65 5789.12 5719.14 5665.3 5637.4 1246.04 1173.7 4391.37 2983.13 1408.23 1117.17 1135.51 1023.32 774.966 2591.93 2059.56 253.304 947.25 272.724 72.3369 391.201 354.555 116.432 342.204 112.189
internal_count=35980 24657 22157 20401 19014 17695 16523 15311 14356 13560 12854 12314 11807 11341 10985 10793 2409 1929 8384 5368 3016 1544 2662 2525 1008 4536 3984 1756 2432 354 480 832 789 796 536 137
is_linear=0
shrinkage=0.05


Tree=42
num_leaves=36
num_cat=0
split_feature=15 5 18 3 31 14 21 6 27 24 10 28 17 11 20 7 4 0 0 26 1 1 1 26 0 0 0 3 26 0 1 3 0 0 0
split_gain=1117.06 1025.46 881.9 825.111 685.772 443.071 330.517 174.736 157.87 135.636 114.444 108.636 105.149 102.039 99.3753 94.4814 4.78548 25.3897 32.7327 11.3942 3.21753 1.49414 2.52111 1.63223 3.44383 3.29696 1.38713 1.69225 1.21325 0.874972 0.870527 0.754575 0.521088 0.219641 0.155964
threshold=1.0000000180025095e-35 1.5000000000000002 1.0000000180025095e-35 59.000000000000007 1.0000000180025095e-35 1.0000000180025095e-35 1.0000000180025095e-35 1.0000000180025095e-35 1.0000000180025095e-35 1.0000000180025095e-35 1.0000000180025095e-35 1.0000000180025095e-35 1.0000000180025095e-35 1.0000000180025095e-35 1.0000000180025095e-35 1.0000000180025095e-35 1.0000000180025095e-35 2.5000000000000004 1.5000000000000002 1.0000000180025095e-35 3.9500000476837163 2.5499999523162846 3.1499999761581425 1.0000000180025095e-35 8.5000000000000018 4.5000000000000009 15.000000000000002 51.000000000000007 1.0000000180025095e-35 8.5000000000000018 2.0499999523162846 54.500000000000007 7.5000000000000009 11.000000000000002 6.5000000000000009
decision_type=2 2 2 2 2 2 2 2 2 2 2 2 2 2 2 2 2 2 2 2 2 2 2 2 2 2 2 2 2 2 2 2 2 2 2
left_child=1 2 3 4 5 6 7 8 9 10 11 12 13 14 15 16 -1 18 -18 -19 21 23 28 24 -8 30 27 34 -23 -22 -25 -29 -30 -27 -24
right_child=-2 -3 -4 -5 -6 -7 20 -9 -10 -11 -12 -13 -14 -15 -16 -17 17 19 -20 -21 29 22 26 25 -26 33 -28 31 32 -31 -32 -33 -34 -35 -36
leaf_value=0.047687753792035444 -0.040302202014274736 -0.03996871144371314 -0.039945813880246955 -0.039133323744462767 -0.039930805711507929 -0.039657496273973858 -0.0031386475828172611 -0.039589625461098864 -0.039186195042053062 -0.04007135050354739 -0.039190522747252016 -0.044074696220968802 -0.047721005643178986 -0.043698576063931946 -0.043052188993015605 -0.038996585883677382 -0.043558994059898833 0.028429577191638734 0.044939378539998111 0.050378720731477859 -0.0098713428095314401 -0.0032337841905214892 0.0054107885044794692 0.00092916752831276046 0.023546626865849293 -0.0058075760684296682 -0.010179343289549229 -0.011686479590273326 -0.020412889207672782 -0.020956473865507662 0.014916881579503386 4.1855410623871126e-05 -0.011070947027077463 -0.011795110239162994 0.011730745634693084
leaf_weight=3469.7630867063999 1470.6037216559052 991.99759846553206 664.44873914122581 521.66747064143419 359.05166208744049 208.53785168752074 29.131319351494312 68.996041856706142 61.004744216799736 49.854797706007957 41.964361444115639 34.767488338053226 30.476675242185593 31.843994498252869 30.959110073745251 31.805166713893414 18.812352396547794 76.967613413929939 22.270407140254974 293.38505406677723 44.321066293865442 26.169575154781342 19.519645467400551 23.161256279796362 20.046854093670845 25.750763382762671 34.919891759753227 20.767702832818031 33.658343203365803 31.472197577357292 21.028073597699404 38.603602796792984 31.016534507274628 44.725242905318737 22.685074795037508
leaf_count=5116 6570 5854 2820 6506 719 2463 79 805 735 551 497 306 239 280 278 378 160 207 38 412 100 77 59 53 51 59 81 47 61 72 53 98 65 92 51
internal_value=-0.000474968 0.00736209 0.0146063 0.0208382 0.0267471 0.0315985 0.034744 0.0391182 0.0404176 0.0415973 0.0425992 0.0434533 0.0442183 0.044929 0.04565 0.0463572 0.0470616 0.0417298 0.00437829 0.0458617 -0.00518534 -0.00334851 -0.0059673 0.000292277 0.00786677 -0.00297636 -0.00165814 0.00130679 -0.0123974 -0.0145815 0.00767783 -0.00412398 -0.016052 -0.00966369 0.00890535
internal_weight=8946.16 7475.55 6483.55 5819.11 5297.44 4938.39 4729.85 4262.87 4193.87 4132.87 4083.02 4041.05 4006.28 3975.81 3943.96 3913 3881.2 411.435 41.0828 370.353 466.977 391.184 227.34 163.844 49.1782 114.665 136.496 101.576 90.8445 75.7933 44.1893 59.3713 64.6749 70.476 42.2047
internal_count=36032 29462 23608 20788 14282 13563 11100 10002 9197 8462 7911 7414 7108 6869 6589 6311 5933 817 198 619 1098 926 539 387 130 257 336 255 203 172 106 145 126 151 110
is_linear=0
shrinkage=0.05


Tree=43
num_leaves=49
num_cat=0
split_feature=15 31 18 5 22 16 5 19 3 3 14 14 3 25 14 27 5 5 0 0 3 3 5 3 3 18 5 0 0 4 25 21 30 4 0 0 3 3 30 0 0 0 31 4 0 3 0 3
split_gain=760.828 581.622 709.268 959.71 831.666 458.948 337.874 260.411 225.874 130.298 111.765 109.21 90.0623 86.0503 81.8451 74.1404 16.7484 39.8642 10.9986 46.3962 9.02639 56.584 8.15 8.06383 40.9029 4.46219 4.35149 4.06186 3.21875 1.19378 0.940025 0.716327 0.656121 0.596678 0.53971 0.465495 1.52126 0.435911 0.397448 0.311758 0.288655 0.272843 0.264033 0.250543 0.227019 0.115229 0.0857453 0.0386968
threshold=1.0000000180025095e-35 1.0000000180025095e-35 1.0000000180025095e-35 1.5000000000000002 1.0000000180025095e-35 1.0000000180025095e-35 2.5000000000000004 1.0000000180025095e-35 59.000000000000007 59.000000000000007 1.0000000180025095e-35 1.0000000180025095e-35 59.000000000000007 1.0000000180025095e-35 1.0000000180025095e-35 1.0000000180025095e-35 1.5000000000000002 2.5000000000000004 2.5000000000000004 1.5000000000000002 57.000000000000007 59.000000000000007 1.5000000000000002 57.000000000000007 59.000000000000007 1.0000000180025095e-35 1.5000000000000002 6.5000000000000009 8.5000000000000018 1.0000000180025095e-35 1.0000000180025095e-35 1.0000000180025095e-35 1.0000000180025095e-35 1.0000000180025095e-35 7.5000000000000009 9.5000000000000018 49.000000000000007 55.500000000000007 1.0000000180025095e-35 7.5000000000000009 7.5000000000000009 11.000000000000002 1.0000000180025095e-35 1.0000000180025095e-35 13.000000000000002 41.000000000000007 4.5000000000000009 59.000000000000007
decision_type=2 2 2 2 2 2 2 2 2 2 2 2 2 2 2 2 2 2 2 2 2 2 2 2 2 2 2 2 2 2 2 2 2 2 2 2 2 2 2 2 2 2 2 2 2 2 2 2
left_child=1 2 3 4 -1 8 9 10 11 13 12 16 22 18 20 23 25 37 19 -5 26 -22 33 30 -25 29 43 -24 -28 31 38 42 39 -4 -31 36 -27 40 -6 46 -18 -40 -2 -3 -29 -34 -20 -16
right_child=5 14 7 6 15 -7 -8 -9 -10 -11 -12 -13 -14 -15 47 -17 17 -19 32 -21 21 -23 27 24 -26 35 28 44 -30 34 -32 -33 45 -35 -36 -37 -38 -39 41 -41 -42 -43 -44 -45 -46 -47 -48 -49
leaf_value=-0.039803677119858709 0.043946369929113584 0.041892465040450425 0.043028893345874258 -0.038761733654948519 0.042619193480715467 -0.040159919111212333 -0.039217523814814088 -0.040043247705374312 -0.038989431518056727 -0.038874240784249031 -0.046850301725659911 -0.039844997838033011 -0.038669645132168792 -0.044103499825709221 -0.051844340417771764 -0.039089415233258783 0.027818897991627102 -0.039104039902867482 0.041518916688119932 0.043593185770775672 0.041812300103149506 -0.038494245967305114 0.0089110430937000169 0.041496436919637503 -0.038799758340956628 0.020370181689967862 0.011435153130506387 0.037321694017685356 0.035836739637269986 0.032572422594191131 0.032242162532334827 0.038638615365854556 0.033939564176785883 0.037223610198466268 0.040886324683825352 0.03696497989862222 0.035577074447855822 0.04019556707203336 0.032956738448797686 0.043294829889564901 0.03546827786796123 0.040711414996076195 0.038404977806088508 0.036424629661210885 0.028660438352563124 0.039178342418362398 0.036898049769243706 -0.036456124382246005
leaf_weight=3584.6310036182404 1201.8777586966753 479.49239549040794 699.4077105820179 22.743978962302208 211.30219765007496 229.33770962804556 202.9075173586607 135.85530286282301 98.342685677111149 61.174349643290043 40.565242357552052 42.845258712768555 36.753209389746189 31.777768149971962 21.593359179794792 34.621853485703468 37.410936072468758 20.860632136464119 109.58485220372677 64.734331250190735 106.00241176784039 27.202626585960388 25.533028326928616 67.035892486572266 20.295717664062977 30.638790398836136 22.669668905436993 27.414885096251965 35.515811547636986 52.735222354531288 46.072031319141388 114.80084726214409 45.065029039978981 78.517568811774254 66.004709675908089 50.860852465033531 43.981771841645241 39.192922174930573 42.765330389142036 369.48674853891134 47.522571370005608 47.776266679167747 54.51666747033596 54.743745118379593 30.867077045142651 200.67538627237082 80.82998026907444 6.6091617196798316
leaf_count=18642 1218 517 700 271 214 2605 2492 1547 1224 761 344 479 457 285 149 410 81 237 131 69 119 338 106 73 237 75 81 42 54 95 78 151 78 106 81 72 67 49 69 396 71 53 65 82 66 292 121 82
internal_value=0.00040758 -0.00748401 -0.0124374 -0.0200222 -0.0316052 0.0265942 0.019473 0.0245541 0.0346533 0.0315637 0.0339158 0.0386792 0.0375863 0.0362411 0.0340144 0.0309171 0.0406012 0.0241816 0.0391229 0.0220827 0.0372699 0.0253298 0.0408591 0.0365242 0.0227211 0.0420669 0.039931 0.0257701 0.0265081 0.0428474 0.0399514 0.04331 0.0409583 0.0424672 0.037346 0.0326666 0.0295104 0.0349316 0.0410728 0.0420949 0.0322815 0.0372498 0.0437213 0.0413668 0.0330174 0.0382885 0.0396592 -0.0489361
internal_weight=9203.15 7072.22 6318.39 5243.48 4054.5 2130.93 1188.98 1074.91 1901.59 986.072 939.059 1803.25 898.493 924.898 753.829 469.869 1760.4 144.987 893.12 87.4783 725.627 133.205 861.74 435.247 87.3316 1615.42 592.422 83.815 58.1855 1489.94 347.916 1371.2 805.642 777.925 118.74 125.481 74.6206 124.126 301.844 559.902 84.9335 90.5416 1256.39 534.236 58.282 245.74 190.415 28.2025
internal_count=36032 29462 28040 24672 19776 6570 4896 3368 3965 2404 1821 2741 1477 1643 1422 1134 2262 438 1358 340 1191 457 1020 724 310 1824 734 214 135 1610 414 1434 1018 806 176 214 142 201 336 648 152 122 1283 599 108 370 252 231
is_linear=0
shrinkage=0.05


Tree=44
num_leaves=26
num_cat=0
split_feature=9 14 27 6 13 24 10 16 7 12 20 28 11 17 4 25 0 18 18 31 0 31 0 22 31
split_gain=1609.05 981.842 509.65 450.027 367.498 354.904 339.619 327.247 294.723 249.478 235.966 217.859 203.751 186.523 105.176 241.765 187.006 16.3962 2.35412 0.678165 0.385101 0.204823 0.131902 0.057818 0.0547482
threshold=1.0000000180025095e-35 1.0000000180025095e-35 1.0000000180025095e-35 1.0000000180025095e-35 1.0000000180025095e-35 1.0000000180025095e-35 1.0000000180025095e-35 1.0000000180025095e-35 1.0000000180025095e-35 1.0000000180025095e-35 1.0000000180025095e-35 1.0000000180025095e-35 1.0000000180025095e-35 1.0000000180025095e-35 1.0000000180025095e-35 1.0000000180025095e-35 1.5000000000000002 1.0000000180025095e-35 1.0000000180025095e-35 1.0000000180025095e-35 6.5000000000000009 1.0000000180025095e-35 15.000000000000002 1.0000000180025095e-35 1.0000000180025095e-35
decision_type=2 2 2 2 2 2 2 2 2 2 2 2 2 2 2 2 2 2 2 2 2 2 2 2 2
left_child=1 2 3 4 5 6 7 8 9 10 11 12 13 14 17 16 -16 -1 -18 23 -20 -4 -22 -3 -5
right_child=-2 19 21 24 -6 -7 -8 -9 -10 -11 -12 -13 -14 -15 15 -17 18 -19 20 -21 22 -23 -24 -25 -26
leaf_value=-0.039839797537099458 0.047453378703425989 0.049981772299907294 0.051658906465506561 0.053859205739434791 0.053883178336588761 0.054074651621488994 0.053594415033765511 0.050167792271690263 0.05296388518619867 0.053244689586447097 0.060097018057967258 0.05859372800134062 0.055878465306846009 0.064449271516653459 0.052736037461937051 0.05827956503968882 -0.033547977641895814 -0.030407343992213981 -0.020878134510837358 0.060897238364213707 -0.030187128909925001 0.06314080654318395 -0.024046024139827329 0.056379774081481385 0.065167984412701704
leaf_weight=3490.2496098577976 1491.6076623946428 552.67702463269234 255.33014376461506 194.3889711946249 163.48590825498104 149.31664143502712 137.91771836578846 138.54189479351044 111.24052523076534 90.170537546277046 70.681928098201752 65.767903946340084 63.787509649991989 47.522287577390671 67.319517284631729 86.640185236930847 1023.3677012473345 541.39954470098019 38.071921125054359 28.105079174041748 47.691746070981026 14.621015474200247 30.940126866102219 36.365145966410637 13.146215960383413
leaf_count=5916 11282 4010 1837 1377 1150 1043 977 982 793 634 474 437 427 309 469 590 1684 811 82 185 73 94 59 252 85
internal_value=5.56544e-05 -0.00942554 -0.0148751 -0.0176422 -0.0200064 -0.0219588 -0.0238392 -0.0256496 -0.0274727 -0.0290571 -0.0303933 -0.031561 -0.0326568 -0.0337129 -0.0345948 -0.0221777 -0.0279729 -0.0385771 -0.0327597 0.0509501 -0.0257337 0.0523964 -0.0279379 0.0504242 0.0547305
internal_weight=8950.35 7458.75 6841.6 6571.65 6364.11 6200.63 6051.31 5913.39 5774.85 5663.61 5573.44 5502.76 5436.99 5373.2 5325.68 1294.03 1207.39 4031.65 1140.07 617.147 116.704 269.951 78.6319 589.042 207.535
internal_count=36032 24750 20303 18372 16910 15760 14717 13740 12758 11965 11331 10857 10420 9993 9684 2957 2367 6727 1898 4447 214 1931 132 4262 1462
is_linear=0
shrinkage=0.05


Tree=45
num_leaves=57
num_cat=0
split_feature=15 18 3 4 31 22 14 6 27 13 24 10 28 25 0 31 22 14 1 1 2 0 8 3 2 2 0 0 1 0 0 3 1 1 1 1 0 0 1 0 0 0 1 1 0 0 0 3 1 1 1 3 0 1 1 3
split_gain=1030.96 724.685 712.559 607.629 592.487 537.582 390.355 147.681 134.131 123.054 115.827 96.5585 93.0141 30.2595 25.0133 25.4984 18.9138 18.479 2.77135 4.79086 1.62338 1.4309 1.62455 3.27909 1.26901 1.08934 2.49779 4.47478 2.54059 1.87078 2.96599 5.1321 2.84378 3.84466 2.06678 2.59146 1.71844 2.95187 1.73997 1.69066 1.55503 1.47818 1.17764 1.3862 1.05484 2.53426 0.970163 0.967375 0.96795 0.883236 0.73647 0.69075 0.563494 0.276195 0.139138 0.324881
threshold=1.0000000180025095e-35 1.0000000180025095e-35 59.000000000000007 1.0000000180025095e-35 1.0000000180025095e-35 1.0000000180025095e-35 1.0000000180025095e-35 1.0000000180025095e-35 1.0000000180025095e-35 1.0000000180025095e-35 1.0000000180025095e-35 1.0000000180025095e-35 1.0000000180025095e-35 1.0000000180025095e-35 1.5000000000000002 1.0000000180025095e-35 1.0000000180025095e-35 1.0000000180025095e-35 1.8499999642372134 1.6500000357627871 1.0000000180025095e-35 26.000000000000004 1.0000000180025095e-35 49.000000000000007 1.0000000180025095e-35 1.0000000180025095e-35 13.000000000000002 8.5000000000000018 2.2500000000000004 2.5000000000000004 5.5000000000000009 49.000000000000007 3.8500000238418584 3.1499999761581425 2.8500000238418584 3.7500000000000004 3.5000000000000004 4.5000000000000009 3.0499999523162846 22.000000000000004 13.000000000000002 11.000000000000002 3.4500000476837163 3.9500000476837163 4.5000000000000009 15.000000000000002 15.000000000000002 55.500000000000007 3.0499999523162846 3.2500000000000004 3.8500000238418584 51.000000000000007 7.5000000000000009 3.7500000000000004 3.1499999761581425 49.000000000000007
decision_type=2 2 2 2 2 2 2 2 2 2 2 2 2 2 2 2 2 2 2 2 2 2 2 2 2 2 2 2 2 2 2 2 2 2 2 2 2 2 2 2 2 2 2 2 2 2 2 2 2 2 2 2 2 2 2 2
left_child=1 2 3 4 5 6 7 8 9 10 11 12 -1 14 -5 16 17 18 19 44 -21 22 25 -24 -23 29 27 28 -27 -20 34 32 33 40 -31 -36 38 -38 -30 47 -32 52 51 -44 -16 -46 -43 48 -28 -48 -40 -39 -33 -50 -29 -56
right_child=-2 -3 -4 13 -6 -7 -8 -9 -10 -11 -12 -13 -14 -15 15 -17 -18 -19 21 20 -22 24 23 -25 -26 26 39 54 36 30 31 41 -34 -35 35 -37 37 42 50 -41 -42 46 43 -45 45 -47 49 -49 53 -51 -52 -53 -54 -55 55 -57
leaf_value=0.044653521542648136 -0.039842546964134223 -0.039531042923375295 -0.038726433595037781 -0.039710887705997948 -0.039475648755678314 -0.039780695084585066 -0.039290967959574097 -0.039119989662104775 -0.038741985522227518 -0.039905552898560043 -0.039576684903312599 -0.038686958627658773 -0.043743710140036439 -0.041848975659382018 0.0075065839427436156 -0.039702767009056616 -0.038918808181247787 -0.038425091634932726 -0.014091093056301525 -0.012761807001871807 -0.031508120126936899 0.015515718369939683 0.00094619381991583533 -0.023209599679943547 -0.0024049026105284243 0.0097910429233086186 -0.021143163297624862 0.0053824719181651791 -0.013559605511706466 0.01893261270876943 -0.010105189570899734 -0.007990886329779007 -0.011205602662246355 0.023301714545797381 -0.005659733635376492 0.01739024784818775 -0.027187508479652484 -0.0072780309401279768 0.011213348635324718 0.00084333026505736635 0.007678986344943399 0.0036622165147640801 0.0083317572026808378 -0.0098742540935268432 -0.017958315528134785 0.0061841005195994699 -0.016145101144950897 -0.0037196193190249349 -0.0067707981083947851 -0.0022991712713551779 -0.0021328581650073581 -0.020120922440842414 -0.018991342138399099 -0.014128350993060524 0.0055584725653494808 0.014127426533838028
leaf_weight=3587.2797600030899 1402.9035362452269 749.40029860287905 616.15389474481344 70.45304911583662 318.9287685342133 251.15442815795541 166.55497282743454 59.485089614987373 52.913009032607079 45.876538649201393 42.473710812628269 35.360383063554764 29.632939070463181 84.44124299287796 18.351946271955967 63.505120307207108 44.412213999778032 40.942885935306549 24.919478941708803 21.784307569265366 27.03775680065155 18.00695913657546 26.205006118863821 29.692845191806555 20.942885391414165 21.73392765596509 38.798222053796053 31.464581962674856 19.303083345293999 28.434598971158266 19.026086580008268 18.130481399595737 20.297351211309433 30.863372705876827 34.946290295571089 18.100027684122324 24.185041029006243 24.221160158514977 19.951087571680546 28.066703576594591 32.690000094473362 22.970245812088251 19.22668419033289 21.757763985544443 22.675951849669218 20.105933763086796 21.403477482497692 23.830537080764771 26.550759736448526 24.704244256019592 20.629715293645859 19.275411274284124 38.778177507221699 27.61760501563549 23.39438696205616 22.491227116435766
leaf_count=5987 6579 3587 8096 861 645 690 2037 727 668 515 489 439 259 1008 49 171 169 533 56 76 72 53 57 68 64 53 95 92 65 84 67 67 71 85 97 59 58 67 63 58 79 62 54 54 80 60 64 64 55 68 49 48 99 61 47 57
internal_value=-0.000633235 0.00699662 0.012395 0.0177859 0.0262191 0.0311291 0.0355641 0.0388045 0.0400315 0.0411508 0.0421625 0.0431183 0.0439233 -0.0130207 -0.0109265 -0.00906814 -0.00717555 -0.00573769 -0.0043133 -0.0117631 -0.0233577 -0.00333474 -0.00378921 -0.0119773 0.00597165 -0.00316953 -0.00488858 -0.00201864 -0.0061375 -0.00105033 1.77753e-05 -0.00289987 0.00537185 0.00948936 0.00818056 0.00229414 -0.00821432 -0.0119485 -0.00139546 -0.0101656 0.00110217 -0.00964884 -0.00745157 -0.00133594 -0.00238924 -0.00667189 -0.00468007 -0.0128034 -0.0150995 -0.00883078 0.00448527 -0.0131333 -0.0155868 -0.0106169 0.00808825 0.00986563
internal_weight=8614.44 7211.53 6462.13 5845.98 4589.66 4270.73 4019.58 3853.02 3793.54 3740.62 3694.75 3652.27 3616.91 1256.32 1171.88 1101.43 1037.92 993.508 952.565 109.956 48.8221 842.609 803.66 55.8979 38.9498 747.762 412.498 267.634 190.284 335.264 310.344 228.863 102.877 82.5795 81.4809 53.0463 168.55 108.666 59.8839 144.864 51.7161 125.987 84.481 40.9844 61.1338 42.7819 69.078 116.797 92.9666 46.1077 40.5808 43.4966 56.9087 54.1684 77.3502 45.8856
internal_count=36037 29458 25871 17775 12456 11811 11121 9084 8357 7689 7174 6685 6246 5319 4311 3450 3279 3110 2577 337 148 2240 2123 125 117 1998 1040 707 511 958 902 662 302 231 240 156 458 281 177 333 146 360 223 108 189 140 194 275 211 132 112 115 166 116 196 104
is_linear=0
shrinkage=0.05


Tree=46
num_leaves=44
num_cat=0
split_feature=15 18 31 5 22 16 5 19 3 3 14 27 14 3 25 27 3 5 5 5 5 3 3 26 18 26 1 26 4 1 1 26 4 21 3 3 1 26 1 3 3 1 2
split_gain=682.295 542.558 694.641 853.365 786.864 419.76 306.63 270.736 206 117.657 112.099 100.024 89.9157 89.227 78.4607 68.6336 61.3826 11.7559 36.7751 6.20244 5.64568 5.44042 37.8298 2.62989 2.56786 2.48369 1.83825 1.43281 1.41586 1.32307 0.784355 1.48836 0.590776 0.305345 0.296011 0.293978 0.250014 0.18101 0.178915 0.158478 0.155476 0.0507246 0.0134819
threshold=1.0000000180025095e-35 1.0000000180025095e-35 1.0000000180025095e-35 1.5000000000000002 1.0000000180025095e-35 1.0000000180025095e-35 2.5000000000000004 1.0000000180025095e-35 59.000000000000007 59.000000000000007 1.0000000180025095e-35 1.0000000180025095e-35 1.0000000180025095e-35 59.000000000000007 1.0000000180025095e-35 1.0000000180025095e-35 59.000000000000007 1.5000000000000002 2.5000000000000004 1.5000000000000002 1.5000000000000002 57.000000000000007 59.000000000000007 1.0000000180025095e-35 1.0000000180025095e-35 1.0000000180025095e-35 3.0499999523162846 1.0000000180025095e-35 1.0000000180025095e-35 2.5499999523162846 2.6499999761581425 1.0000000180025095e-35 1.0000000180025095e-35 1.0000000180025095e-35 54.500000000000007 49.000000000000007 2.8500000238418584 1.0000000180025095e-35 2.7500000000000004 47.000000000000007 41.000000000000007 2.9500000476837163 1.0000000180025095e-35
decision_type=2 2 2 2 2 2 2 2 2 2 2 2 2 2 2 2 2 2 2 2 2 2 2 2 2 2 2 2 2 2 2 2 2 2 2 2 2 2 2 2 2 2 2
left_child=1 2 3 4 -1 8 9 10 11 14 13 12 17 19 30 21 20 24 34 23 32 27 -23 -3 28 -21 -22 36 37 -27 31 -5 38 42 -19 -26 -6 -2 -4 40 -29 -41 -32
right_child=5 7 16 6 15 -7 -8 -9 -10 -11 -12 -13 -14 -15 -16 -17 -18 18 -20 25 26 22 -24 -25 35 29 -28 39 -30 -31 33 -33 -34 -35 -36 -37 -38 -39 -40 41 -42 -43 -44
leaf_value=-0.039367969939640472 0.041573112614523455 0.036516539514182447 0.037054972311599994 0.025826149493497198 0.027593842078768045 -0.03965177086722415 -0.038875393235810241 -0.040396970275930581 -0.038576995083250715 -0.038457933481078149 -0.045993992216214842 -0.046589197739914101 -0.039350023468723544 -0.038282320396571548 -0.04311196410552641 -0.038601446591331065 -0.038124769019209484 0.033621152704945256 -0.038714508645909813 0.011367202404530229 0.0092140290860105636 0.041189708018419063 -0.038285484475617873 0.043144153533163386 0.030426366348037533 0.039653337947832858 0.027995684845219495 0.040642305537292735 0.036660814843093997 0.024697802431321369 0.037644525593490026 0.036509699016152058 0.032335792402210961 0.032515001884062575 0.040487539288658718 0.037098620334694708 0.034993864569819677 0.043766106224168905 0.040104914941671684 0.039128470316442121 0.034199194001098318 0.044303961457727012 0.040214952345247579
leaf_weight=3404.6081606894732 424.99982130527496 234.34356397390366 213.64668828248978 43.49422637373209 34.442875295877457 219.26823090016842 194.51000974327326 141.33663173019886 93.841423876583576 58.446160614490509 42.170285224914551 34.427550807595253 35.488721899688244 37.538648791611195 30.973577119410038 33.295357286930084 28.09877897799015 74.093520440161228 18.288574375212193 20.368152968585491 19.564834043383598 68.884410306811333 18.667955651879311 603.50363710522652 49.7159383893013 30.389318637549877 42.920260459184647 53.868143498897552 117.55653187632561 37.361662022769451 208.97393705695868 277.8810198828578 55.538887828588486 36.199514649808407 49.055114053189754 73.0816620439291 51.012969046831131 879.95487444102764 327.07542608678341 68.264584317803383 50.796148881316185 83.048183098435402 286.50525618344545
leaf_count=18564 464 323 282 120 67 2621 2493 1633 1229 765 369 287 413 491 292 416 367 119 214 77 70 73 229 556 87 45 92 58 170 93 329 453 95 65 58 98 75 819 363 80 72 71 380
internal_value=0.000548184 -0.00706554 -0.0133889 -0.0198615 -0.0310571 0.0256966 0.0182118 0.0242991 0.0334485 0.030008 0.033407 0.037306 0.0389961 0.0369042 0.0345537 0.0301276 0.0337455 0.0406556 0.0266801 0.0399713 0.0368377 0.0355007 0.0241228 0.0413133 0.0419257 0.0270503 0.0222348 0.0383787 0.0425517 0.0316474 0.0373972 0.0351062 0.0383481 0.0387478 0.036509 0.0345316 0.0321892 0.0430681 0.0389352 0.0403783 0.0376928 0.0421056 0.0391699
internal_weight=8907.5 6837.73 5690.72 5003.87 3866.89 2069.77 1136.98 1147.01 1850.5 942.474 1005.68 1756.66 1722.23 963.505 884.028 462.281 686.845 1686.75 141.437 925.966 658.746 428.985 87.5524 837.847 1545.31 88.1191 62.4851 341.433 1422.51 67.751 853.054 321.375 596.261 531.679 123.149 122.798 85.4558 1304.95 540.722 255.977 104.664 151.313 495.479
internal_count=36037 29458 25871 24602 19705 6579 4897 3587 3958 2404 1954 2729 2442 1585 1639 1141 1269 2029 391 1094 902 725 302 879 1638 215 162 423 1453 138 1347 573 740 774 177 185 142 1283 645 281 130 151 709
is_linear=0
shrinkage=0.05


Tree=47
num_leaves=25
num_cat=0
split_feature=3 14 27 5 6 13 24 10 16 7 19 12 11 17 4 25 0 31 31 15 15 31 15 0
split_gain=1477.35 898.526 475.303 438.265 411.202 345.812 330.75 315.679 293.889 270.633 254.7 219.56 188.928 169.222 22.7104 211.813 151.067 0.453568 0.243901 0.190246 0.162229 0.12025 0.112391 0.095334
threshold=59.000000000000007 1.0000000180025095e-35 1.0000000180025095e-35 2.5000000000000004 1.0000000180025095e-35 1.0000000180025095e-35 1.0000000180025095e-35 1.0000000180025095e-35 1.0000000180025095e-35 1.0000000180025095e-35 1.0000000180025095e-35 1.0000000180025095e-35 1.0000000180025095e-35 1.0000000180025095e-35 1.0000000180025095e-35 1.0000000180025095e-35 1.5000000000000002 1.0000000180025095e-35 1.0000000180025095e-35 1.0000000180025095e-35 1.0000000180025095e-35 1.0000000180025095e-35 1.0000000180025095e-35 1.5000000000000002
decision_type=2 2 2 2 2 2 2 2 2 2 2 2 2 2 2 2 2 2 2 2 2 2 2 2
left_child=1 2 3 4 5 6 7 8 9 10 11 12 13 14 20 16 -16 -3 -4 -12 21 -1 -11 -17
right_child=-2 17 18 -5 -6 -7 -8 -9 -10 22 19 -13 -14 -15 15 23 -18 -19 -20 -21 -22 -23 -24 -25
leaf_value=-0.036832893795261008 0.046274499273992721 0.049144109611340754 0.050542262034905742 0.047970355794217608 0.05422614840491885 0.053598363570292865 0.053487421615131626 0.052886319191359193 0.048894000331790234 0.050577484403733081 0.052128929384633885 0.05334959409941447 0.054836456687566586 0.06312931160517915 0.052779936153699331 0.047865999006581179 -0.038541082044745434 0.058478533556940188 0.061916650708250975 0.066327637763152106 -0.03835109064384707 -0.03865205457535878 0.061891137993462776 0.062970018915339196
leaf_weight=2779.9692471325397 1440.6739761382341 567.09436576813459 247.60411661863327 247.24392960965633 181.17585426568985 146.47065912932158 133.78125613182783 123.8049266859889 122.00754339247942 83.469706624746323 75.31254555284977 73.191389203071594 59.242846079170704 43.426492735743523 46.99812500923872 10.52821037173271 1005.9841398447752 28.000458441674709 15.321255423128603 10.510367348790167 796.76357606053352 333.30376791954041 14.801346972584723 50.84328131377697
leaf_count=5781 11305 4229 1832 1866 1298 1043 950 896 887 621 523 517 402 282 327 77 1274 186 99 67 821 332 94 328
internal_value=6.62254e-05 -0.00918637 -0.0144917 -0.0172254 -0.0198753 -0.0221511 -0.0240805 -0.0259283 -0.027705 -0.0294451 -0.0309749 -0.0323864 -0.0336154 -0.0346547 -0.035506 -0.0291725 -0.034442 0.049632 0.0513213 0.0542419 -0.0373071 -0.0370338 0.0525862 0.0607867
internal_weight=8637.52 7196.85 6601.75 6338.83 6091.59 5910.41 5763.94 5630.16 5506.35 5384.35 5286.07 5200.25 5127.06 5067.82 5024.39 1114.35 1052.98 595.095 262.925 85.8229 3910.04 3113.27 98.2711 61.3715
internal_count=36037 24732 20317 18386 16520 15222 14179 13229 12333 11446 10731 10141 9624 9222 8940 2006 1601 4415 1931 590 6934 6113 715 405
is_linear=0
shrinkage=0.05


Tree=48
num_leaves=19
num_cat=0
split_feature=15 5 18 3 31 22 14 6 27 13 20 11 28 17 10 12 26 4
split_gain=963.561 901.215 763.647 700.893 601.741 502.425 402.813 151.72 136.527 130.197 104.394 103.282 99.8884 95.4274 92.9947 90.7825 4.31628 16.9062
threshold=1.0000000180025095e-35 1.5000000000000002 1.0000000180025095e-35 59.000000000000007 1.0000000180025095e-35 1.0000000180025095e-35 1.0000000180025095e-35 1.0000000180025095e-35 1.0000000180025095e-35 1.0000000180025095e-35 1.0000000180025095e-35 1.0000000180025095e-35 1.0000000180025095e-35 1.0000000180025095e-35 1.0000000180025095e-35 1.0000000180025095e-35 1.0000000180025095e-35 1.0000000180025095e-35
decision_type=2 2 2 2 2 2 2 2 2 2 2 2 2 2 2 2 2 2
left_child=1 2 3 4 5 6 7 8 9 10 11 12 13 14 15 16 17 -1
right_child=-2 -3 -4 -5 -6 -7 -8 -9 -10 -11 -12 -13 -14 -15 -16 -17 -18 -19
leaf_value=0.043971989118321932 -0.039415371447834718 -0.039300071022814922 -0.039123126034456626 -0.03835025189339672 -0.039125192195686574 -0.039329801021335146 -0.038843545867212947 -0.038688233484688507 -0.038349714141171644 -0.039437856452634812 -0.042666540258303187 -0.042526933194476153 -0.043139884991299365 -0.046459832739596162 -0.038327304496228828 -0.039929334085014374 0.04615067963378261 0.020494630365264416
leaf_weight=1146.1462252959609 1340.4642269797623 916.29304805025458 609.52471469342709 471.17434757947922 335.84870230406523 245.82932823523879 181.1005419716239 64.386522069573402 56.710235394537449 51.17889317125082 36.974471338093281 36.022486239671707 33.708395697176456 29.315010733902454 34.049729250371456 31.410976514220238 2574.9487107694149 83.550239130854607
leaf_count=2002 6588 5894 2822 6515 739 756 2342 832 756 606 351 343 315 242 441 343 3885 293
internal_value=-0.000615234 0.0068833 0.0139133 0.0198892 0.025446 0.0301586 0.0340811 0.0372461 0.0384391 0.0395169 0.0405304 0.0413107 0.0420839 0.042826 0.0435082 0.0442395 0.0449396 0.0423858
internal_weight=8278.64 6938.17 6021.88 5412.35 4941.18 4605.33 4359.5 4178.4 4114.02 4057.31 4006.13 3969.15 3933.13 3899.42 3870.11 3836.06 3804.65 1229.7
internal_count=36065 29477 23583 20761 14246 13507 12751 10409 9577 8821 8215 7864 7521 7206 6964 6523 6180 2295
is_linear=0
shrinkage=0.05


Tree=49
num_leaves=64
num_cat=0
split_feature=3 14 31 18 5 22 5 19 25 6 16 13 24 10 7 0 0 12 20 4 5 1 1 29 0 5 0 26 0 3 25 1 0 3 26 8 0 1 1 8 26 3 0 0 1 0 26 1 0 0 18 1 1 1 26 3 3 3 0 0 3 3 1
split_gain=541.835 330.578 305.547 362.678 438.523 369.949 255.438 234.529 80.5727 27.2565 22.632 21.8619 20.447 19.3402 16.6784 13.639 46.925 13.5312 12.7375 11.1404 9.21174 6.93556 6.62027 6.83528 5.36475 4.40115 4.30675 3.97888 3.71538 2.66786 2.51621 5.07604 4.29027 3.83004 2.35749 2.34915 2.2112 4.42411 2.75193 2.40733 3.19036 3.04469 2.20046 1.90562 2.93772 2.99222 1.64319 1.53966 2.29874 2.21678 1.46113 1.37655 2.34042 3.56436 2.58759 2.14291 2.13458 1.72183 1.59929 2.71888 4.15549 2.60931 3.51875
threshold=59.000000000000007 1.0000000180025095e-35 1.0000000180025095e-35 1.0000000180025095e-35 1.5000000000000002 1.0000000180025095e-35 2.5000000000000004 1.0000000180025095e-35 1.0000000180025095e-35 1.0000000180025095e-35 1.0000000180025095e-35 1.0000000180025095e-35 1.0000000180025095e-35 1.0000000180025095e-35 1.0000000180025095e-35 2.5000000000000004 1.5000000000000002 1.0000000180025095e-35 1.0000000180025095e-35 1.0000000180025095e-35 1.5000000000000002 3.9500000476837163 2.2500000000000004 1.0000000180025095e-35 11.000000000000002 1.5000000000000002 5.5000000000000009 1.0000000180025095e-35 2.5000000000000004 49.000000000000007 1.0000000180025095e-35 1.6500000357627871 3.5000000000000004 49.000000000000007 1.0000000180025095e-35 1.0000000180025095e-35 19.000000000000004 3.1499999761581425 2.9500000476837163 1.0000000180025095e-35 1.0000000180025095e-35 51.000000000000007 8.5000000000000018 4.5000000000000009 4.2500000000000009 1.5000000000000002 1.0000000180025095e-35 1.4499999880790713 9.5000000000000018 8.5000000000000018 1.0000000180025095e-35 2.5499999523162846 2.8500000238418584 2.7500000000000004 1.0000000180025095e-35 49.000000000000007 39.000000000000007 51.000000000000007 13.000000000000002 7.5000000000000009 43.000000000000007 53.000000000000007 3.3500000238418584
decision_type=2 2 2 2 2 2 2 2 2 2 2 2 2 2 2 2 2 2 2 2 2 2 2 2 2 2 2 2 2 2 2 2 2 2 2 2 2 2 2 2 2 2 2 2 2 2 2 2 2 2 2 2 2 2 2 2 2 2 2 2 2 2 2
left_child=1 2 3 4 5 9 8 20 15 10 11 12 13 14 17 16 -6 18 19 21 46 22 23 30 -25 50 -27 -22 -21 42 47 -32 -33 -34 -31 43 39 38 -38 51 -41 -42 -30 44 45 -23 -5 -1 49 -49 -4 -24 53 55 -55 -53 -54 -56 59 61 -61 62 -58
right_child=-2 -3 25 7 6 -7 -8 -9 -10 -11 -12 -13 -14 -15 -16 -17 -18 -19 -20 28 27 35 36 24 -26 26 -28 -29 29 34 31 32 33 -35 -36 -37 37 -39 -40 40 41 -43 -44 -45 -46 -47 -48 48 -50 -51 -52 52 56 54 57 -57 58 -59 -60 60 -62 -63 -64
leaf_value=0.0010305259695945483 -0.038365054490289131 -0.041116542813158997 0.038631617866242668 0.035811881501953469 -0.039603475179921771 0.035454494285235082 -0.038610781152180744 -0.042269350182740313 -0.043789791232988158 -0.041351326231974017 -0.039885429392455728 -0.041940244483955856 -0.041755088854901312 -0.041420891886793036 -0.041753926919632298 0.039947958978674362 0.04153072616285166 -0.041606231601572674 -0.042402234526045059 -0.034715654513235376 0.0025185301442993187 -0.015924688512603424 -0.0044039080164472661 -0.035753867541583863 -0.010466447376454788 0.0057195956542226431 0.032261860005769895 0.028004269969160528 -0.014310148147055536 -0.025027415793616555 -0.033702416424551733 0.0015254710051866812 -0.0065986359374263174 -0.032771490355605275 -0.0099888811059768434 -0.002038104756326663 -0.0049806963587890919 0.0036235493861979172 -0.021144362831973958 0.010060347265005858 -0.017546895152949504 0.0035319915186064347 -0.027127652050113256 -0.018125327351747902 -0.021549842563384242 -0.00068274067565612679 0.041015328559010938 -0.0083356203825989596 -0.014069712547844249 0.0059576335302535628 0.028809554810965962 -0.015055750494918613 5.3492235762328167e-05 -0.0092250102734848221 -0.019412796649616076 -0.0043598399996457472 -0.0051197242561246623 -0.038245212731961915 -0.0033922051383417856 0.0022152293906712566 -0.017532342906159456 -0.0036321565008163095 -0.015517111439324729
leaf_weight=36.701378706842661 816.72908437997103 378.25296191871166 639.79569244384766 256.17085781693459 24.212895780801773 427.21756377071142 132.17579279839993 100.40620512515306 30.708128727972507 85.292142450809479 75.491472251713276 60.852145582437515 55.820261985063553 52.394590586423874 42.987304531037807 849.27536548674107 63.760636746883392 34.367959462106228 30.154218144714832 31.729487121105194 20.035803407430649 57.182884149253368 253.96507653594017 50.323238227516413 36.668775524944067 21.278625167906284 56.078996777534485 65.973656341433525 59.235384605824947 31.545730952173471 32.190690007060766 40.825537949800491 28.307347938418388 27.736094750463963 149.80208740383387 35.060872323811054 124.09867349267006 146.23214918375015 33.108164295554161 44.879602864384651 33.83216480538249 33.914585903286934 83.657907787710428 276.42767297104001 51.267780121415854 72.992946334183216 607.81454356014729 302.5846589282155 182.22844939678907 29.440589219331741 48.281294077634811 79.636185243725777 89.225598260760307 29.854162376374006 30.031796723604202 114.13165979832411 164.58755280449986 22.810721375048161 155.51691975444555 31.950975332409143 156.67272939905524 268.91915639862418 161.88299666345119
leaf_count=72 11299 4478 766 363 285 734 1745 1072 279 1011 854 757 664 642 542 1019 68 440 340 240 96 127 480 133 81 96 100 155 133 134 85 72 57 69 262 66 235 254 77 69 80 59 199 617 124 131 629 603 394 48 92 183 161 63 64 214 315 63 289 62 361 507 356
internal_value=0.000357477 0.00444046 0.00678069 0.00331443 -0.00178038 -0.00876075 0.0264825 0.0302503 0.0353865 -0.0134535 -0.0128449 -0.012312 -0.011833 -0.0113822 -0.0109512 0.0380026 0.0191026 -0.0105833 -0.0102832 -0.0100076 0.0379332 -0.00908116 -0.00809682 -0.0120402 -0.0252155 0.0366754 0.0250445 0.0221163 -0.0184028 -0.0167555 -0.0103374 -0.0166266 -0.0108082 -0.0197269 -0.0126665 -0.0145435 -0.00656291 -0.00263053 -0.00844105 -0.00727565 -0.000215125 -0.00704606 -0.0218827 -0.0154978 -0.011456 -0.00741345 0.0394941 -0.00885045 -0.00955595 -0.00706119 0.0379638 -0.00778543 -0.00844146 -0.0125306 -0.0212058 -0.00878316 -0.007337 -0.0278245 -0.00803852 -0.00895741 -0.0141903 -0.00728908 -0.0102912
internal_weight=8566.69 7749.96 7371.71 6606.27 5555.87 4455.74 1100.13 1050.4 967.957 4028.52 3943.23 3867.74 3806.88 3751.06 3698.67 937.249 87.9735 3655.68 3621.31 3591.16 949.995 3235.19 2742.26 767.007 86.992 765.435 77.3576 86.0095 355.971 324.241 680.015 129.06 96.869 56.0434 181.348 492.932 1975.25 303.439 157.207 1671.81 112.626 67.7468 142.893 457.871 181.444 130.176 863.985 550.955 514.254 332.025 688.077 1559.19 1305.22 276.465 82.6967 193.768 1028.76 52.8425 939.53 784.013 188.624 595.39 326.471
internal_count=36065 24766 20288 19234 16919 13523 3396 2315 1651 12789 11778 10924 10167 9503 8861 1372 353 8319 7879 7539 1243 6571 5506 1614 214 1054 196 251 968 728 1400 283 198 126 396 1065 3892 566 312 3326 208 139 332 999 382 258 992 1117 1045 651 858 3118 2638 587 190 397 2051 127 1890 1601 423 1178 671
is_linear=0
shrinkage=0.05


Tree=50
num_leaves=43
num_cat=0
split_feature=3 27 5 13 10 24 16 7 19 20 12 11 17 4 25 0 1 29 15 1 31 5 15 31 18 15 15 18 31 31 1 18 1 1 1 29 1 29 1 1 1 15
split_gain=1344.99 441.874 414.791 331.714 311.543 302.606 285.713 272.784 237.754 226.731 222.708 192.631 161.714 18.1366 199.619 147.618 13.6229 4.94383 3.56986 3.18099 0.898376 0.589243 0.419069 0.445181 0.669674 0.311787 0.284329 0.359564 0.309451 0.270375 0.226514 0.153456 0.238129 0.529077 0.227931 0.483549 0.18497 0.0868889 0.0691028 0.111662 0.0492877 0.00112673
threshold=59.000000000000007 1.0000000180025095e-35 2.5000000000000004 1.0000000180025095e-35 1.0000000180025095e-35 1.0000000180025095e-35 1.0000000180025095e-35 1.0000000180025095e-35 1.0000000180025095e-35 1.0000000180025095e-35 1.0000000180025095e-35 1.0000000180025095e-35 1.0000000180025095e-35 1.0000000180025095e-35 1.0000000180025095e-35 1.5000000000000002 2.4500000476837163 1.0000000180025095e-35 1.0000000180025095e-35 2.4500000476837163 1.0000000180025095e-35 1.5000000000000002 1.0000000180025095e-35 1.0000000180025095e-35 1.0000000180025095e-35 1.0000000180025095e-35 1.0000000180025095e-35 1.0000000180025095e-35 1.0000000180025095e-35 1.0000000180025095e-35 2.1499999761581425 1.0000000180025095e-35 1.6500000357627871 2.1499999761581425 1.7500000000000002 1.0000000180025095e-35 2.3500000238418584 1.0000000180025095e-35 2.2500000000000004 1.8499999642372134 1.7500000000000002 1.0000000180025095e-35
decision_type=2 2 2 2 2 2 2 2 2 2 2 2 2 2 2 2 2 2 2 2 2 2 2 2 2 2 2 2 2 2 2 2 2 2 2 2 2 2 2 2 2 2
left_child=1 2 3 4 5 6 7 8 9 10 11 12 13 16 15 -15 18 22 20 21 31 38 23 24 -18 -10 27 28 -19 -3 -20 34 -33 -34 35 -1 -36 -21 39 -17 -23 -9
right_child=-2 29 -4 -5 -6 -7 -8 41 25 -11 -12 -13 -14 14 -16 19 17 26 30 37 -22 40 -24 -25 -26 -27 -28 -29 -30 -31 -32 32 33 -35 36 -37 -38 -39 -40 -41 -42 -43
leaf_value=-0.023924240599208491 0.045214624667686873 0.048913606262867004 0.046730738499792646 0.051410410833364943 0.05094175057533451 0.051552315121404735 0.046915276638080067 0.049528158886623458 0.049419321302819841 0.057958712318513753 0.051541645222283966 0.052796986151041919 0.059655532745037758 0.050537568719201453 0.056179282881640785 -0.024232106037415106 -0.032658976808671435 -0.02493565568561187 -0.030658343229707397 -0.035926720844276158 -0.03015696174135862 -0.028576575089588448 -0.035539820490515302 -0.036224086701007643 -0.035922084825420204 0.061937781711134503 -0.031280659480591014 -0.031504763640112385 -0.031746466577244836 0.059591972590629608 -0.035022282578636127 -0.03143575682760881 -0.020849945885300786 -0.029800353842143964 -0.025685467216593913 -0.016919248623858931 -0.022206685503510792 -0.032896635124306683 -0.021853250417993058 -0.029291755254898428 -0.032346472719078471 0.058549443764284261
leaf_weight=220.56089448183775 1384.8236279115081 292.10808143019676 291.87895151972771 186.54172466695309 167.63120260089636 151.59147797524929 155.26587200909853 107.03906022012234 88.052160136401653 81.019984975457191 90.39070986956358 73.345216400921345 50.98661482334137 54.525453925132751 72.474957585334778 47.46764799207449 1410.7444711849093 224.32595775276423 171.63725318014622 599.74567203968763 102.93828846514225 63.919731706380844 487.32397083938122 198.073914244771 244.59151330590248 15.311704933643339 59.587556838989258 43.263560816645622 26.101322904229164 17.210031867027283 84.362985476851463 34.636124417185783 43.361604556441307 37.786790698766708 486.0691077709198 34.242392621934414 73.885866887867451 108.41611024737358 23.350800946354866 52.084250316023827 126.4782782793045 18.29158016294241
leaf_count=686 11299 2243 2290 1391 1263 1121 1196 818 647 567 662 518 345 396 502 118 3667 684 267 871 148 101 595 226 288 102 90 60 35 113 108 48 85 56 1455 118 237 173 67 113 175 121
internal_value=0.000244587 -0.00875918 -0.0114941 -0.0141877 -0.0161877 -0.0180788 -0.0198994 -0.0217374 -0.0233917 -0.0248237 -0.0260834 -0.0274231 -0.0285633 -0.0294455 -0.0238818 -0.0292981 -0.0310463 -0.0330796 -0.0267873 -0.0335823 -0.025441 -0.0292289 -0.0339241 -0.0334898 -0.0331518 0.051563 -0.0274438 -0.0266135 -0.0257074 0.0496029 -0.0321619 -0.0249034 -0.0271747 -0.0251747 -0.0245642 -0.0230178 -0.0252467 -0.0354864 -0.0261247 -0.0270124 -0.031159 0.0510722
internal_weight=8303.44 6918.62 6609.3 6317.42 6130.88 5963.25 5811.66 5656.39 5531.06 5427.7 5346.68 5256.29 5182.94 5131.96 1148.46 1075.99 3983.49 2694.01 1289.48 1021.46 1033.48 313.301 2340.73 1853.41 1655.34 103.364 353.278 293.691 250.427 309.318 256 930.543 115.785 81.1484 814.758 254.803 559.955 708.162 122.903 99.5519 190.398 125.331
internal_count=36065 24766 22410 20120 18729 17466 16345 15149 14210 13461 12894 12232 11714 11369 2516 2014 8853 5645 3208 1618 2833 574 4776 4181 3955 749 869 779 719 2356 375 2685 189 141 2496 804 1692 1044 298 231 276 939
is_linear=0
shrinkage=0.05


Tree=51
num_leaves=26
num_cat=0
split_feature=15 5 18 3 22 14 6 27 13 24 28 20 10 11 7 21 25 3 1 1 1 3 3 3 3
split_gain=930.136 837.141 720.628 646.585 423.117 342.797 130.18 113.347 107.895 99.6543 85.9733 81.3008 78.1806 74.4946 72.6434 1.98672 1.64463 0.494884 0.482739 0.303196 0.407097 0.269774 0.100327 0.265576 0.0625829
threshold=1.0000000180025095e-35 1.5000000000000002 1.0000000180025095e-35 59.000000000000007 1.0000000180025095e-35 1.0000000180025095e-35 1.0000000180025095e-35 1.0000000180025095e-35 1.0000000180025095e-35 1.0000000180025095e-35 1.0000000180025095e-35 1.0000000180025095e-35 1.0000000180025095e-35 1.0000000180025095e-35 1.0000000180025095e-35 1.0000000180025095e-35 1.0000000180025095e-35 41.000000000000007 2.9500000476837163 3.6499999761581425 3.5499999523162846 39.000000000000007 54.500000000000007 45.000000000000007 47.000000000000007
decision_type=2 2 2 2 2 2 2 2 2 2 2 2 2 2 2 2 2 2 2 2 2 2 2 2 2
left_child=1 2 3 4 5 6 7 8 9 10 11 12 13 14 15 16 17 -1 -19 20 -20 -18 23 -23 -25
right_child=-2 -3 -4 -5 -6 -7 -8 -9 -10 -11 -12 -13 -14 -15 -16 -17 21 18 19 -21 -22 22 -24 24 -26
leaf_value=0.040337808927127357 -0.039194751748585333 -0.03891198654443536 -0.038751740080408013 -0.03799997386888785 -0.038943104579974908 -0.038620949014386154 -0.038460030726367202 -0.037881196345786183 -0.038854051006467376 -0.039009037887682424 -0.042887128032775085 -0.041975247160987925 -0.037864046056263687 -0.042028696892796751 -0.038486448952178474 0.043661519313778333 0.030296325471791088 0.038975976264957933 0.036740910413660843 0.038206781826213385 0.031935215167996404 0.037234290662027041 0.037507333154676997 0.030317402372563119 0.034418656009060695
leaf_weight=456.68892676383257 1303.9767509587109 864.86762871220708 586.00488080456853 443.78917876631021 244.55251048505306 182.06289818510413 65.409098256379366 56.218190133571625 50.737855281680822 45.559550952166319 34.703547518700361 33.023356392979622 34.818186711519957 29.227921664714813 30.782859697937965 178.4868438988924 44.519045226275921 1253.4579534642398 558.30282763019204 733.10344038531184 82.589740976691246 161.99569389224052 215.03184485435486 52.171162344515324 235.48490750044584
leaf_count=710 6559 5838 2851 6471 800 2445 884 807 649 568 334 327 485 283 392 267 83 1922 870 1138 134 274 358 95 408
internal_value=-0.000579552 0.00696798 0.0138019 0.0197017 0.0250635 0.0285195 0.0313322 0.0324014 0.0333397 0.0342206 0.0350321 0.0356969 0.0363327 0.0369781 0.0375602 0.0381543 0.0378895 0.0384256 0.0380856 0.0372595 0.036147 0.0355325 0.0358601 0.0350316 0.0337287
internal_weight=7977.57 6673.59 5808.72 5222.72 4778.93 4534.38 4352.31 4286.9 4230.69 4179.95 4134.39 4099.68 4066.66 4031.84 4002.62 3971.83 3793.35 3084.14 2627.45 1374 640.893 709.203 664.684 449.652 287.656
internal_count=35952 29393 23555 20704 14233 13433 10988 10104 9297 8648 8080 7746 7419 6934 6651 6259 5992 4774 4064 2142 1004 1218 1135 777 503
is_linear=0
shrinkage=0.05


Tree=52
num_leaves=50
num_cat=0
split_feature=15 31 18 5 22 16 5 19 3 3 27 14 14 14 3 27 5 5 26 5 5 5 3 3 0 18 3 3 26 26 26 2 26 26 0 30 4 0 0 0 30 0 0 0 4 0 26 30 0
split_gain=638.844 447.404 578.024 789.538 646.369 359.634 263.659 202.246 173.24 98.6848 87.8011 87.3432 75.1014 71.3998 69.7906 57.2456 13.1847 32.0179 10.2206 7.42038 31.0607 7.16246 5.05073 31.1702 4.84035 3.58554 3.55654 34.9631 2.34389 1.40805 1.23563 1.18979 1.01485 0.977983 0.959693 0.80549 0.660736 0.613843 0.470625 0.435219 0.415589 0.40321 0.39627 0.0969268 0.0599019 0.0501885 0.0255233 0.0236449 0.00468487
threshold=1.0000000180025095e-35 1.0000000180025095e-35 1.0000000180025095e-35 1.5000000000000002 1.0000000180025095e-35 1.0000000180025095e-35 2.5000000000000004 1.0000000180025095e-35 59.000000000000007 59.000000000000007 1.0000000180025095e-35 1.0000000180025095e-35 1.0000000180025095e-35 1.0000000180025095e-35 59.000000000000007 1.0000000180025095e-35 1.5000000000000002 2.5000000000000004 1.0000000180025095e-35 1.5000000000000002 2.5000000000000004 1.5000000000000002 57.000000000000007 59.000000000000007 2.5000000000000004 1.0000000180025095e-35 57.000000000000007 59.000000000000007 1.0000000180025095e-35 1.0000000180025095e-35 1.0000000180025095e-35 1.0000000180025095e-35 1.0000000180025095e-35 1.0000000180025095e-35 4.5000000000000009 1.0000000180025095e-35 1.0000000180025095e-35 13.000000000000002 8.5000000000000018 5.5000000000000009 1.0000000180025095e-35 2.5000000000000004 3.5000000000000004 5.5000000000000009 1.0000000180025095e-35 6.5000000000000009 1.0000000180025095e-35 1.0000000180025095e-35 1.0000000180025095e-35
decision_type=2 2 2 2 2 2 2 2 2 2 2 2 2 2 2 2 2 2 2 2 2 2 2 2 2 2 2 2 2 2 2 2 2 2 2 2 2 2 2 2 2 2 2 2 2 2 2 2 2
left_child=1 2 3 4 -1 8 9 11 10 12 16 14 18 19 21 22 25 29 31 26 37 28 30 -24 -20 32 36 -28 -4 -18 43 34 40 -27 -5 -35 45 -21 -31 -33 -2 48 -32 -6 -30 46 -3 -43 -34
right_child=5 13 7 6 15 -7 -8 -9 -10 -11 -12 -13 -14 -15 -16 -17 17 -19 24 20 -22 -23 23 -25 -26 33 27 -29 44 38 42 39 41 35 -36 -37 -38 -39 -40 -41 -42 47 -44 -45 -46 -47 -48 -49 -50
leaf_value=-0.03872274756027929 0.03839109729699209 0.036277905962733267 0.033641312423602736 0.0081903295030800512 0.032680219663263364 -0.038827914166904814 -0.038095060797611886 -0.038809630568540643 -0.03783155901547948 -0.037698562704712266 -0.045191274078300751 -0.044297541199783436 -0.041755864374828505 -0.04707642714148208 -0.037489271069120748 -0.037975963520769734 0.021914125444053467 -0.037789901939257402 0.025758396090274596 0.028891849477776073 -0.044943467140729977 0.022502679758115943 0.037302464461284546 -0.037444450956551932 0.040165048374064739 0.021912150504137574 0.039264316152881944 -0.037017406780501118 0.040763590150793984 0.029697414047723365 0.032268055568950939 0.022634963981416862 0.039952387616522173 0.02725044054182257 0.022354916392389141 0.0379431213431215 0.030520175528890376 0.041527774332248212 0.0385703892960262 0.031198617874495651 0.034118693465012166 0.041840453691984358 0.03862624678432508 0.026822018364088575 0.036487103719523108 0.036402010489405508 0.040395029555594514 0.039411294027370654 0.036137991950786673
leaf_weight=3125.3806884847581 322.51120280474424 72.194187954068184 205.63680623471737 16.63792871683836 32.083638042211533 197.12555019557476 174.75552835315466 118.30401732772589 83.595644012093544 51.933880381286144 32.474906951189041 36.766831815242767 31.888729460537434 28.222225539386272 32.428302735090256 30.848953187465668 30.797336786985397 18.623371936380863 68.600032605230808 26.462006829679012 14.965624697506426 80.581776894629002 62.808711186051369 17.452389195561409 594.22934614121914 32.24822223931551 90.811527207493782 17.567033149302006 465.23604303598404 38.637234874069691 53.830423399806023 31.499398753046989 83.889676913619041 43.077856175601482 50.797638550400734 45.268952995538712 48.693868517875671 26.68064858019352 53.526467718183994 54.513860620558262 133.56154624372721 528.54619427025318 177.02664299309254 48.268436715006828 58.785065487027168 228.75210659205914 148.26021058857441 215.73332001268864 120.84228613227606
leaf_count=18535 419 91 298 89 50 2600 2493 1552 1216 755 285 347 324 248 471 417 83 245 231 69 133 215 75 237 620 81 99 255 446 80 81 100 102 85 144 63 83 35 62 112 230 546 194 90 71 284 149 286 176
internal_value=0.00041009 -0.00735199 -0.0120552 -0.0195046 -0.0308778 0.0251872 0.0180308 0.022451 0.0322722 0.0289428 0.0357302 0.0307093 0.0330431 0.0302514 0.0340063 0.027156 0.0373194 0.0225871 0.035989 0.0335199 0.0176751 0.0368891 0.0323305 0.0209179 0.0386946 0.0386787 0.0352839 0.0267866 0.0384614 0.0318477 0.0352355 0.0242144 0.0394064 0.0300732 0.0189462 0.0329121 0.0371047 0.0355638 0.0350309 0.0282114 0.0371787 0.0404568 0.0372166 0.0293488 0.0403191 0.0377838 0.0391319 0.0411633 0.0377945
internal_weight=8303.36 6322.9 5620.3 4622.56 3547.7 1980.46 1074.86 997.739 1783.33 900.101 1699.74 879.435 848.167 702.609 842.668 422.319 1667.26 141.584 816.278 674.387 68.1083 810.24 391.47 80.2611 662.829 1525.68 606.279 108.379 729.658 122.961 311.209 153.449 1405.08 120.595 67.4356 88.3468 497.9 53.1427 92.1637 86.0133 456.073 949.011 230.857 80.3521 524.021 449.207 220.454 744.28 204.732
internal_count=35952 29393 27947 24547 19679 6559 4868 3400 3959 2375 2743 1848 1620 1446 1501 1144 2458 470 1296 1198 237 1030 727 312 851 1988 961 354 815 225 415 445 1759 229 233 148 607 104 142 212 649 1110 275 140 517 524 240 832 278
is_linear=0
shrinkage=0.05


Tree=53
num_leaves=29
num_cat=0
split_feature=3 27 5 6 13 10 24 16 7 19 20 28 12 11 17 4 25 0 1 29 15 1 29 15 15 18 1 16
split_gain=1236.06 410.197 381.117 379.34 307.53 292.092 285.553 260.22 256.874 216.277 206.573 202.659 197.379 171.115 148.649 16.212 184.848 138.944 11.6695 4.12279 2.5516 1.55132 0.222215 0.143787 0.143163 0.200012 0.0437869 0.00369351
threshold=59.000000000000007 1.0000000180025095e-35 2.5000000000000004 1.0000000180025095e-35 1.0000000180025095e-35 1.0000000180025095e-35 1.0000000180025095e-35 1.0000000180025095e-35 1.0000000180025095e-35 1.0000000180025095e-35 1.0000000180025095e-35 1.0000000180025095e-35 1.0000000180025095e-35 1.0000000180025095e-35 1.0000000180025095e-35 1.0000000180025095e-35 1.0000000180025095e-35 1.5000000000000002 2.4500000476837163 1.0000000180025095e-35 1.0000000180025095e-35 2.4500000476837163 1.0000000180025095e-35 1.0000000180025095e-35 1.0000000180025095e-35 1.0000000180025095e-35 2.3500000238418584 1.0000000180025095e-35
decision_type=2 2 2 2 2 2 2 2 2 2 2 2 2 2 2 2 2 2 2 2 2 2 2 2 2 2 2 2
left_child=1 2 3 4 5 6 7 8 9 10 11 12 13 14 15 18 17 -17 20 23 26 -19 -23 -20 25 -21 -1 -5
right_child=-2 -3 -4 27 -6 -7 -8 -9 -10 -11 -12 -13 -14 -15 -16 16 -18 21 19 24 -22 22 -24 -25 -26 -27 -28 -29
leaf_value=-0.028800331552094258 0.044258047070378018 0.048684617875215719 0.045725591989548731 0.052573574563482842 0.050448672993437443 0.049925963575685871 0.050788120301194041 0.046017751590411826 0.050301791853455763 0.050147328806136385 0.056551200863295417 0.057192202056459335 0.050320534171525023 0.051997026784419247 0.058154063132344475 0.050000936911602761 0.055587964672098367 -0.03288843297318652 -0.036305993113092308 -0.028900720659918857 -0.034488639680721717 -0.038143301843016696 -0.034333664107729575 -0.037996465323912855 -0.033849634383265811 -0.034165579523664606 -0.026200047400292817 0.042200260539025154
leaf_weight=879.07789491117001 1324.7742578238249 297.96042358130217 279.73971597105265 197.07495303452015 167.32969283312559 152.54984893649817 138.07434415817261 136.98599191755056 114.36741426587105 92.80899453908205 73.002376444637775 68.545584075152874 76.584218494594097 61.842539258301258 45.43767961114645 48.709485352039337 63.524822622537613 293.24471612274647 1677.8869288116693 233.05643007159233 245.6025555729866 573.11988665163517 101.95841352641582 459.61082869768143 58.073076501488686 39.215405955910683 83.404336541891098 12.999974086880682
leaf_count=2284 11262 2337 2278 1482 1280 1183 1041 1086 872 689 520 475 575 442 310 358 443 485 3649 641 331 789 158 510 80 50 229 113
internal_value=0.000152352 -0.00860809 -0.01129 -0.0139107 -0.0162693 -0.0182264 -0.0200993 -0.0219076 -0.0236711 -0.0253107 -0.0266935 -0.0279123 -0.0290988 -0.0303543 -0.0314202 -0.0322819 -0.0268615 -0.0320361 -0.0338714 -0.0358571 -0.0298019 -0.0361865 -0.0375938 -0.0366783 -0.0304962 -0.0297203 -0.0285887 0.0520334
internal_weight=7996.56 6671.79 6373.83 6094.09 5884.01 5716.68 5564.13 5426.06 5289.07 5174.71 5081.9 5008.89 4940.35 4863.77 4801.92 4756.48 1080.56 1017.03 3675.93 2467.84 1208.08 968.323 675.078 2137.5 330.345 272.272 962.482 210.075
internal_count=35952 24690 22353 20075 18480 17200 16017 14976 13890 13018 12329 11809 11334 10759 10317 10007 2233 1790 7774 4930 2844 1432 947 4159 771 691 2513 1595
is_linear=0
shrinkage=0.05


Tree=54
num_leaves=64
num_cat=0
split_feature=5 18 3 31 22 14 6 27 13 16 12 28 17 20 10 7 29 0 1 3 1 3 0 1 26 0 3 1 3 0 1 1 0 3 3 0 0 1 0 1 0 0 1 1 1 3 0 3 1 0 3 1 0 1 3 0 3 0 3 0 3 1 0
split_gain=623.106 543.364 502.262 410.576 343.231 293.669 105.569 93.3334 86.6672 72.2244 67.1521 65.4606 64.9784 63.1527 60.678 57.6001 3.14091 2.17694 2.1038 2.49663 1.81734 1.51406 1.61604 1.52169 1.50815 1.80649 1.53014 1.47206 1.42522 2.34364 2.57535 1.40374 2.80818 1.09484 1.04523 1.97782 1.43781 1.2133 1.57654 0.799705 0.718095 1.07597 0.969456 1.1225 0.883192 0.71192 0.708621 0.701353 0.671659 0.655695 0.970833 0.784566 0.637491 0.631328 0.749432 0.979037 0.852038 0.848994 0.78019 0.617212 0.603354 0.646632 0.58762
threshold=1.5000000000000002 1.0000000180025095e-35 59.000000000000007 1.0000000180025095e-35 1.0000000180025095e-35 1.0000000180025095e-35 1.0000000180025095e-35 1.0000000180025095e-35 1.0000000180025095e-35 1.0000000180025095e-35 1.0000000180025095e-35 1.0000000180025095e-35 1.0000000180025095e-35 1.0000000180025095e-35 1.0000000180025095e-35 1.0000000180025095e-35 1.0000000180025095e-35 1.0000000180025095e-35 4.0499999523162851 57.000000000000007 2.2500000000000004 39.000000000000007 1.5000000000000002 1.8499999642372134 1.0000000180025095e-35 3.5000000000000004 41.000000000000007 2.6499999761581425 41.000000000000007 1.5000000000000002 2.8500000238418584 3.3500000238418584 19.000000000000004 54.500000000000007 53.000000000000007 13.000000000000002 7.5000000000000009 2.6499999761581425 15.000000000000002 2.8500000238418584 1.5000000000000002 3.5000000000000004 3.7500000000000004 2.6499999761581425 3.9500000476837163 53.000000000000007 7.5000000000000009 51.000000000000007 1.4499999880790713 15.000000000000002 57.000000000000007 3.5499999523162846 9.5000000000000018 3.4500000476837163 49.000000000000007 9.5000000000000018 51.000000000000007 9.5000000000000018 41.000000000000007 4.5000000000000009 43.000000000000007 3.6499999761581425 11.000000000000002
decision_type=2 2 2 2 2 2 2 2 2 2 2 2 2 2 2 2 2 2 2 2 2 2 2 2 2 2 2 2 2 2 2 2 2 2 2 2 2 2 2 2 2 2 2 2 2 2 2 2 2 2 2 2 2 2 2 2 2 2 2 2 2 2 2
left_child=1 2 3 4 5 6 7 8 9 10 11 12 13 14 15 16 18 -18 20 -20 21 -1 23 45 25 28 -27 47 -22 -30 -31 34 -33 40 36 39 -28 -38 -39 -36 42 -42 43 -26 53 -23 -21 -19 -24 50 52 -51 59 54 55 58 -56 -58 -43 -29 62 -62 -55
right_child=-2 -3 -4 -5 -6 -7 -8 -9 -10 -11 -12 -13 -14 -15 -16 -17 17 27 19 46 24 22 48 -25 33 26 31 49 29 30 -32 32 -34 -35 35 -37 37 38 -40 -41 41 44 -44 -45 -46 -47 -48 -49 -50 51 -52 -53 -54 60 56 -57 57 -59 -60 -61 61 -63 -64
leaf_value=0.038241543815909822 -0.038492065415321956 -0.038403404329955843 -0.037674667638287834 -0.038727559984271367 -0.038543526139875439 -0.038454328703615023 -0.03799391197848058 -0.037497178923585034 -0.038269565883775197 -0.037120309000601308 -0.038908029428252361 -0.041796770533476225 -0.044550246876767487 -0.041186775549871657 -0.037405142256960185 -0.037894325937941557 0.020898582565710557 0.040604464282735488 0.033514260600683542 0.017976910872044709 0.01266022435873557 0.025576206248429597 0.024279477592111749 0.019587946061428441 0.019385365034184903 0.034498546792723427 0.028862671315810957 0.032913471735969625 0.028794188001095119 0.007222070741202344 0.023621730298653488 0.032608439881584725 0.01677058884451171 0.026233214143751595 0.015678500020690583 0.036519923712078878 0.02454181108735097 0.0063979142600754995 0.021249016691653265 0.027486959668189793 0.033836356490925819 0.021534002478302013 0.017338450511374583 0.030135380605558953 0.03638597535351578 0.036113753990236357 0.027990777333037311 0.033572391908608681 0.031161924037238931 0.02178129502235349 0.041142963159971194 0.032818268985949556 0.037637079985717511 0.026807171766546886 0.022070040132430666 0.033547432161274419 0.034956719516105475 0.025424021065053606 0.030531770578918305 0.025931631990676857 0.023163909148084316 0.030884294647279188 0.017283399212595932
leaf_weight=59.770347636193037 946.48678082227707 655.22556525841355 515.45433679223061 346.88165641203523 259.80766087397933 202.99305863678455 69.701068107038736 60.840307518839836 53.706724729388952 45.353347342461348 39.07285388559103 34.309055335819721 30.980132237076759 32.676758073270321 34.617614317685366 31.851676654070616 38.929879602044821 101.19071824476123 396.8125366307795 37.248645465821028 37.773179743438959 54.24802752584219 48.442433543503284 78.639048647135496 35.510084297508001 67.859274301677942 41.845244120806456 81.953840304166079 106.65126933529973 36.65693286806345 71.839383918792009 148.59337076544762 36.621904164552689 505.23306981101632 31.254548270255327 39.621050782501698 42.291357863694429 37.389999832957983 34.858479503542185 31.871985394507647 161.52176655828953 45.099362142384052 30.30700946226716 117.5946843251586 44.518827669322491 30.881183959543705 43.942290402948856 95.844856437295675 622.87074426934123 43.398049730807543 35.033723194152117 33.050449769943953 39.297226324677467 34.913836285471916 71.386247918009758 194.87585469335318 48.144981559365988 66.29555943608284 76.775607757270336 79.460085723549128 54.165659606456757 87.264535181224346 39.667191565036774
leaf_count=100 7171 3442 7945 873 948 2809 1009 931 752 723 504 360 291 344 520 449 71 172 648 56 69 96 72 129 61 129 76 129 213 63 132 272 59 741 58 75 76 62 62 56 241 65 46 208 67 53 69 150 976 65 58 52 60 51 100 292 75 94 116 124 74 128 54
internal_value=-0.000523481 0.00483239 0.00951176 0.0139033 0.0174208 0.0203704 0.0228974 0.0238116 0.0246261 0.0253729 0.0260064 0.0265789 0.0271131 0.0276229 0.0281425 0.0286707 0.0291682 0.0327927 0.0286342 0.0318456 0.0281605 0.0301583 0.0295572 0.02486 0.0274026 0.0254805 0.0272311 0.0336806 0.0218885 0.0234756 0.0181394 0.0260837 0.0295305 0.0283061 0.023568 0.0276315 0.0208186 0.0177671 0.0136601 0.0218096 0.0292389 0.0298569 0.0260508 0.0277133 0.028993 0.0295873 0.0235348 0.0372775 0.0306837 0.0313546 0.0327929 0.0267351 0.0312368 0.02851 0.0295797 0.0311919 0.0267552 0.029569 0.0273038 0.0295672 0.0259589 0.0280195 0.0218906
internal_weight=7659.37 6712.89 6057.66 5542.21 5195.33 4935.52 4732.53 4662.82 4601.98 4548.28 4502.92 4463.85 4429.54 4398.56 4365.89 4331.27 4299.42 548.159 3751.26 478.003 3273.25 894.852 835.081 163.768 2378.4 765.128 512.207 509.229 252.921 215.148 108.496 444.348 185.215 1613.27 259.133 102.748 156.385 114.54 72.2485 63.1265 1108.04 924.629 183.412 153.105 763.108 85.1292 81.1909 197.036 671.313 312.193 235.745 76.4485 200.711 718.589 502.578 316.751 185.827 114.441 121.875 161.414 216.011 141.43 74.581
internal_count=35966 28795 25353 17408 16535 15587 12778 11769 10838 10086 9363 8859 8499 8208 7864 7344 6895 881 6014 773 5241 1426 1326 278 3815 1402 925 810 477 408 195 796 331 2413 465 189 276 200 124 114 1672 1357 315 269 1116 149 125 322 1048 488 371 117 313 1049 742 473 269 169 181 253 307 202 105
is_linear=0
shrinkage=0.05


Tree=55
num_leaves=48
num_cat=0
split_feature=15 18 31 5 22 16 5 19 9 9 14 14 14 9 14 27 5 5 26 5 5 5 0 0 18 0 26 26 21 26 26 0 2 30 0 2 21 0 0 30 0 4 25 0 0 0 27
split_gain=561.354 424.501 545.057 711.032 625.339 324.92 235.366 207.061 157.97 88.7227 85.8505 83.275 66.8739 65.9519 56.454 48.5667 13.9171 26.3794 10.4779 8.6137 27.6538 6.99189 6.0641 25.3918 3.19548 1.97061 1.73861 1.7193 1.69742 1.45569 1.43605 0.951408 0.911065 0.444866 0.280711 0.215139 0.20784 0.203898 0.514904 0.153627 0.141511 0.109466 0.0949587 0.0646077 0.0569893 0.175572 0.0547438
threshold=1.0000000180025095e-35 1.0000000180025095e-35 1.0000000180025095e-35 1.5000000000000002 1.0000000180025095e-35 1.0000000180025095e-35 2.5000000000000004 1.0000000180025095e-35 1.0000000180025095e-35 1.0000000180025095e-35 1.0000000180025095e-35 1.0000000180025095e-35 1.0000000180025095e-35 1.0000000180025095e-35 1.0000000180025095e-35 1.0000000180025095e-35 1.5000000000000002 2.5000000000000004 1.0000000180025095e-35 1.5000000000000002 2.5000000000000004 1.5000000000000002 2.5000000000000004 1.5000000000000002 1.0000000180025095e-35 2.5000000000000004 1.0000000180025095e-35 1.0000000180025095e-35 1.0000000180025095e-35 1.0000000180025095e-35 1.0000000180025095e-35 4.5000000000000009 1.0000000180025095e-35 1.0000000180025095e-35 2.5000000000000004 1.0000000180025095e-35 1.0000000180025095e-35 9.5000000000000018 2.5000000000000004 1.0000000180025095e-35 9.5000000000000018 1.0000000180025095e-35 1.0000000180025095e-35 11.000000000000002 7.5000000000000009 11.000000000000002 1.0000000180025095e-35
decision_type=2 2 2 2 2 2 2 2 2 2 2 2 2 2 2 2 2 2 2 2 2 2 2 2 2 2 2 2 2 2 2 2 2 2 2 2 2 2 2 2 2 2 2 2 2 2 2
left_child=1 2 3 4 -1 8 9 10 11 12 13 16 18 21 15 42 24 31 25 28 40 26 23 -20 29 35 -3 -23 30 -2 39 -18 44 -32 -31 -5 -36 38 -26 -4 -21 -28 -6 -34 -27 -46 -16
right_child=5 7 19 6 14 -7 -8 -9 -10 -11 -12 -13 -14 -15 46 -17 17 -19 22 20 -22 27 -24 -25 37 32 41 -29 -30 34 33 -33 43 -35 36 -37 -38 -39 -40 -41 -42 -43 -44 -45 45 -47 -48
leaf_value=-0.038382601467797949 0.035359425644697191 0.033545061781878487 0.030555106347044326 -0.00048973633233918032 0.036352454077780802 -0.038435257436246678 -0.037752077408334105 -0.039111906373931575 -0.03750101143879337 -0.037361241649078496 -0.044129227087223673 -0.038819633303833728 -0.041432845292192814 -0.037157304290422299 -0.051363499216331168 -0.037488894519343612 0.020713993446793297 -0.0374210150098052 -0.037414263896955201 0.027317838365498892 -0.0441457694487319 0.0089782976360257474 0.03842586396511187 0.039549793459026608 0.031436973085379738 0.015930597670513549 0.039670796509566141 0.02608286752859525 0.021037003403589043 0.036806999568332416 0.036520246315078712 0.032104136595844351 0.025206667738073302 0.03178506305340098 0.040250429454144206 0.010766391958893187 0.035308121845776849 0.032491470133170226 0.022034656703802249 0.025843886342476349 0.035780886713312365 0.035294697453380368 0.031952589181752665 0.030695472095342513 0.025016220522788846 0.016777870926729135 -0.035134615749150326
leaf_weight=2981.3000132478774 422.2455440312624 222.43162514269352 108.19591819494963 7.9191346913576135 319.14955873787403 187.5017727650702 164.55337250232697 121.63689123094082 80.196365013718605 49.480884432792664 36.812042191624641 37.733733281493187 30.02154591307044 31.52988525480032 17.278674706816677 23.687333457171917 29.709417529404163 17.003358937799931 13.683471985161303 23.145510107278824 15.482405148446558 20.176124662160873 583.42053745687008 43.9753447920084 36.654240481555462 21.850474111735821 475.8534914702177 61.563312888145447 33.269860900938511 198.20071092993021 254.98556631058455 74.736422993242741 38.891357287764549 109.9209056198597 665.62485717982054 8.5470732375979424 58.030288800597191 49.963430464267731 36.856110647320747 53.965496137738228 23.813835151493549 60.899836927652359 52.251010276377201 33.420396283268929 16.806734390556812 21.002110205590725 6.0717931091785422
leaf_count=18560 590 316 213 60 480 2607 2478 1637 1231 759 357 478 315 483 139 335 79 232 180 67 141 80 644 45 60 72 472 141 87 250 368 114 94 212 698 47 79 77 83 126 40 76 99 66 43 67 89
internal_value=0.000204132 -0.00719365 -0.013156 -0.0193094 -0.0303492 0.0239692 0.0170008 0.0220412 0.0308334 0.0273843 0.030239 0.0342126 0.0313139 0.0334003 0.0268649 0.0313428 0.0359585 0.0195669 0.0341045 0.0306279 0.0128747 0.0360663 0.0368871 0.0211202 0.0373079 0.0220037 0.0375717 0.0219411 0.032593 0.0380336 0.0333018 0.0289784 0.0240346 0.0351393 0.0392386 0.00549806 0.0398788 0.0292867 0.0269036 0.0290715 0.0319413 0.0392076 0.0357772 0.0279368 0.019112 0.0207187 -0.0479686
internal_weight=7981.45 6086.99 5056.09 4433.31 3399.74 1894.46 1033.57 1030.9 1706.95 869.019 909.266 1626.76 819.538 872.454 418.438 395.088 1589.02 121.449 789.517 622.779 62.4418 840.924 641.079 57.6588 1467.58 148.437 759.185 81.7394 560.338 1344.1 527.068 104.446 131.971 364.906 921.856 16.4662 723.655 123.474 73.5104 162.161 46.9593 536.753 371.401 72.3118 59.6593 37.8088 23.3505
internal_count=35966 29388 25826 24572 19702 6578 4870 3562 3971 2392 1925 2740 1633 1568 1142 914 2262 425 1318 1254 248 1085 869 225 1837 449 864 221 1006 1617 919 193 342 580 1027 107 777 220 143 339 107 548 579 160 182 110 228
is_linear=0
shrinkage=0.05


Tree=56
num_leaves=25
num_cat=0
split_feature=3 14 27 6 5 13 24 10 7 16 19 20 12 11 17 4 25 0 31 31 22 31 15 22
split_gain=1132.84 742.792 384.063 357.805 345.455 284.423 270.073 259.567 237.426 230.145 204.892 198.999 188.19 159.739 149.478 22.0842 168.062 134.267 0.347062 0.264384 0.221008 0.16348 0.154206 0.0489903
threshold=59.000000000000007 1.0000000180025095e-35 1.0000000180025095e-35 1.0000000180025095e-35 2.5000000000000004 1.0000000180025095e-35 1.0000000180025095e-35 1.0000000180025095e-35 1.0000000180025095e-35 1.0000000180025095e-35 1.0000000180025095e-35 1.0000000180025095e-35 1.0000000180025095e-35 1.0000000180025095e-35 1.0000000180025095e-35 1.0000000180025095e-35 1.0000000180025095e-35 1.5000000000000002 1.0000000180025095e-35 1.0000000180025095e-35 1.0000000180025095e-35 1.0000000180025095e-35 1.0000000180025095e-35 1.0000000180025095e-35
decision_type=2 2 2 2 2 2 2 2 2 2 2 2 2 2 2 2 2 2 2 2 2 2 2 2
left_child=1 2 3 4 5 6 7 8 9 10 11 12 13 14 15 -1 17 -17 20 -4 -3 23 -12 -5
right_child=-2 18 19 21 -6 -7 -8 -9 -10 -11 22 -13 -14 -15 -16 16 -18 -19 -20 -21 -22 -23 -24 -25
leaf_value=-0.037379144004115981 0.04338951477602148 0.046294859834892343 0.047576816703617679 0.049763689626368658 0.045116983549299043 0.050511511845164052 0.050548561253213803 0.050423689040873632 0.050167315196161681 0.045446285140670339 0.047851973005630259 0.057839407963667371 0.050742501752920721 0.051873844795914927 0.059254595845547153 0.050085754632537276 0.056533249813079389 -0.038123386069198392 0.05541542043646859 0.05872898471913765 0.053416070525038044 0.062397283787622215 0.060600710073930746 0.062702687177520353
leaf_weight=3371.5023771524429 1272.6441880166531 487.66336966305971 224.84245410561562 167.52173551172018 205.11451629549265 135.13081520050764 121.82536116242409 112.03381687402725 98.728647775948048 103.89986830204725 67.606758072972298 61.709843918681145 66.875389598309994 53.705224946141243 41.634037874639034 44.941963896155357 54.056710541248322 880.69230419397354 27.781545542180538 15.242626205086706 34.297546409070492 12.766531899571417 11.258931487798689 8.2769058868288976
leaf_count=6588 11295 3976 1829 1326 1715 1046 931 880 765 836 514 429 499 382 274 329 366 1222 192 100 260 84 72 56
internal_value=0.00030986 -0.0082471 -0.0134621 -0.0161095 -0.018462 -0.0209617 -0.0228638 -0.0246687 -0.0264059 -0.028 -0.0296444 -0.0310233 -0.0322446 -0.0334983 -0.0345478 -0.035452 -0.0288044 -0.0338159 0.0472981 0.0484054 0.0468135 0.051514 0.0500423 0.050549
internal_weight=7681.75 6409.11 5859.37 5619.28 5430.72 5225.6 5090.47 4968.65 4856.61 4757.88 4653.98 4575.12 4513.41 4446.53 4392.83 4351.19 979.691 925.634 549.742 240.085 521.961 188.565 78.8657 175.799
internal_count=35966 24671 20243 18314 16848 15133 14087 13156 12276 11511 10675 10089 9660 9161 8779 8505 1917 1551 4428 1929 4236 1466 586 1382
is_linear=0
shrinkage=0.05


Tree=57
num_leaves=19
num_cat=0
split_feature=15 5 18 3 31 22 14 6 13 27 24 28 17 20 12 7 4 26
split_gain=851.755 738.494 619.575 554.149 502.533 416.864 332.537 120.45 108.041 103.279 97.7013 85.4866 81.5626 80.9151 77.4787 70.6131 3.41348 12.5748
threshold=1.0000000180025095e-35 1.5000000000000002 1.0000000180025095e-35 59.000000000000007 1.0000000180025095e-35 1.0000000180025095e-35 1.0000000180025095e-35 1.0000000180025095e-35 1.0000000180025095e-35 1.0000000180025095e-35 1.0000000180025095e-35 1.0000000180025095e-35 1.0000000180025095e-35 1.0000000180025095e-35 1.0000000180025095e-35 1.0000000180025095e-35 1.0000000180025095e-35 1.0000000180025095e-35
decision_type=2 2 2 2 2 2 2 2 2 2 2 2 2 2 2 2 2 2
left_child=1 2 3 4 5 6 7 8 9 10 11 12 13 14 15 16 -1 -18
right_child=-2 -3 -4 -5 -6 -7 -8 -9 -10 -11 -12 -13 -14 -15 -16 -17 17 -19
leaf_value=0.043062444090201234 -0.038741274617116073 -0.03824489465885271 -0.038083243836455026 -0.037371402115747118 -0.0384794482171677 -0.038284409029367361 -0.038145657399671823 -0.0377467968870304 -0.0380342754722863 -0.037252708452624225 -0.038507358855065212 -0.042146409582194989 -0.044055515383646028 -0.040782177361654778 -0.038827321945724864 -0.037635116224651086 0.019870897778395333 0.042444478608023556
leaf_weight=3082.103675853461 1228.1123042851686 792.12945154681802 526.33870078250766 399.90960820019245 299.64222017675638 220.85637363791466 160.62309220805764 55.357181996107101 47.877339418977499 45.547588337212801 40.671428631991148 31.730772566050291 28.382939901202917 30.003760781139135 29.644073661416769 27.357568096369505 79.178171385079622 302.61577482521534
leaf_count=5269 6554 5890 2822 6504 733 768 2317 819 674 712 535 317 256 316 362 384 259 545
internal_value=-0.000707969 0.00682832 0.0134335 0.0189915 0.0240246 0.0285072 0.0322356 0.0352148 0.0362981 0.0372657 0.0382002 0.0390693 0.0397951 0.0404715 0.0411696 0.0418543 0.0424874 0.0377952
internal_weight=7428.08 6199.97 5407.84 4881.5 4481.59 4181.95 3961.09 3800.47 3745.11 3697.24 3651.69 3611.02 3579.29 3550.9 3520.9 3491.26 3463.9 381.794
internal_count=36036 29482 23592 20770 14266 13533 12765 10448 9629 8955 8243 7708 7391 7135 6819 6457 6073 804
is_linear=0
shrinkage=0.05


Tree=58
num_leaves=64
num_cat=0
split_feature=15 31 5 16 21 5 3 3 27 14 14 3 14 27 3 14 5 5 26 6 27 24 13 0 0 4 0 10 0 19 1 1 3 3 0 0 0 4 3 3 1 1 0 3 5 1 3 0 0 1 1 0 3 3 26 1 1 1 26 0 1 3 0
split_gain=575.726 392.209 429.419 307.188 261.153 253.244 148.856 93.6433 78.6815 68.4413 64.7606 48.0769 42.9684 32.5222 27.7851 19.031 13.2999 26.0661 11.4755 8.75055 8.03875 6.33832 5.96923 5.90368 28.8537 5.54525 6.25666 5.49458 4.98258 4.57993 3.7872 3.68947 3.38811 28.4602 3.3823 7.53455 3.21594 3.89141 3.1989 3.59937 3.53646 3.13363 2.36983 2.1965 2.41232 4.8402 2.04232 1.98335 2.4422 2.41498 2.64973 2.27492 4.15433 2.17356 1.80111 1.79235 1.79216 1.85719 1.78154 1.77015 1.7584 1.76872 1.65672
threshold=1.0000000180025095e-35 1.0000000180025095e-35 1.5000000000000002 1.0000000180025095e-35 1.0000000180025095e-35 2.5000000000000004 59.000000000000007 59.000000000000007 1.0000000180025095e-35 1.0000000180025095e-35 1.0000000180025095e-35 59.000000000000007 1.0000000180025095e-35 1.0000000180025095e-35 59.000000000000007 1.0000000180025095e-35 1.5000000000000002 2.5000000000000004 1.0000000180025095e-35 1.0000000180025095e-35 1.0000000180025095e-35 1.0000000180025095e-35 1.0000000180025095e-35 2.5000000000000004 1.5000000000000002 1.0000000180025095e-35 3.5000000000000004 1.0000000180025095e-35 2.5000000000000004 1.0000000180025095e-35 1.5500000119209292 3.1499999761581425 57.000000000000007 59.000000000000007 2.5000000000000004 1.5000000000000002 4.5000000000000009 1.0000000180025095e-35 39.000000000000007 51.000000000000007 3.6499999761581425 3.3500000238418584 1.0000000180025095e-35 47.000000000000007 1.5000000000000002 3.7500000000000004 49.000000000000007 13.000000000000002 4.5000000000000009 2.1499999761581425 1.8499999642372134 1.0000000180025095e-35 43.000000000000007 53.000000000000007 1.0000000180025095e-35 3.9500000476837163 2.5499999523162846 1.7500000000000002 1.0000000180025095e-35 5.5000000000000009 2.7500000000000004 47.000000000000007 8.5000000000000018
decision_type=2 2 2 2 2 2 2 2 2 2 2 2 2 2 2 2 2 2 2 2 2 2 2 2 2 2 2 2 2 2 2 2 2 2 2 2 2 2 2 2 2 2 2 2 2 2 2 2 2 2 2 2 2 2 2 2 2 2 2 2 2 2 2
left_child=1 2 4 6 14 7 8 9 16 18 25 12 13 55 15 19 58 -18 34 20 21 22 27 24 -20 32 28 29 -27 30 46 47 -3 -34 35 -4 38 -38 -33 40 42 -41 -40 -28 -45 -46 -1 48 51 50 -50 52 -32 -49 -53 -6 57 -56 -2 -48 -58 -62 -52
right_child=3 10 5 -5 11 -7 -8 -9 -10 -11 -12 -13 -14 -15 -16 -17 17 -19 23 -21 -22 -23 -24 -25 -26 26 43 -29 -30 -31 31 36 33 -35 -36 -37 37 -39 39 41 -42 -43 -44 44 45 -47 59 53 49 -51 62 54 -54 -55 56 -57 60 -59 -60 -61 61 -63 -64
leaf_value=-0.0049571782110199216 0.034325343527578413 0.036195413456299133 -0.036304576878017407 -0.038075868138096478 0.018743582697709347 -0.037981205111546554 -0.037189785406073171 -0.037096303937685184 -0.044276896399319428 -0.040982601551700769 -0.046310696201194726 -0.03725463652912727 -0.04529463453774376 -0.039709298280468763 -0.037347466282742464 -0.03899051756415315 0.028960312493700881 -0.036995853814247665 -0.038094263044916338 -0.040477160931698883 -0.04005105377715424 -0.040385059335438886 -0.039963030859465849 0.037113713311416226 0.039188558229423451 -0.020806140081695332 0.036248551445792948 -0.040039821988930191 0.024893004669638091 -0.038708270378734533 -0.0022065956892337434 -0.0019223334015858171 0.037179433096672265 -0.03650809866829715 0.023264072113777977 0.027176556047463486 -0.019212107393265274 -0.029987792744759614 0.0005698595017355944 -0.026563602944813188 -0.027346967431165839 -0.009620927621367634 -0.018412813189506029 0.03099287280036099 -0.0115439748243506 0.029411437981806489 -0.0081989262933926301 -0.028926619408704508 -0.016829527525302153 -0.016077361894364178 -0.037973637280504388 -0.031459451620738869 -0.02357566798340606 -0.020813798856028999 -0.03227681683847973 0.02656325353775121 -0.037861624533946106 -0.016816473749822841 0.038335903140805969 -0.025919054096267508 -0.033438202491159162 -0.017252425581102949 -0.021983470304159439
leaf_weight=61.024220615625381 466.59357298910618 424.69123136997223 7.5933152697980413 176.98238898441195 431.02548622712493 184.04360399767756 75.98975857719779 54.775448210537434 30.914202135056257 32.268612012267113 27.125836782157421 48.274969682097435 28.130622308701277 23.26427448913455 388.20406567305326 178.41528701037169 110.70357269048691 16.873776085674763 15.34911413118243 63.785330351442099 58.694765869528055 43.00774822384119 41.004218529909849 621.32900595664978 50.913792259991169 13.296513993293047 43.235444590449333 36.325333677232265 10.007801756262779 33.967937305569649 32.204627405852079 40.923429504036903 81.645977362990379 15.174942124634979 145.09752836078405 10.564341858029366 644.37194108963013 98.227369330823421 21.493585400283337 31.740836434066296 112.24464410915971 188.68525723740458 69.043798111379147 28.55446158722043 13.276952244341375 14.778037659823893 26.09309645742178 216.88909239694476 68.564525667577982 315.02155204117298 38.707695934921503 103.89625972509384 77.841778885573149 146.13455097749829 23.86547751352191 92.627838850021362 34.245958738029003 118.30502362549305 1011.9625020846725 31.922580737620592 28.723223570734262 45.96150803565979 32.929265789687634
leaf_count=141 724 516 107 2594 794 2829 1232 888 283 352 246 757 296 313 6341 2477 221 246 203 883 832 620 624 748 53 94 59 538 32 422 81 96 94 234 395 24 1795 287 56 97 356 485 191 56 87 33 59 658 182 848 126 345 261 407 81 144 118 324 1254 92 86 121 98
internal_value=0.000562813 -0.00716587 -0.011813 0.02456 -0.0193528 0.0155741 0.0310405 0.0260979 0.034218 0.0300363 0.0287721 0.0104269 0.0144586 0.0175706 -0.0247301 -0.0231258 0.0357422 0.0201264 0.0327522 -0.0221384 -0.0217168 -0.0213202 -0.0210115 0.0355904 0.0211356 0.0319649 0.0222456 -0.020714 -0.00107045 -0.0204409 -0.0201957 -0.0206136 0.0342365 0.025502 0.0207264 0.000368016 -0.0186024 -0.0206567 -0.0152968 -0.0165863 -0.0214047 -0.0121152 -0.0139279 0.0276659 0.020851 0.0101666 -0.0114053 -0.0224968 -0.0212223 -0.0185613 -0.0240657 -0.0238044 -0.0173604 -0.0256939 -0.0257747 0.0201508 -0.0233648 -0.0195157 0.0370823 -0.0180874 -0.0282762 -0.0236583 -0.0308268
internal_weight=7759.53 5869.51 5197.72 1890.02 4075.79 1121.93 1713.04 937.891 1637.05 883.116 671.787 623.323 575.048 546.918 3452.47 3064.26 1606.13 127.577 850.847 2885.85 2822.06 2763.37 2720.36 687.592 66.2629 644.661 123.149 2679.35 23.3043 2643.03 2609.06 2490.02 521.512 96.8209 163.255 18.1577 1206.73 742.599 464.132 423.208 202.782 220.426 90.5374 99.8449 56.6095 28.055 119.04 1283.29 920.267 455.223 140.201 465.044 110.046 363.024 354.997 523.653 251.101 142.171 1478.56 58.0157 108.931 74.6847 71.637
internal_count=36036 29482 28031 6554 22432 5599 3960 2770 2728 1882 1451 2304 1547 1251 20128 13787 2445 467 1530 11310 10427 9595 8975 1004 256 1205 361 8351 126 7813 7391 7099 844 328 526 131 3363 2082 1281 1185 603 582 247 235 176 120 292 3736 2671 1254 406 1417 342 1065 1075 938 730 405 1978 151 325 207 224
is_linear=0
shrinkage=0.05


Tree=59
num_leaves=24
num_cat=0
split_feature=9 14 27 6 5 13 24 10 7 16 19 28 20 12 11 4 25 0 31 31 15 31 22
split_gain=1057.06 688.952 360.584 332.848 323.992 267.702 254.943 246.16 221.111 215.655 190.731 188.499 187.558 181.555 149.399 18.1199 168.47 118.773 0.353246 0.213599 0.193812 0.140815 0.0743917
threshold=1.0000000180025095e-35 1.0000000180025095e-35 1.0000000180025095e-35 1.0000000180025095e-35 2.5000000000000004 1.0000000180025095e-35 1.0000000180025095e-35 1.0000000180025095e-35 1.0000000180025095e-35 1.0000000180025095e-35 1.0000000180025095e-35 1.0000000180025095e-35 1.0000000180025095e-35 1.0000000180025095e-35 1.0000000180025095e-35 1.0000000180025095e-35 1.0000000180025095e-35 1.5000000000000002 1.0000000180025095e-35 1.0000000180025095e-35 1.0000000180025095e-35 1.0000000180025095e-35 1.0000000180025095e-35
decision_type=2 2 2 2 2 2 2 2 2 2 2 2 2 2 2 2 2 2 2 2 2 2 2
left_child=1 2 3 4 5 6 7 8 9 10 11 12 13 14 15 -1 17 -17 22 -4 -12 -5 -3
right_child=-2 18 19 21 -6 -7 -8 -9 -10 -11 20 -13 -14 -15 -16 16 -18 -19 -20 -21 -22 -23 -24
leaf_value=-0.037161167883171496 0.042618757693155054 0.045266692643782053 0.046821095851020511 0.049742434602592679 0.04424755643576387 0.04976391819383448 0.050060661099570927 0.049690715374903792 0.049062121590475988 0.044466887905858746 0.046600467912419605 0.057737950079312296 0.056551155613490223 0.050120019828631228 0.051365249808506541 0.049320788032162916 0.055733479083788 -0.038412271308560328 0.054203286501101115 0.057793525150186986 0.059497924055750773 0.061109772005112944 0.051649940032233534
leaf_weight=3240.9921240359545 1221.5046874433756 470.00612363964319 217.66117541491985 167.04118298739195 198.88684263825417 130.68499006330967 117.3233245164156 109.10941249132156 95.347109124064445 100.8432432487607 64.801008507609367 59.048336409032345 58.727872475981712 64.162307545542717 49.818027429282665 39.986011981964111 54.5116848051548 853.8699599057436 28.159983828663826 14.268885493278502 11.384619683027266 13.194357901811598 31.76171237975359
leaf_count=6589 11327 3986 1834 1356 1732 1043 916 885 767 844 511 410 415 490 357 299 372 1204 198 94 73 87 247
internal_value=0.000120287 -0.00826677 -0.0133706 -0.0159799 -0.0182753 -0.0207415 -0.0226192 -0.0243997 -0.0261272 -0.0276915 -0.0293143 -0.0306675 -0.0318707 -0.0330839 -0.034349 -0.0353742 -0.0292512 -0.0344622 0.0462231 0.047619 0.0489031 0.0507414 0.0457218
internal_weight=7413.09 6191.59 5661.66 5429.73 5249.5 5050.61 4919.93 4802.6 4693.49 4598.15 4497.3 4421.12 4362.07 4303.34 4239.18 4189.36 948.368 893.856 529.928 231.93 76.1856 180.236 501.768
internal_count=36036 24709 20278 18350 16907 15175 14132 13216 12331 11564 10720 10136 9726 9311 8821 8464 1875 1503 4431 1928 584 1443 4233
is_linear=0
shrinkage=0.05


Tree=60
num_leaves=20
num_cat=0
split_feature=15 5 18 3 31 22 14 6 27 13 24 28 17 20 12 7 4 0 0
split_gain=782.91 686.189 601.998 514.523 458.858 382.527 309.748 111.228 100.457 93.3193 91.1481 79.2493 76.9442 72.1086 70.717 65.6486 3.35236 19.0297 25.5536
threshold=1.0000000180025095e-35 1.5000000000000002 1.0000000180025095e-35 59.000000000000007 1.0000000180025095e-35 1.0000000180025095e-35 1.0000000180025095e-35 1.0000000180025095e-35 1.0000000180025095e-35 1.0000000180025095e-35 1.0000000180025095e-35 1.0000000180025095e-35 1.0000000180025095e-35 1.0000000180025095e-35 1.0000000180025095e-35 1.0000000180025095e-35 1.0000000180025095e-35 2.5000000000000004 1.5000000000000002
decision_type=2 2 2 2 2 2 2 2 2 2 2 2 2 2 2 2 2 2 2
left_child=1 2 3 4 5 6 7 8 9 10 11 12 13 14 15 16 -1 18 -18
right_child=-2 -3 -4 -5 -6 -7 -8 -9 -10 -11 -12 -13 -14 -15 -16 -17 17 -19 -20
leaf_value=0.042290177705817958 -0.038379195721896138 -0.037934985570532861 -0.037933940075360544 -0.037090670873920289 -0.038160474406420328 -0.038028807337982473 -0.037812311892709276 -0.037385310940082593 -0.036924613925582848 -0.037668368016119072 -0.03808398120190129 -0.041356830513175236 -0.043873466106754598 -0.040028916707646044 -0.038327301196467219 -0.03724331568343902 -0.041903026932935759 0.040771572084949921 0.040136467375439883
leaf_weight=2969.7970084622502 1140.6424277089536 747.51358183473349 516.12160493433475 376.24474538862705 278.55421581119299 206.71244265884161 153.24021647498012 52.424550473690033 46.609999120235443 41.354342073202133 39.023065462708473 30.492071352899075 27.326171010732651 27.701345894485712 27.8991564437747 26.177147194743156 16.822070371359587 335.44690796732903 20.500792045146227
leaf_count=5263 6571 5875 2848 6469 716 754 2330 822 777 609 542 320 252 310 360 389 155 610 37
internal_value=-0.000447698 0.00683885 0.0132876 0.0189443 0.023851 0.0281504 0.031741 0.0346566 0.0357081 0.0366634 0.0375416 0.0383945 0.0391049 0.0397734 0.04043 0.0410878 0.0417068 0.0370084 0.0030947
internal_weight=7080.6 5939.96 5192.45 4676.33 4300.08 4021.53 3814.81 3661.57 3609.15 3562.54 3521.19 3482.16 3451.67 3424.34 3396.64 3368.74 3342.57 372.77 37.3229
internal_count=36009 29438 23563 20715 14246 13530 12776 10446 9624 8847 8238 7696 7376 7124 6814 6454 6065 802 192
is_linear=0
shrinkage=0.05


Tree=61
num_leaves=64
num_cat=0
split_feature=15 18 31 5 22 5 3 19 6 27 3 24 3 13 25 27 3 5 5 5 0 0 3 3 18 26 4 26 0 26 4 0 1 3 1 1 0 26 2 0 1 0 1 1 2 1 3 0 3 1 3 0 1 0 3 3 0 29 1 26 1 1 29
split_gain=497.577 380.014 465.783 631.42 541.282 201.547 183.227 175.258 77.9051 75.3829 74.2512 65.764 64.5013 63.6915 53.8863 43.3333 42.0501 17.8002 26.861 7.1691 6.67103 31.5612 5.11358 24.2719 4.15465 4.03607 3.22292 3.6605 2.07742 1.90251 1.65785 2.31483 1.05767 1.0477 1.04337 1.01535 0.850146 0.790081 0.738997 0.724833 0.67632 0.637302 0.570884 0.48379 0.424975 0.382492 0.364919 0.354975 0.308733 0.383973 0.708329 0.199022 0.169613 0.167704 0.207234 0.164676 0.163998 0.153695 0.15043 0.132626 0.11594 0.0463128 0.0389637
threshold=1.0000000180025095e-35 1.0000000180025095e-35 1.0000000180025095e-35 1.5000000000000002 1.0000000180025095e-35 2.5000000000000004 59.000000000000007 1.0000000180025095e-35 1.0000000180025095e-35 1.0000000180025095e-35 59.000000000000007 1.0000000180025095e-35 59.000000000000007 1.0000000180025095e-35 1.0000000180025095e-35 1.0000000180025095e-35 59.000000000000007 1.5000000000000002 2.5000000000000004 1.5000000000000002 2.5000000000000004 1.5000000000000002 57.000000000000007 59.000000000000007 1.0000000180025095e-35 1.0000000180025095e-35 1.0000000180025095e-35 1.0000000180025095e-35 6.5000000000000009 1.0000000180025095e-35 1.0000000180025095e-35 3.5000000000000004 2.6499999761581425 55.500000000000007 2.2500000000000004 3.1499999761581425 9.5000000000000018 1.0000000180025095e-35 1.0000000180025095e-35 7.5000000000000009 2.4500000476837163 15.000000000000002 2.9500000476837163 2.8500000238418584 1.0000000180025095e-35 3.7500000000000004 45.000000000000007 13.000000000000002 54.500000000000007 2.3500000238418584 49.000000000000007 13.000000000000002 3.5499999523162846 8.5000000000000018 53.000000000000007 41.000000000000007 3.5000000000000004 1.0000000180025095e-35 2.3500000238418584 1.0000000180025095e-35 3.2500000000000004 2.0499999523162846 1.0000000180025095e-35
decision_type=2 2 2 2 2 2 2 2 2 2 2 2 2 2 2 2 2 2 2 2 2 2 2 2 2 2 2 2 2 2 2 2 2 2 2 2 2 2 2 2 2 2 2 2 2 2 2 2 2 2 2 2 2 2 2 2 2 2 2 2 2 2 2
left_child=1 2 3 4 -1 10 8 12 9 11 14 13 19 17 20 22 26 24 33 29 21 -5 37 -24 30 -21 43 -28 -27 35 34 -32 38 39 55 44 -29 42 46 52 -31 48 -6 59 -3 -37 -22 -34 49 -26 -51 -41 -19 -33 -55 -2 -39 -36 -46 -4 -45 -48 -42
right_child=6 7 16 5 15 -7 -8 -9 -10 -11 -12 -13 -14 -15 -16 -17 -18 18 -20 25 32 -23 23 -25 41 28 27 36 -30 40 31 53 47 -35 57 45 -38 56 -40 51 62 -43 -44 60 58 -47 61 -49 -50 50 -52 -53 -54 54 -56 -57 -58 -59 -60 -61 -62 -63 -64
leaf_value=-0.037835823883938927 0.028023154511502241 0.02855776379521301 0.028114709620245315 -0.036935555571339214 0.021950255131836738 -0.037131003517426403 -0.036972614429057235 -0.038391290394660452 -0.046484189559126969 -0.04180983715107725 -0.036745735979338147 -0.046288343132465 -0.03663321716431845 -0.047653278115674783 -0.040969464566720432 -0.036832521710606692 -0.036681043129109081 0.012194866041766565 -0.036705297013806981 -0.0036479463711069577 0.02143447686161 0.036337335161956356 0.033276400834417151 -0.036603315313717903 0.030124775607327917 0.010102913419786808 0.0065362804476079249 0.022437902213154191 0.029346026122610058 0.031707483677822126 0.014245822466408854 0.036666916939583016 0.033616629597669652 0.03280301045480459 0.037488443754820126 0.035925005484874699 0.033592276784747431 0.03092424776159124 0.033326068111149333 0.030024513638533347 0.0368646832645853 0.031795144523787004 0.032008054665627235 0.038296624465209234 0.017885203102119964 0.028426220846473307 0.026147468694653855 0.037428000357514854 0.016478291098519848 0.014031938286686205 0.02819508978625276 0.021507570035402348 0.02042874987505329 0.025863560364797401 0.034518793860297908 0.033791329764943555 0.035841244993222471 0.034092682356854941 0.024785714321556879 0.032393522100001793 0.033896708917922055 0.031394258305656168 0.032618881510146087
leaf_weight=2733.5645842514932 32.424658067524433 63.148936621844769 65.794119693338871 19.242980964481831 31.168156310915947 149.42220205441117 118.02905046567321 108.63152366876602 34.513042703270912 36.35965047031641 44.277401324361563 26.918169271200895 35.589337728917599 24.325122486799955 25.782707534730434 25.580084759742022 23.197557747364044 20.218163888901472 20.321702774614096 17.378719434142113 29.371627427637577 57.444996312260628 55.209889426827431 15.547009058296679 23.920901291072369 21.29810593277216 25.156767308712006 37.871194094419479 45.146418258547783 149.06907103210688 21.662293199449778 36.667872972786427 254.60896342247725 33.767018314450979 814.96692239120603 61.863870963454247 42.746204607188702 55.872421979904175 136.64441489428282 21.811430558562279 321.39206354320049 32.878729917109013 40.726340800523758 60.888507664203644 25.044885523617268 45.806186519563198 36.131004571914673 174.23930465430021 19.765671364963055 20.529056541621685 18.243037581443787 23.004003919661045 12.60191774368286 28.426031026989222 22.671842619776726 232.35106885060668 160.02742144465446 104.52141239121556 24.830379620194435 133.81271266937256 192.85691280663013 41.281816743314266 47.831526897847652
leaf_count=18584 89 116 114 290 67 2518 2034 1619 359 417 758 267 611 231 283 408 374 99 322 94 69 74 75 237 53 87 99 93 86 237 92 64 365 67 1236 76 61 85 209 56 367 67 61 64 68 77 77 207 72 74 40 65 45 82 40 488 190 212 48 193 255 72 70
internal_value=7.9579e-05 -0.00720107 -0.0131105 -0.019073 -0.0300264 0.0161864 0.0231141 0.0213195 0.0273888 0.0289684 0.0259303 0.0305975 0.028894 0.0319342 0.0295336 0.025524 0.0287085 0.0332058 0.0155456 0.0317488 0.0319864 0.0178311 0.0300178 0.017773 0.0348507 0.017724 0.0314518 0.0233491 0.0232994 0.0333265 0.0356737 0.0293514 0.0335867 0.0251985 0.0362452 0.0292011 0.028523 0.0329922 0.0306658 0.0217022 0.0350534 0.0255051 0.0278295 0.0333144 0.0255662 0.0328809 0.0271223 0.035207 0.0228205 0.0246738 0.0209701 0.0259383 0.0156155 0.032978 0.0300011 0.0331391 0.0346432 0.0371212 0.0215325 0.0310569 0.0350257 0.0291289 0.0363595
internal_weight=7416.4 5635.5 4668.47 4086.14 3117.7 968.447 1780.9 967.031 1662.87 1628.36 819.025 1592 858.4 1565.08 774.748 384.131 582.324 1540.75 131.724 822.81 748.965 76.688 358.551 70.7569 1409.03 83.8232 559.126 105.774 66.4445 738.987 1293.69 109.428 672.277 111.403 1184.26 220.694 80.6174 287.794 243.429 77.6355 518.293 115.337 71.8945 453.352 113.024 107.67 106.784 428.848 82.4587 62.693 38.7721 44.8154 32.8201 87.7657 51.0979 264.776 215.9 919.488 49.8753 199.607 253.745 77.4128 369.224
internal_count=36009 29438 25882 24629 19707 4922 6571 3556 4537 4178 2404 3761 1937 3494 1646 1123 1253 3263 654 1326 1363 364 715 312 2609 267 879 253 173 1059 2303 278 999 332 2025 385 154 403 427 265 674 306 128 626 232 153 218 572 239 167 114 121 144 186 122 577 275 1448 116 307 319 149 437
is_linear=0
shrinkage=0.05


Tree=62
num_leaves=28
num_cat=0
split_feature=3 14 27 6 5 13 10 7 16 19 20 28 11 17 26 4 25 25 0 4 0 0 21 15 31 31 31
split_gain=958 637.402 332.792 309.746 292.326 251.514 236.104 217.825 204.948 180.788 176.861 176.224 150.645 136.473 22.9904 47.6776 102.933 15.0519 7.84733 99.2936 3.43708 7.51378 0.366003 0.20186 0.192749 0.149918 0.127947
threshold=59.000000000000007 1.0000000180025095e-35 1.0000000180025095e-35 1.0000000180025095e-35 2.5000000000000004 1.0000000180025095e-35 1.0000000180025095e-35 1.0000000180025095e-35 1.0000000180025095e-35 1.0000000180025095e-35 1.0000000180025095e-35 1.0000000180025095e-35 1.0000000180025095e-35 1.0000000180025095e-35 1.0000000180025095e-35 1.0000000180025095e-35 1.0000000180025095e-35 1.0000000180025095e-35 1.5000000000000002 1.0000000180025095e-35 3.5000000000000004 2.5000000000000004 1.0000000180025095e-35 1.0000000180025095e-35 1.0000000180025095e-35 1.0000000180025095e-35 1.0000000180025095e-35
decision_type=2 2 2 2 2 2 2 2 2 2 2 2 2 2 2 2 2 2 2 2 2 2 2 2 2 2 2
left_child=1 2 3 4 5 6 7 8 9 10 11 12 13 14 15 17 20 22 19 -16 21 -17 -1 -11 -4 -3 -5
right_child=-2 25 24 26 -6 -7 -8 -9 -10 23 -12 -13 -14 -15 18 16 -18 -19 -20 -21 -22 -23 -24 -25 -26 -27 -28
leaf_value=-0.023883502063739133 0.04190291893498127 0.044841554656449997 0.045880360978138107 0.048842952205648327 0.043339417459445834 0.049123868688948975 0.049009000570041615 0.048314707884408913 0.043513472961236199 0.0454759947269089 0.054743680250964426 0.055769157141247062 0.050827465095225954 0.056812664664655524 -0.036493841865542907 0.011325326390400958 0.054467091803291637 -0.036768272691877893 -0.036732452711529404 0.048248157399671046 -0.030048259311571679 -0.030997802085749857 -0.029126425875625014 0.057973679878024265 0.056293109474831432 0.052248530336069632 0.060338730057542617
leaf_weight=380.04097569733858 1159.6802565455437 489.54022695869207 209.06816035509109 162.86607877165079 187.90710496902466 127.06657503545284 113.61145442724228 101.86424975097179 104.693598754704 66.86022911220789 62.399443529546261 58.939348764717579 55.096352703869343 42.289106108248234 411.46331049501896 17.793990887701511 52.717081442475319 621.37642303854227 2343.8982002139091 37.304987654089928 119.12137226015329 24.33847600966692 49.523357778787613 11.903252407908438 15.055427111685274 26.389759428799152 12.197863347828386
leaf_count=1164 11262 4291 1835 1371 1712 1046 944 847 917 551 458 422 404 291 877 89 366 1357 4703 288 222 41 102 77 101 190 81
internal_value=0.00036515 -0.00779484 -0.0128786 -0.0154681 -0.0177631 -0.0201582 -0.0220462 -0.0238211 -0.025474 -0.0271372 -0.0285213 -0.0297607 -0.0309805 -0.032086 -0.0330194 -0.0273979 -0.00586833 -0.0317764 -0.0355602 -0.0294036 -0.0257006 -0.0132001 -0.0245211 0.0477185 0.0467036 0.0452706 0.0498135
internal_weight=7065.01 5905.33 5389.4 5165.27 4990.21 4802.3 4675.24 4561.62 4459.76 4355.07 4276.3 4213.9 4154.96 4099.87 4057.58 1264.91 213.971 1050.94 2792.67 448.768 161.254 42.1325 429.564 78.7635 224.124 515.93 175.064
internal_count=36009 24747 20266 18330 16878 15166 14120 13176 12329 11412 10784 10326 9904 9500 9209 3341 718 2623 5868 1165 352 130 1266 628 1936 4481 1452
is_linear=0
shrinkage=0.05


Tree=63
num_leaves=21
num_cat=0
split_feature=15 5 18 3 31 22 14 6 24 13 10 17 28 12 11 20 4 25 0 0
split_gain=734.719 641.669 543.453 476.739 437.393 363.247 285.828 102.958 92.433 88.6428 74.9083 73.7572 72.0395 71.0307 70.3854 64.4398 4.53726 64.1105 17.3496 23.5223
threshold=1.0000000180025095e-35 1.5000000000000002 1.0000000180025095e-35 59.000000000000007 1.0000000180025095e-35 1.0000000180025095e-35 1.0000000180025095e-35 1.0000000180025095e-35 1.0000000180025095e-35 1.0000000180025095e-35 1.0000000180025095e-35 1.0000000180025095e-35 1.0000000180025095e-35 1.0000000180025095e-35 1.0000000180025095e-35 1.0000000180025095e-35 1.0000000180025095e-35 1.0000000180025095e-35 2.5000000000000004 1.5000000000000002
decision_type=2 2 2 2 2 2 2 2 2 2 2 2 2 2 2 2 2 2 2 2
left_child=1 2 3 4 5 6 7 8 9 10 11 12 13 14 15 16 -1 18 19 -18
right_child=-2 -3 -4 -5 -6 -7 -8 -9 -10 -11 -12 -13 -14 -15 -16 -17 17 -19 -20 -21
leaf_value=0.041540970457200961 -0.038068685040713438 -0.037658732241253635 -0.037646782112810424 -0.036830904002776201 -0.037876234188097185 -0.037747786152017813 -0.037490873433716557 -0.037059217913193852 -0.037842984619229081 -0.037281963515656234 -0.036997636605353372 -0.042810558924588113 -0.040665432913960492 -0.038164870105522553 -0.041272829632019378 -0.039584448979912049 -0.041276967066165286 -0.048100660060877577 0.044330782253331001 0.043807542897152697
leaf_weight=2844.9292741492391 1103.2670455016196 718.00072706118226 480.02291411533952 360.18329158052802 274.00054411962628 201.98947372660041 145.57365772873163 49.979053635150194 42.687805768102407 40.546809758991003 33.713746353983879 27.959193933755159 28.337471097707748 29.284017655998468 26.326715745031834 24.719609253108501 14.325283519923689 21.228347320109606 305.47707644477487 17.47791738435626
leaf_count=5421 6587 5884 2830 6551 721 760 2339 830 628 636 544 276 312 393 268 282 137 171 510 27
internal_value=-0.00073722 0.00650802 0.0128934 0.0183017 0.0231155 0.0274554 0.0310659 0.0339166 0.0349479 0.0358634 0.0367478 0.0374976 0.0381819 0.0388684 0.0395673 0.0402329 0.0408549 0.0353604 0.0406768 0.00543679
internal_weight=6790.03 5686.76 4968.76 4488.74 4128.56 3854.56 3652.57 3506.99 3457.01 3414.33 3373.78 3340.06 3312.11 3283.77 3254.48 3228.16 3203.44 358.509 337.28 31.8032
internal_count=36107 29520 23636 20806 14255 13534 12774 10435 9605 8977 8341 7797 7521 7209 6816 6548 6266 845 674 164
is_linear=0
shrinkage=0.05


Tree=64
num_leaves=64
num_cat=0
split_feature=15 18 5 22 16 5 19 3 3 14 14 14 3 14 3 14 26 5 5 5 6 0 0 3 3 18 24 13 10 21 7 20 0 26 0 0 0 28 4 26 3 0 26 0 1 0 1 1 1 29 0 3 3 1 0 3 1 1 3 3 3 0 0
split_gain=468.305 323.036 426.162 367.377 264.126 209.599 159.806 122.973 73.4354 72.8044 70.3402 61.0738 51.134 46.1327 15.9652 11.9209 10.3141 9.22851 22.5599 6.1478 5.53134 4.81441 21.4507 4.61518 29.951 3.88688 3.67991 3.56927 2.95833 2.56186 2.2722 2.14943 2.12667 2.01773 1.91709 2.66267 4.0009 1.80487 1.65782 1.40893 1.35018 1.31455 1.1914 1.175 1.75318 1.1454 0.974512 0.972724 1.48483 1.2131 1.4031 1.61439 2.56626 0.97234 0.826844 1.09819 0.864087 0.934554 0.824061 1.52645 1.09501 1.09915 0.954935
threshold=1.0000000180025095e-35 1.0000000180025095e-35 1.5000000000000002 1.0000000180025095e-35 1.0000000180025095e-35 2.5000000000000004 1.0000000180025095e-35 59.000000000000007 59.000000000000007 1.0000000180025095e-35 1.0000000180025095e-35 1.0000000180025095e-35 59.000000000000007 1.0000000180025095e-35 59.000000000000007 1.0000000180025095e-35 1.0000000180025095e-35 1.5000000000000002 2.5000000000000004 1.5000000000000002 1.0000000180025095e-35 2.5000000000000004 1.5000000000000002 57.000000000000007 59.000000000000007 1.0000000180025095e-35 1.0000000180025095e-35 1.0000000180025095e-35 1.0000000180025095e-35 1.0000000180025095e-35 1.0000000180025095e-35 1.0000000180025095e-35 4.5000000000000009 1.0000000180025095e-35 5.5000000000000009 2.5000000000000004 1.5000000000000002 1.0000000180025095e-35 1.0000000180025095e-35 1.0000000180025095e-35 45.000000000000007 19.000000000000004 1.0000000180025095e-35 3.5000000000000004 1.8499999642372134 2.5000000000000004 2.4500000476837163 3.3500000238418584 3.6499999761581425 1.0000000180025095e-35 5.5000000000000009 41.000000000000007 43.000000000000007 1.8499999642372134 2.5000000000000004 55.500000000000007 1.9499999880790713 2.7500000000000004 39.000000000000007 49.000000000000007 54.500000000000007 8.5000000000000018 4.5000000000000009
decision_type=2 2 2 2 2 2 2 2 2 2 2 2 2 2 2 2 2 2 2 2 2 2 2 2 2 2 2 2 2 2 2 2 2 2 2 2 2 2 2 2 2 2 2 2 2 2 2 2 2 2 2 2 2 2 2 2 2 2 2 2 2 2 2
left_child=1 2 3 14 7 8 9 10 11 12 17 16 19 23 15 20 34 25 33 39 26 22 -18 -5 -25 42 27 28 29 30 31 37 -21 -19 35 36 -4 38 47 40 -3 43 -2 -40 -45 -31 -27 49 -49 50 51 -1 -53 -51 55 56 -54 -58 -50 -60 61 -61 -62
right_child=4 6 5 13 -6 -7 -8 -9 -10 -11 -12 -13 -14 -15 -16 -17 21 18 -20 32 -22 -23 -24 24 -26 46 -28 -29 -30 45 -32 -33 -34 -35 -36 -37 -38 -39 41 -41 -42 -43 -44 44 -46 -47 -48 48 58 53 -52 52 54 -55 -56 -57 57 -59 59 60 62 -63 -64
leaf_value=-0.031889802973788961 0.03308152605666332 0.036827502883685727 -0.03515006574378092 0.031392391137210311 -0.037593810597692442 -0.037488015158757736 -0.038044159221793133 -0.036627348042533578 -0.0365230075175755 -0.042585337424315778 -0.038315067810146514 -0.040539736958579542 -0.036240089264087692 -0.045977144871912824 -0.036820382228155236 -0.038568758322200795 -0.036641578771834077 0.0160057383390468 -0.036290947916249157 0.0042167285276867618 -0.039774322525921481 0.036097791583189931 0.036725729117703713 0.035581431444074246 -0.036359068126244461 0.031057200171167226 -0.039074678427000492 -0.038900821161240669 -0.038591868594224907 -0.021053907730018431 -0.037969314860279331 -0.039105060722177808 0.0241954950571187 0.032213026339278861 0.023907846659123582 0.018666787533825419 0.018683513884015977 -0.038543402086450587 -0.031922354464393482 0.036472426302820868 0.027697542734480825 -0.035081513450581997 0.036747759925728388 -0.0070590613735373635 -0.024326323318547421 -0.033529547026327711 0.021079181389043983 -0.016765985237871282 -0.015173762581561985 -0.018788918578949626 -0.020645911932548621 -0.010861904904007328 -0.02685531576255918 -0.029142822852831086 -0.027446502414396376 -0.02798446320867598 -0.012812806776278647 -0.022257227308723242 -0.025978329861073658 -0.020821691606955225 -0.017914337910115753 -0.011675257734946442 -0.026093052400970835
leaf_weight=65.522858459502459 390.31797776371241 71.701320007443428 6.2051510699093324 300.54774953052402 163.69221137091517 153.94711104035378 103.85792072489858 67.861488945782185 44.401932165026665 34.804428707808256 34.39276884123683 29.805731192231178 26.957903254777193 21.503048989921808 338.1438307762146 159.67828556150198 12.380917362868784 27.077007539570332 14.962351970374582 17.709411710500717 58.172297161072493 575.07363276183605 44.239270001649857 56.33745888248086 18.960168246179819 49.17170225083828 40.982833292335272 39.334999397397041 33.042891718447208 27.572141442447901 25.647446244955063 20.495367772877216 56.354336403310299 82.871310792863369 103.1217653080821 35.142848908901215 6.6536293774843216 18.206332746893167 47.043106608092785 471.39548474550247 128.28873635828495 40.146889723837376 860.08374049514532 16.951358534395695 142.00067837536335 89.766789752990007 62.358304105699062 203.70847870409489 46.323998354375362 32.243890788406134 616.38682276383042 39.553294569253922 34.008013021200895 128.03689786791801 151.3366250321269 61.962568208575249 57.873292606323957 52.883373249322176 199.80013564601541 75.81704293563962 64.3598244599998 62.519108261913061 101.3474352620542
leaf_count=213 576 84 98 559 2617 2638 1637 1230 799 371 469 340 487 227 6162 2447 188 78 241 83 886 670 49 83 316 77 664 677 573 90 466 308 128 126 263 105 19 281 312 534 221 125 1029 51 419 287 144 570 127 90 1805 103 108 412 466 184 157 157 606 216 183 164 312
internal_value=0.000341891 -0.00693514 -0.0124332 -0.0207169 0.0227992 0.016145 0.020208 0.0290301 0.0257954 0.0277217 0.0319701 0.0292208 0.0309153 0.0245163 -0.026535 -0.025265 0.0319012 0.0336082 0.0204599 0.0333665 -0.0244385 0.0347173 0.0205025 0.0286051 0.0173462 0.0348062 -0.0240788 -0.0238246 -0.0235751 -0.0233623 -0.0229821 -0.0228051 0.0194787 0.0283122 0.0200542 0.0116142 -0.00763779 -0.0226485 -0.0225107 0.0348829 0.0310545 -0.0264892 0.035617 -0.0247337 -0.0225128 -0.0306998 0.0255973 -0.022013 -0.0205229 -0.0229105 -0.0222725 -0.0244127 -0.023142 -0.0271248 -0.0244815 -0.02225 -0.0197076 -0.017402 -0.0218974 -0.0225 -0.0201753 -0.016745 -0.0229799
internal_weight=7163.05 5410.26 4499.19 3488.22 1752.79 1010.97 911.07 1589.1 857.025 807.212 1521.24 812.623 772.407 397.348 3090.87 2752.73 782.817 1486.84 124.911 745.449 2593.05 631.694 56.6202 375.845 75.2976 1361.93 2534.87 2493.89 2454.56 2421.51 2304.17 2278.53 74.0637 109.948 151.123 48.0016 12.8588 2258.03 2239.83 671.386 199.99 246.142 1250.4 205.995 158.952 117.339 111.53 1993.68 753.876 1239.81 1079.53 463.14 397.617 160.281 358.064 206.727 144.765 110.757 550.168 503.844 304.043 138.336 165.707
internal_count=36107 29520 25975 20806 6587 5169 3545 3970 2531 1908 2740 1732 1537 1185 19621 13459 1392 2271 445 1050 11012 907 237 958 399 1826 10126 9462 8785 8212 7835 7369 211 204 485 222 117 7061 6780 839 305 907 1605 782 470 377 221 5873 2178 3695 3193 1388 1175 502 1072 606 422 314 1608 1481 875 380 495
is_linear=0
shrinkage=0.05


Tree=65
num_leaves=23
num_cat=0
split_feature=3 14 27 6 13 24 10 7 16 12 19 28 20 11 17 4 25 0 31 31 15 31
split_gain=892.375 597.537 311.01 291.506 237.573 233.38 224.181 199.629 194.889 172.87 170.526 164.115 161.91 143.569 129.865 77.6533 158.338 123.713 0.179546 0.172801 0.124407 0.0240448
threshold=59.000000000000007 1.0000000180025095e-35 1.0000000180025095e-35 1.0000000180025095e-35 1.0000000180025095e-35 1.0000000180025095e-35 1.0000000180025095e-35 1.0000000180025095e-35 1.0000000180025095e-35 1.0000000180025095e-35 1.0000000180025095e-35 1.0000000180025095e-35 1.0000000180025095e-35 1.0000000180025095e-35 1.0000000180025095e-35 1.0000000180025095e-35 1.0000000180025095e-35 1.5000000000000002 1.0000000180025095e-35 1.0000000180025095e-35 1.0000000180025095e-35 1.0000000180025095e-35
decision_type=2 2 2 2 2 2 2 2 2 2 2 2 2 2 2 2 2 2 2 2 2 2
left_child=1 2 3 4 5 6 7 8 9 10 11 12 13 14 15 -1 17 -17 -3 -4 -12 -5
right_child=-2 18 19 21 -6 -7 -8 -9 -10 -11 20 -13 -14 -15 -16 16 -18 -19 -20 -21 -22 -23
leaf_value=-0.037595747762326104 0.041246680341416361 0.044158876540614456 0.045246654628333716 0.04808914580687397 0.047787194296417576 0.04825925171071347 0.048250951094681221 0.047388234095521876 0.042986970500637899 0.048569322804556558 0.044634479148902291 0.054095775501257375 0.05368326177550016 0.04985369155045536 0.055420293756915345 0.046258730689240919 0.050642793799846368 -0.031556433579355843 0.051662168377116208 0.055660410687000589 0.056152931079915348 0.058431559279657409
leaf_weight=2893.5710357129574 1115.8323903530836 471.87018833309412 201.24097912758589 157.93497957289219 134.91087753325701 123.59695728123188 112.68736073374748 97.983799673616886 103.60112516582012 75.315502919256687 62.773054219782352 58.097853064537048 56.240018509328365 53.168573468923569 41.08659490942955 53.907273262739182 70.555463656783104 850.2220239341259 26.59981419891119 14.248168535530565 12.186195671558378 12.193771369755266
leaf_count=6338 11368 4296 1837 1376 1162 1034 964 847 935 618 535 430 423 398 286 451 550 1805 194 96 82 82
internal_value=0.000376006 -0.0076503 -0.0126778 -0.015229 -0.0175104 -0.0194037 -0.0212503 -0.023024 -0.0246224 -0.0262843 -0.0276479 -0.0290235 -0.0302317 -0.0314294 -0.0325411 -0.0334824 -0.021258 -0.0268938 0.0446106 0.0460625 0.0468667 0.0489995
internal_weight=6799.82 5683.99 5185.52 4970.03 4799.9 4664.99 4541.4 4428.71 4330.72 4227.12 4151.81 4076.85 4018.75 3962.51 3909.34 3868.26 974.685 904.129 498.47 215.489 74.9592 170.129
internal_count=36107 24739 20249 18316 16858 15696 14662 13698 12851 11916 11298 10681 10251 9828 9430 9144 2806 2256 4490 1933 617 1458
is_linear=0
shrinkage=0.05


Tree=66
num_leaves=20
num_cat=0
split_feature=15 5 18 3 31 22 14 27 24 13 28 11 17 10 12 7 4 0 0
split_gain=691.005 590.55 514.439 437.013 432.81 346.804 262.442 91.6 84.033 79.9404 70.7396 69.3366 65.9369 65.1815 63.1681 57.6533 3.85087 15.9805 20.64
threshold=1.0000000180025095e-35 1.5000000000000002 1.0000000180025095e-35 59.000000000000007 1.0000000180025095e-35 1.0000000180025095e-35 1.0000000180025095e-35 1.0000000180025095e-35 1.0000000180025095e-35 1.0000000180025095e-35 1.0000000180025095e-35 1.0000000180025095e-35 1.0000000180025095e-35 1.0000000180025095e-35 1.0000000180025095e-35 1.0000000180025095e-35 1.0000000180025095e-35 2.5000000000000004 1.5000000000000002
decision_type=2 2 2 2 2 2 2 2 2 2 2 2 2 2 2 2 2 2 2
left_child=1 2 3 4 5 6 7 8 9 10 11 12 13 14 15 16 -1 18 -18
right_child=-2 -3 -4 -5 -6 -7 -8 -9 -10 -11 -12 -13 -14 -15 -16 -17 17 -19 -20
leaf_value=0.040796562330383146 -0.037786865421458343 -0.037412583462043077 -0.037378555390320499 -0.036587909053051447 -0.037803120875541961 -0.037475085873500895 -0.037190709624065919 -0.036528268827348657 -0.037479173292214667 -0.036911580179127754 -0.03979510184140933 -0.040221225929500989 -0.042121274969607325 -0.036688704243469671 -0.037750010346178337 -0.036817479078669356 -0.040380902694427463 0.038455298407337614 0.037976687135581146
leaf_weight=2748.3276159092784 1051.0687840618193 671.59243744798005 463.77438472025096 337.44105990231037 275.29891214333475 196.33257820829749 136.25718764960766 45.693866606801748 39.730041816830635 37.479082863777876 29.979953169822693 28.516873575747013 25.35967655107379 28.412549894303083 26.28293889388442 24.155129712074995 15.146228186786173 310.25317380204797 17.657464854419231
leaf_count=5357 6557 5823 2839 6497 734 765 2316 833 616 627 367 325 258 476 369 385 155 633 34
internal_value=-0.000673264 0.00647706 0.012639 0.0180094 0.0226368 0.0271267 0.0307417 0.0334877 0.0344535 0.0353273 0.0361648 0.0368772 0.0375714 0.0382154 0.0388985 0.0395511 0.0401537 0.0349516 0.00173409
internal_weight=6508.76 5457.69 4786.1 4322.32 3984.88 3709.58 3513.25 3376.99 3331.3 3291.57 3254.09 3224.11 3195.59 3170.24 3141.82 3115.54 3091.38 343.057 32.8037
internal_count=35966 29409 23586 20747 14250 13516 12751 10435 9602 8986 8359 7992 7667 7409 6933 6564 6179 822 189
is_linear=0
shrinkage=0.05


Tree=67
num_leaves=64
num_cat=0
split_feature=15 18 5 22 16 5 19 3 3 14 14 14 3 14 27 3 14 5 6 5 27 24 13 18 10 21 3 7 20 4 3 1 1 1 3 1 4 3 1 3 3 1 1 1 1 1 1 1 3 8 1 3 3 3 1 3 1 1 3 3 3 1 1
split_gain=430.191 312.14 368.918 346.509 240.623 189.14 148.975 112.222 66.8922 66.4244 65.2431 53.5811 47.5867 44.5269 38.9213 16.4535 11.8534 9.60523 5.64187 5.00354 4.73089 3.60053 3.21691 2.88055 2.80646 2.79849 2.67418 2.20115 2.03438 1.707 1.46423 1.34634 1.16675 1.06892 2.09504 1.05645 0.968488 0.886077 0.705214 2.2536 1.95484 1.37508 3.08408 2.06831 1.3632 1.07788 0.954706 0.712215 0.879237 0.822914 0.781488 3.14822 1.34944 1.30738 1.30722 0.653435 0.610559 1.71011 0.594093 0.560307 0.469541 0.821102 1.58842
threshold=1.0000000180025095e-35 1.0000000180025095e-35 1.5000000000000002 1.0000000180025095e-35 1.0000000180025095e-35 2.5000000000000004 1.0000000180025095e-35 59.000000000000007 59.000000000000007 1.0000000180025095e-35 1.0000000180025095e-35 1.0000000180025095e-35 59.000000000000007 1.0000000180025095e-35 1.0000000180025095e-35 59.000000000000007 1.0000000180025095e-35 1.5000000000000002 1.0000000180025095e-35 1.5000000000000002 1.0000000180025095e-35 1.0000000180025095e-35 1.0000000180025095e-35 1.0000000180025095e-35 1.0000000180025095e-35 1.0000000180025095e-35 57.000000000000007 1.0000000180025095e-35 1.0000000180025095e-35 1.0000000180025095e-35 54.500000000000007 4.0499999523162851 3.1499999761581425 2.2500000000000004 49.000000000000007 2.1499999761581425 1.0000000180025095e-35 45.000000000000007 2.9500000476837163 47.000000000000007 49.000000000000007 1.8499999642372134 1.6500000357627871 1.7500000000000002 2.0499999523162846 2.3500000238418584 2.2500000000000004 3.7500000000000004 49.000000000000007 1.0000000180025095e-35 3.5499999523162846 51.000000000000007 55.500000000000007 49.000000000000007 3.0499999523162846 51.000000000000007 2.7500000000000004 3.1499999761581425 47.000000000000007 57.000000000000007 54.500000000000007 2.7500000000000004 2.6499999761581425
decision_type=2 2 2 2 2 2 2 2 2 2 2 2 2 2 2 2 2 2 2 2 2 2 2 2 2 2 2 2 2 2 2 2 2 2 2 2 2 2 2 2 2 2 2 2 2 2 2 2 2 2 2 2 2 2 2 2 2 2 2 2 2 2 2
left_child=1 2 3 15 7 8 10 9 11 17 12 -4 19 14 26 16 18 23 20 -3 21 22 24 36 25 27 -5 28 29 37 -19 -28 -21 34 -31 -27 -2 -1 39 45 -41 42 -42 -44 -43 -39 -46 49 -49 50 53 -52 -53 58 -55 -50 -35 -58 -40 60 61 62 -48
right_child=4 6 5 13 -6 -7 -8 -9 -10 -11 -12 -13 -14 -15 -16 -17 -18 30 -20 32 -22 -23 -24 -25 -26 35 31 -29 -30 33 -32 -33 -34 56 -36 -37 -38 38 47 40 41 44 43 -45 46 -47 59 48 55 -51 51 52 -54 54 -56 -57 57 -59 -60 -61 -62 -63 -64
leaf_value=-0.022809872352529185 0.035126839437712679 0.03402674137064126 0.030682938543302736 0.034482170205288279 -0.037286163365732997 -0.037256576836598075 -0.037719206349149124 -0.03637204657528538 -0.036262560198615866 -0.037914249863060828 -0.041927748860984479 -0.039906635349347644 -0.035974731566478561 -0.045256167262349427 -0.037551326708441725 -0.036577444028165783 -0.038199223572847947 0.013665725587586667 -0.03956308763128593 0.025478501494551654 -0.038884948502495124 -0.038807932631364374 -0.038339127357799603 0.025908614149037241 -0.038234362182165048 -0.021034148144967152 0.017787751367143223 -0.037679159334153438 -0.038674774299024828 -0.0088743965492252934 0.025506717488053884 0.034382110806306626 0.012691341198404116 -0.034238477720324664 -0.028753791534214396 -0.033021215465857262 0.029552928415164686 -0.0089112326583082428 -0.018575014603979513 -0.03128542711115577 -0.025472861690654949 -0.030635154731211773 -0.0023894134401202865 -0.019229579222321224 -0.016440675064952639 -0.021144279082770334 -0.02530232522941846 -0.026065959734787144 -0.01402660497433522 -0.0092194573482967494 -0.028661818185700051 -0.0023186758757656528 -0.016144723979402729 -0.012948767350670116 -0.02355410160952404 -0.02079964128938222 -0.015882465113948665 -0.029011009743243932 -0.0088738663378958565 -0.027838222737812748 -0.018108788717109258 -0.032167037467815518 -0.0086425768745362914
leaf_weight=562.58337808400393 1113.3820230364799 662.67550557851791 736.54078715667129 284.48109084367752 153.30566933378577 144.75489501655102 98.431658361107111 63.856460947543383 42.175079625099897 33.643251463770866 32.195081479847431 27.485612221062183 25.793336316943169 21.285102035850286 20.696727894246578 317.11578025668859 149.65746289864182 66.629244193434715 55.114932768046856 46.527409069240093 48.289432119578123 35.898268789052963 33.071393430233002 110.4207981005311 28.490086205303669 28.360938310623169 45.366374667733908 22.293290868401527 17.854144167155027 26.523663759231567 45.603653609752655 17.941741969436407 31.67701581120491 33.882484037429094 27.338223453611135 84.115939978510141 106.05387128144503 49.497221235185862 30.477009516209364 61.955684714019299 60.826722122728825 56.525143809616566 39.800370763987303 33.405427545309067 68.874387223273516 29.161326453089714 58.896634362637997 72.35417528450489 48.746150497347116 28.124475955963135 27.215094085782766 38.65404224395752 32.284789822995663 37.485283702611923 172.41624876856804 205.93169985711575 34.64264052733779 111.57469730079174 35.891044542193413 61.808614805340767 65.837909922003746 25.26642432808876 19.768974047154188
leaf_count=1719 1432 853 1371 357 2592 2600 1637 1225 803 485 357 330 493 231 338 6118 2423 289 880 112 812 608 605 217 521 82 216 429 279 75 132 37 106 141 105 265 185 130 88 215 190 181 90 102 189 89 179 224 136 67 92 86 87 101 514 604 125 416 89 186 189 88 49
internal_value=0.000468691 -0.00663941 -0.0122148 -0.0199797 0.0223652 0.0152803 0.020187 0.0283152 0.0247307 0.0311257 0.027341 0.0281191 0.0302753 0.0243288 0.0284041 -0.025782 -0.0244888 0.0327489 -0.0236643 0.0326044 -0.0232996 -0.022979 -0.0227313 0.0339382 -0.0225025 -0.0223002 0.0323774 -0.0218941 -0.0217237 -0.0215745 0.0185689 0.0227232 0.0204125 -0.0257058 -0.0191361 -0.0301052 0.0346544 -0.0210655 -0.0203365 -0.0216213 -0.022756 -0.021649 -0.0171739 -0.0101523 -0.0233029 -0.0135513 -0.0218749 -0.0192101 -0.0210162 -0.0177186 -0.0183438 -0.0143375 -0.00867997 -0.0197387 -0.0216954 -0.0195333 -0.0276122 -0.0259652 -0.0134343 -0.0234521 -0.0217782 -0.0240049 -0.0211967
internal_weight=6908.93 5216.04 4318.74 3367.78 1692.89 950.956 897.3 1539.59 806.201 1475.73 798.868 764.026 766.673 389.771 368.486 2978.01 2660.9 1442.09 2511.24 740.88 2456.12 2407.83 2371.94 1329.86 2338.86 2310.37 347.789 2197.9 2175.6 2157.75 112.233 63.3081 78.2044 233.962 53.8619 112.477 1219.44 1923.79 1361.2 631.625 552.966 491.011 134.033 73.2058 356.978 78.6585 300.453 729.58 327.032 402.548 374.424 98.1539 70.9388 276.27 209.902 254.678 180.1 146.217 66.3681 231.579 169.77 103.932 78.6656
internal_count=35966 29409 25851 20747 6557 5104 3558 3965 2504 2740 1921 1701 1564 1179 948 19568 13450 2255 11027 1071 10147 9335 8727 1834 8122 7601 610 7254 6825 6546 421 253 218 862 180 347 1617 5684 3965 1877 1658 1443 382 192 1061 219 880 2088 964 1124 1057 265 173 792 615 740 682 541 177 691 505 316 228
is_linear=0
shrinkage=0.05


Tree=68
num_leaves=25
num_cat=0
split_feature=3 14 27 6 5 13 24 10 7 16 20 12 28 17 4 0 26 18 5 18 31 31 5 5
split_gain=825.116 547.25 297.734 276.592 254.479 222.495 220.1 209.598 192.956 177.89 155.85 154.166 153.097 127.881 16.8417 111.399 24.021 10.3509 3.13805 1.39003 0.0763393 0.0655791 0.0168845 0.03884
threshold=59.000000000000007 1.0000000180025095e-35 1.0000000180025095e-35 1.0000000180025095e-35 2.5000000000000004 1.0000000180025095e-35 1.0000000180025095e-35 1.0000000180025095e-35 1.0000000180025095e-35 1.0000000180025095e-35 1.0000000180025095e-35 1.0000000180025095e-35 1.0000000180025095e-35 1.0000000180025095e-35 1.0000000180025095e-35 1.5000000000000002 1.0000000180025095e-35 1.0000000180025095e-35 1.5000000000000002 1.0000000180025095e-35 1.0000000180025095e-35 1.0000000180025095e-35 2.5000000000000004 1.5000000000000002
decision_type=2 2 2 2 2 2 2 2 2 2 2 2 2 2 2 2 2 2 2 2 2 2 2 2
left_child=1 2 3 4 5 6 7 8 9 10 11 12 13 14 17 -16 18 -1 -17 -18 -4 -3 23 -5
right_child=-2 21 20 22 -6 -7 -8 -9 -10 -11 -12 -13 -14 -15 15 16 19 -19 -20 -21 -22 -23 -24 -25
leaf_value=-0.036084353326817281 0.040647776916032913 0.043350100644186255 0.044819313454815608 0.047871181670519826 0.042314737908890288 0.047757405377226766 0.048205996053065199 0.047955782261982147 0.047666245854285104 0.042351814832875395 0.052565444186122336 0.048764978160991138 0.053299568709445883 0.053714345380391937 0.046163964766647643 -0.0075653345486258426 -0.036852474358598203 -0.027401019269001754 -0.020915068798179916 -0.028751597676164142 0.054354709914895244 0.050110552903058936 0.039952163806375472 0.056333882219366888
leaf_weight=2454.0803157389164 1054.6868122369051 446.64977867156267 196.61332602798939 128.75875293463469 171.42378479242325 118.53369960188866 109.75043877214193 100.08190605789423 88.644482761621475 90.653524354100227 58.21238649636507 61.403118126094341 52.896602608263493 42.572050459682941 48.886160776019096 78.202141560614109 547.956971347332 409.40715217590332 102.77894162386656 70.41495031863451 13.988605536520479 25.444053284823895 15.088167913258074 20.707424834370613
leaf_count=6188 11287 4249 1846 1145 1680 1043 930 879 770 846 454 504 393 305 409 270 945 852 236 136 95 190 159 155
internal_value=0.000175784 -0.00765486 -0.0125324 -0.0151024 -0.0173798 -0.0196919 -0.0215497 -0.0233753 -0.0251195 -0.0267313 -0.0283313 -0.0295552 -0.0308246 -0.0320168 -0.0330072 -0.0267768 -0.0312638 -0.0348479 -0.0151834 -0.035954 0.0455799 0.0437671 0.0485007 0.0492275
internal_weight=6507.84 5453.15 4981.05 4770.45 4605.9 4434.47 4315.94 4206.19 4106.11 4017.46 3926.81 3868.6 3807.2 3754.3 3711.73 848.239 799.353 2863.49 180.981 618.372 210.602 472.094 164.554 149.466
internal_count=35966 24679 20240 18299 16840 15160 14117 13187 12308 11538 10692 10238 9734 9341 9036 1996 1587 7040 506 1081 1941 4439 1459 1300
is_linear=0
shrinkage=0.05


Tree=69
num_leaves=21
num_cat=0
split_feature=15 5 18 3 31 22 14 6 27 24 13 17 20 28 10 12 4 0 0 26
split_gain=631.039 559.809 482.676 403.892 423.642 316.027 239.876 91.8093 80.8326 75.8736 69.1135 63.3464 60.321 58.8088 56.9465 55.8867 3.54205 12.359 20.257 9.88766
threshold=1.0000000180025095e-35 1.5000000000000002 1.0000000180025095e-35 59.000000000000007 1.0000000180025095e-35 1.0000000180025095e-35 1.0000000180025095e-35 1.0000000180025095e-35 1.0000000180025095e-35 1.0000000180025095e-35 1.0000000180025095e-35 1.0000000180025095e-35 1.0000000180025095e-35 1.0000000180025095e-35 1.0000000180025095e-35 1.0000000180025095e-35 1.0000000180025095e-35 2.5000000000000004 1.5000000000000002 1.0000000180025095e-35
decision_type=2 2 2 2 2 2 2 2 2 2 2 2 2 2 2 2 2 2 2 2
left_child=1 2 3 4 5 6 7 8 9 10 11 12 13 14 15 16 -1 18 -18 -19
right_child=-2 -3 -4 -5 -6 -7 -8 -9 -10 -11 -12 -13 -14 -15 -16 -17 17 19 -20 -21
leaf_value=0.040300881139970761 -0.037492667261253131 -0.037171767317006159 -0.037136611200752394 -0.036361208412832392 -0.037725388334246351 -0.037204429646684932 -0.036914397194614257 -0.036694598813522369 -0.036266009506049447 -0.037159117466876175 -0.036611062680562828 -0.041360853159220293 -0.038839920557050572 -0.039501566673712102 -0.036399864900663964 -0.037397462282732566 -0.039618268150170485 0.020763501302993759 0.037982652678559693 0.042630733533649122
leaf_weight=2621.6840452365577 977.14814745076001 649.02344078198075 443.18551403284073 318.00887786969543 272.9797215629369 182.1554190851748 127.1684500798583 46.20668963342905 40.030577689409256 35.732970889657736 32.294234335422516 25.519263479858637 25.515458010137081 24.029871728271246 24.852271996438503 23.349751602858305 13.909475229680536 68.010445144027472 19.713242165744305 237.28469615802169
leaf_count=5227 6559 5834 2820 6487 740 759 2285 831 766 579 563 269 324 287 431 337 149 209 38 409
internal_value=-0.000620281 0.00627084 0.0124282 0.0177399 0.0222474 0.0268671 0.0303401 0.0329866 0.0340009 0.034899 0.0357311 0.0364944 0.0371507 0.0377964 0.0384202 0.0390493 0.0396584 0.0346367 0.00576959 0.0378013
internal_weight=6207.8 5230.65 4581.63 4138.45 3820.44 3547.46 3365.3 3238.13 3191.93 3151.9 3116.16 3083.87 3058.35 3032.83 3008.8 2983.95 2960.6 338.918 33.6227 305.295
internal_count=35903 29344 23510 20690 14203 13463 12704 10419 9588 8822 8243 7680 7411 7087 6800 6369 6032 805 187 618
is_linear=0
shrinkage=0.05


Tree=70
num_leaves=64
num_cat=0
split_feature=15 31 18 5 22 16 5 19 3 6 3 25 3 3 3 5 5 5 0 0 5 0 18 0 18 26 1 26 22 4 26 1 1 1 29 3 0 1 26 1 3 3 1 0 1 0 2 1 1 1 1 1 3 0 0 0 1 1 1 0 26 1 1
split_gain=364.242 328.713 392.535 531.561 451.073 215.52 157.692 125.416 101.049 65.0862 57.9723 46.6755 46.4746 37.0544 31.7827 9.0262 19.5069 6.05903 5.37153 23.6797 3.9135 2.97793 2.75788 2.27953 2.15175 1.8842 2.25112 1.86737 1.70477 1.26537 1.16873 1.07709 0.923005 0.922964 0.919802 0.890724 0.715066 0.660445 0.584085 0.72889 0.558967 0.555333 0.50524 0.499261 0.479427 0.457386 0.439081 0.436195 0.332032 0.65665 0.857112 0.492147 0.264479 0.23817 0.236174 0.168627 0.161147 0.13807 0.115307 0.111766 0.0668143 0.0510335 0.0329467
threshold=1.0000000180025095e-35 1.0000000180025095e-35 1.0000000180025095e-35 1.5000000000000002 1.0000000180025095e-35 1.0000000180025095e-35 2.5000000000000004 1.0000000180025095e-35 59.000000000000007 1.0000000180025095e-35 59.000000000000007 1.0000000180025095e-35 59.000000000000007 59.000000000000007 59.000000000000007 1.5000000000000002 2.5000000000000004 1.5000000000000002 2.5000000000000004 1.5000000000000002 1.5000000000000002 6.5000000000000009 1.0000000180025095e-35 4.5000000000000009 1.0000000180025095e-35 1.0000000180025095e-35 2.1499999761581425 1.0000000180025095e-35 1.0000000180025095e-35 1.0000000180025095e-35 1.0000000180025095e-35 2.6499999761581425 2.3500000238418584 2.4500000476837163 1.0000000180025095e-35 55.500000000000007 3.5000000000000004 3.1499999761581425 1.0000000180025095e-35 2.8500000238418584 49.000000000000007 54.500000000000007 2.6499999761581425 8.5000000000000018 3.5499999523162846 7.5000000000000009 1.0000000180025095e-35 2.4500000476837163 3.1499999761581425 1.7500000000000002 2.3500000238418584 3.7500000000000004 47.000000000000007 6.5000000000000009 11.000000000000002 4.5000000000000009 3.2500000000000004 1.7500000000000002 2.2500000000000004 6.5000000000000009 1.0000000180025095e-35 2.0499999523162846 2.3500000238418584
decision_type=2 2 2 2 2 2 2 2 2 2 2 2 2 2 2 2 2 2 2 2 2 2 2 2 2 2 2 2 2 2 2 2 2 2 2 2 2 2 2 2 2 2 2 2 2 2 2 2 2 2 2 2 2 2 2 2 2 2 2 2 2 2 2
left_child=1 2 3 4 -1 8 10 12 9 15 11 18 17 20 25 22 30 27 19 -5 24 -22 28 -19 38 26 -6 48 29 34 -17 -29 -25 -24 60 52 41 53 39 58 -35 -27 46 -32 -34 55 54 -36 49 -4 -51 -50 -28 -31 59 -44 -49 -48 -3 -20 61 -2 -40
right_child=5 13 7 6 14 -7 -8 -9 -10 -11 -12 -13 -14 -15 -16 16 -18 23 42 -21 21 -23 33 32 -26 36 35 31 -30 37 43 -33 44 40 47 -37 -38 -39 62 -41 -42 -43 45 -45 -46 -47 57 56 51 50 -52 -53 -54 -55 -56 -57 -58 -59 -60 -61 -62 -63 -64
leaf_value=-0.037069071902988179 0.029839609785788514 0.027256724885355202 0.030558423619723031 -0.036075726501970849 0.0046281455268424136 -0.036996211113097109 -0.03640840361406885 -0.036899344914481678 -0.036134686905879079 -0.04813794583036362 -0.035958827140845105 -0.04041246098590922 -0.035788723472893601 -0.035842930865639118 -0.03601294275926014 0.01621150474439292 -0.035918078908275468 0.00067490172707094793 0.024531221769344358 0.032905386813724465 0.00066567426781586584 0.025040361267615625 0.029702249702505124 0.028624324290842686 0.019304890038737713 0.019419811004322437 0.023421882791416472 0.028749229366416853 0.021435484195101027 0.017965039038439538 0.023081837816991812 0.034384550640592502 0.0089861328767871923 0.014017505308020199 0.022370498023743055 0.032652306789630076 0.031097418571914223 0.032265129813461094 0.031467404443945468 0.032647164529832094 0.024383527157613515 0.029936782392590868 0.031581795624607806 0.032716093503228245 0.020970023617188169 0.033992289448544502 0.026976808263152165 0.034060797191155054 0.032102219555238135 0.01247165838696385 0.024776704883033827 0.023317988569134255 0.01460436156667177 0.026213387514832077 0.022359709144136212 0.026306194787741523 0.027341162984110542 0.032764738306911227 0.021238589430663996 0.031070549597184569 0.035193153589349269 0.033869024356540649 0.034563584568664395
leaf_weight=2356.3900179378688 50.055655501782894 42.318521715700626 28.332556277513504 15.993714459240435 17.927386477589607 144.64255278930068 124.31921723112464 86.429015215486288 60.49236723035574 25.950378369539976 37.505634285509586 24.03789484873414 28.300441410392523 21.616979230195284 20.746212460100651 27.691644392907619 14.419266950339077 19.093211885541677 27.486079998314381 50.588341102004051 17.871333174407482 41.651628062129021 49.47457841783762 22.375209413468838 36.141137018799782 34.599291484802961 26.658552117645741 153.2404804751277 33.728807013481855 20.273456491529942 30.481270931661129 297.39707327634096 17.701101087033749 26.366434529423714 26.004334595054388 24.039126232266426 185.88330341875553 46.244902208447456 93.234160803258419 91.9348024725914 32.618387795984745 26.215400718152523 76.339344553649426 41.885197818279266 17.86137218028307 263.19061017781496 33.282796420156956 41.20497078448534 53.899365328252316 22.791436396539211 46.530312687158585 34.503270037472248 18.161856234073639 32.016512755304575 40.167729459702969 50.923437267541885 36.366117607802153 94.704179860651493 26.601951524615288 36.542258933186531 617.45512966811657 240.90123646706343 246.60907567292452
leaf_count=18524 97 80 48 275 80 2590 2465 1557 1229 222 761 284 577 414 381 89 251 106 65 74 95 93 97 47 91 101 70 269 90 61 80 376 66 77 65 44 347 74 146 133 72 53 115 63 45 356 68 67 76 70 89 67 64 71 91 96 75 144 60 60 835 354 321
internal_value=0.000329239 -0.00627556 -0.0110577 -0.0182244 -0.0291615 0.0211198 0.015651 0.0199536 0.0269133 0.029663 0.02429 0.0274811 0.026596 0.027864 0.0234191 0.0311567 0.0175942 0.029093 0.0298766 0.01619 0.0302013 0.0177885 0.0323886 0.0156919 0.0315598 0.0271648 0.0205666 0.0307007 0.0331262 0.0334715 0.0254461 0.0325022 0.0205926 0.0244908 0.0340288 0.0246528 0.0294397 0.0276044 0.0324242 0.0295028 0.0199066 0.0241605 0.031326 0.0288443 0.0152124 0.0325945 0.0291275 0.0290307 0.026262 0.0238076 0.0208494 0.0288242 0.0200494 0.0232158 0.0262357 0.029582 0.0311058 0.0313704 0.0251035 0.0284752 0.0345824 0.0332282 0.0337616
internal_weight=6630.41 5032.14 4414.16 3585.7 2710.62 1598.27 875.081 828.455 1453.63 1393.14 750.762 713.256 742.026 617.98 354.231 1367.19 114.477 713.725 689.218 66.5821 596.363 59.523 1252.71 77.0309 536.84 333.485 86.7869 636.694 1144.25 1110.52 100.058 450.638 57.9377 108.459 1011.99 68.8595 246.698 98.5349 500.699 160.855 58.9848 60.8147 622.636 72.3665 35.5625 390.453 232.183 103.575 186.057 97.6543 69.3217 88.4026 44.8204 52.29 104.196 127.263 77.5711 127.987 68.9205 64.0283 908.412 290.957 339.843
internal_count=35903 29344 27911 24518 19664 6559 4854 3393 3969 2740 2389 1628 1836 1433 1140 2518 483 1259 1344 349 1019 188 2035 264 831 759 258 995 1789 1699 232 645 158 246 1493 178 501 206 740 273 149 154 995 143 111 567 428 207 350 207 159 143 134 132 216 211 142 212 140 125 1286 451 467
is_linear=0
shrinkage=0.05


Tree=71
num_leaves=22
num_cat=0
split_feature=3 14 27 5 13 24 10 7 16 12 19 20 28 17 4 25 15 26 18 31 5
split_gain=757.598 499.482 273.643 239.244 209.532 204.581 203.535 177.799 161.549 154.355 154.619 145.439 145.553 119.857 17.9008 142.955 0.24512 0.209969 0.0930164 0.0725056 0.0401329
threshold=59.000000000000007 1.0000000180025095e-35 1.0000000180025095e-35 2.5000000000000004 1.0000000180025095e-35 1.0000000180025095e-35 1.0000000180025095e-35 1.0000000180025095e-35 1.0000000180025095e-35 1.0000000180025095e-35 1.0000000180025095e-35 1.0000000180025095e-35 1.0000000180025095e-35 1.0000000180025095e-35 1.0000000180025095e-35 1.0000000180025095e-35 1.0000000180025095e-35 1.0000000180025095e-35 1.0000000180025095e-35 1.0000000180025095e-35 1.5000000000000002
decision_type=2 2 2 2 2 2 2 2 2 2 2 2 2 2 2 2 2 2 2 2 2
left_child=1 2 3 4 5 6 7 8 9 10 11 12 13 14 18 17 -12 -16 19 -1 -19
right_child=-2 -3 -4 -5 -6 -7 -8 -9 -10 -11 16 -13 -14 -15 15 -17 -18 20 -20 -21 -22
leaf_value=-0.033281550233564702 0.040105529837579215 0.042993363770913076 0.045116944112742752 0.04158508591068838 0.047094258781971855 0.04739370982368156 0.047440154810497043 0.0469942638569174 0.041507646062881133 0.048084836457090378 0.043505949583613777 0.05246675818019543 0.052293933377633078 0.052568325313935696 -0.033178103230872787 0.052392550073700653 0.056541655366918034 -0.029079529174708314 -0.035088933898284068 -0.035066307311402117 -0.030968230078243755
leaf_weight=2112.2323827445507 1000.7614681869745 449.24555872380733 199.52779642492533 181.25268515199423 123.59452933818102 113.08082117140293 106.52295900136232 89.716059781610966 91.458617947995663 69.405422806739807 59.854310281574726 54.450962200760841 53.1263143196702 42.236562937498093 138.74965394288301 54.865773729979992 11.159483924508093 261.73677133768797 357.68459375202656 261.21902477741241 385.14828161150217
leaf_count=6318 11259 4416 1907 1870 1134 999 971 812 906 596 541 424 411 308 247 398 73 737 510 366 700
internal_value=0.000268231 -0.00737782 -0.0121288 -0.0146342 -0.0169619 -0.0188245 -0.0206345 -0.0224337 -0.024015 -0.0255719 -0.0269261 -0.0283224 -0.0295291 -0.030739 -0.0317313 -0.0253125 0.0459354 -0.030769 -0.0337017 -0.0334853 -0.0302271
internal_weight=6217.03 5216.27 4767.02 4567.5 4386.24 4262.65 4149.57 4043.04 3953.33 3861.87 3792.46 3721.45 3667 3613.87 3571.64 840.5 71.0138 785.635 2731.14 2373.45 646.885
internal_count=35903 24644 20228 18321 16451 15317 14318 13347 12535 11629 11033 10419 9995 9584 9276 2082 614 1684 7194 6684 1437
is_linear=0
shrinkage=0.05


Tree=72
num_leaves=59
num_cat=0
split_feature=15 18 3 31 4 22 14 27 11 13 7 28 17 20 10 25 0 22 14 0 1 1 3 1 0 2 8 3 2 0 1 1 3 0 0 0 0 0 0 3 3 0 3 1 1 3 3 1 1 3 1 0 2 0 1 3 3 1
split_gain=607.583 390.981 360.651 338.193 348.277 271.179 205.987 69.0102 66.8085 61.1457 54.5173 51.2578 51.172 49.7951 48.6491 21.9714 16.8927 12.0821 10.8547 1.22616 1.33021 2.4404 1.88247 1.08283 0.919193 0.823058 0.618741 1.00496 0.534008 1.4753 1.70335 0.986547 0.924032 1.94817 1.42912 0.88905 2.23853 1.43741 1.8101 1.19499 0.856712 1.14806 0.795641 0.756903 0.484895 0.462592 0.371459 0.323029 0.287359 0.277997 0.225164 0.221148 0.171679 0.158761 0.1575 0.150992 0.465522 0.0237018
threshold=1.0000000180025095e-35 1.0000000180025095e-35 59.000000000000007 1.0000000180025095e-35 1.0000000180025095e-35 1.0000000180025095e-35 1.0000000180025095e-35 1.0000000180025095e-35 1.0000000180025095e-35 1.0000000180025095e-35 1.0000000180025095e-35 1.0000000180025095e-35 1.0000000180025095e-35 1.0000000180025095e-35 1.0000000180025095e-35 1.0000000180025095e-35 1.5000000000000002 1.0000000180025095e-35 1.0000000180025095e-35 19.000000000000004 1.5500000119209292 1.9499999880790713 49.000000000000007 2.5499999523162846 8.5000000000000018 1.0000000180025095e-35 1.0000000180025095e-35 51.000000000000007 1.0000000180025095e-35 2.5000000000000004 3.3500000238418584 2.2500000000000004 47.000000000000007 5.5000000000000009 13.000000000000002 13.000000000000002 9.5000000000000018 3.5000000000000004 4.5000000000000009 45.000000000000007 55.500000000000007 5.5000000000000009 47.000000000000007 3.7500000000000004 1.6500000357627871 47.000000000000007 47.000000000000007 3.4500000476837163 3.0499999523162846 54.500000000000007 3.8500000238418584 9.5000000000000018 1.0000000180025095e-35 8.5000000000000018 3.5499999523162846 45.000000000000007 51.000000000000007 1.7500000000000002
decision_type=2 2 2 2 2 2 2 2 2 2 2 2 2 2 2 2 2 2 2 2 2 2 2 2 2 2 2 2 2 2 2 2 2 2 2 2 2 2 2 2 2 2 2 2 2 2 2 2 2 2 2 2 2 2 2 2 2 2
left_child=1 2 3 4 5 6 7 8 9 10 11 12 13 14 -1 16 -6 18 19 20 -18 22 57 44 -24 46 28 -28 29 -23 31 -31 53 -34 -35 36 37 39 -39 -30 41 -40 50 -44 -21 -43 -25 -41 -37 -38 -32 -45 -46 -33 -50 -27 -57 -22
right_child=-2 -3 -4 -5 15 -7 -8 -9 -10 -11 -12 -13 -14 -15 -16 -17 17 -19 -20 23 21 26 24 25 -26 55 27 -29 35 30 42 32 33 34 -36 48 49 38 40 47 -42 45 43 51 52 -47 -48 -49 54 -51 -52 -53 -54 -55 -56 56 -58 -59
leaf_value=0.038819552174710913 -0.037256382594379522 -0.036914955823194005 -0.036154500808854559 -0.037452012854538939 -0.037256365270184624 -0.036985840006541128 -0.036662268470637194 -0.035935472473711302 -0.040420971595784692 -0.036184625796606994 -0.036314420427234449 -0.038742046523259015 -0.040743131043991687 -0.038392504445996463 -0.035936183529342913 -0.040252491522141227 0.0087673487763400126 -0.036173702504040062 -0.0357489321609172 0.002664698847935932 -0.0192377295728135 -0.014681164069241005 -0.012026323376754387 0.016685255399108288 0.0057843435346727349 -0.003409973963745191 -0.0014184177187553046 -0.018686295390921093 0.014636170180686879 -0.0043564974816763004 0.0064500412067376688 0.0097046193363949061 0.015511848156995975 -0.012420704687287849 0.0079566019423456483 -0.014346380601708786 0.010707883838032914 -0.022865872245058701 0.0037185348898371262 -0.0081212148103686956 0.0051128280279771759 -0.016884883552655532 -0.013897424441949685 0.00031541131374402754 -0.014107530217978982 -0.0070509261883276346 0.0060664511885659819 0.0019104286972406997 -0.003040509381922637 0.0021965964286825533 -0.0023408156312261421 -0.0075969778680124141 -0.0054298648098896332 0.018175354919192459 -0.0097894782091959461 0.0085210781440127302 -0.0037300405028854486 -0.025745723487272498
leaf_weight=2561.5325383991003 945.36918708123267 470.48808081820607 372.42513821646571 283.93951235152781 44.029080038890243 156.98338840156794 109.68645957112312 35.370781797915697 29.449836481362581 29.624757833778858 25.727166775614023 22.182337179780006 20.644948098808527 21.025129500776529 21.582524482160807 53.754403354600072 19.37681826390326 30.354747185483575 25.771313346922398 12.099583748728035 14.182832514867188 17.427270416170359 17.645495168864731 14.292147818952797 11.664013709872959 16.051563505083323 17.537626292556524 15.877684645354746 12.511192644014953 23.375843960791826 14.804855097085239 12.17612054012716 20.219839606434107 19.896613607183099 14.435495862737296 21.529109053313732 25.547758152708411 18.499723462387919 15.487556343898175 16.309741592034701 14.761880397796629 23.202671889215708 27.613943522796035 21.673384472727776 10.726668884977698 26.696918688714504 20.767013650387526 15.05789249576628 15.978165958076714 15.681657593697308 13.520770750939844 14.359658008441327 13.750902742147446 15.125718057155607 20.114278223365545 15.26250682026148 14.842530032619832 14.886554308235644
leaf_count=5839 6564 3533 8071 907 823 671 2074 726 357 564 467 294 226 274 408 943 81 178 536 43 58 52 72 53 60 48 54 53 59 95 65 67 64 97 45 76 88 61 55 75 59 86 94 77 55 95 78 57 49 47 68 64 63 54 72 47 58 51
internal_value=-0.000508316 0.00644345 0.0109512 0.0151756 0.0190385 0.0269222 0.0304154 0.0330804 0.0339804 0.0347986 0.035592 0.0362976 0.036939 0.0375626 0.0381881 -0.00947184 -0.00734014 -0.00553888 -0.00420601 -0.00299403 -0.00395753 -0.00441522 -0.0140367 0.0016424 -0.00496025 0.00485183 -0.0032544 -0.00977798 -0.00276618 -0.000948262 0.00029941 0.00463355 0.00721179 0.00339495 -0.00386151 -0.00437734 -0.0026639 -0.0056304 -0.00896576 0.0018847 -0.00563551 -0.00808246 -0.0046577 -0.00774169 -0.00545314 -0.0117457 0.010569 -0.00335115 -0.00977164 0.00753571 0.00228605 -0.0028986 -0.00943891 0.01464 -0.00688407 0.000442486 0.00251871 -0.0229495
internal_weight=5944.91 4999.54 4529.06 4156.63 3872.69 3033.81 2876.83 2767.14 2731.77 2702.32 2672.69 2646.97 2624.79 2604.14 2583.12 838.882 785.127 741.098 710.743 684.972 567.179 547.802 58.3789 117.793 29.3095 81.2158 489.423 33.4153 456.008 214.63 197.202 105.23 81.8538 54.5519 34.3321 241.379 183.757 142.528 98.6488 43.8788 80.149 65.3871 91.9726 63.647 36.5772 49.8996 35.0592 31.3676 57.6216 41.2294 28.3256 36.033 24.4776 27.3018 36.0924 46.1566 30.105 29.0694
internal_count=36050 29486 25953 17882 16975 11900 11229 9155 8429 8072 7508 7041 6747 6521 6247 5075 4132 3309 3131 2595 2150 2069 241 445 132 284 1828 107 1721 842 790 422 327 206 142 879 682 547 356 191 295 236 368 235 161 181 131 132 197 135 133 141 118 121 121 153 105 109
is_linear=0
shrinkage=0.05


Tree=73
num_leaves=64
num_cat=0
split_feature=15 31 18 5 22 16 5 19 3 14 14 3 14 14 14 27 5 5 5 26 0 5 5 3 3 26 0 18 3 18 3 1 26 26 26 3 3 0 0 3 5 0 26 5 3 0 0 1 26 3 26 0 0 0 1 21 1 1 1 3 3 3 1
split_gain=366.472 305.824 349.611 487.37 411.247 202.71 144.067 109.797 93.1844 59.7151 54.2655 51.6807 49.4488 44.2686 37.151 29.2707 10.2953 15.7022 8.9716 7.89885 6.96472 5.59138 20.5594 4.72912 21.7258 4.35661 2.53784 2.37301 1.87734 1.87474 1.88905 1.24922 1.22244 1.19897 1.03422 1.01553 1.13891 1.01258 0.985493 0.778742 0.630428 0.611868 0.530771 0.485744 0.385416 0.298991 0.295089 0.242657 0.22225 0.375069 0.218072 0.180201 0.513065 0.180049 0.165816 0.123562 0.0637914 0.1819 0.0483721 0.047664 0.184404 0.0541191 0.0333293
threshold=1.0000000180025095e-35 1.0000000180025095e-35 1.0000000180025095e-35 1.5000000000000002 1.0000000180025095e-35 1.0000000180025095e-35 2.5000000000000004 1.0000000180025095e-35 59.000000000000007 1.0000000180025095e-35 1.0000000180025095e-35 59.000000000000007 1.0000000180025095e-35 1.0000000180025095e-35 1.0000000180025095e-35 1.0000000180025095e-35 1.5000000000000002 2.5000000000000004 1.0000000180025095e-35 1.0000000180025095e-35 2.5000000000000004 1.5000000000000002 2.5000000000000004 57.000000000000007 59.000000000000007 1.0000000180025095e-35 2.5000000000000004 1.0000000180025095e-35 57.000000000000007 1.0000000180025095e-35 57.000000000000007 4.0499999523162851 1.0000000180025095e-35 1.0000000180025095e-35 1.0000000180025095e-35 55.500000000000007 49.000000000000007 5.5000000000000009 2.5000000000000004 47.000000000000007 1.5000000000000002 7.5000000000000009 1.0000000180025095e-35 1.0000000180025095e-35 47.000000000000007 2.5000000000000004 9.5000000000000018 2.7500000000000004 1.0000000180025095e-35 49.000000000000007 1.0000000180025095e-35 8.5000000000000018 15.000000000000002 7.5000000000000009 2.2500000000000004 1.0000000180025095e-35 3.1499999761581425 3.6499999761581425 2.1499999761581425 49.000000000000007 45.000000000000007 41.000000000000007 2.6499999761581425
decision_type=2 2 2 2 2 2 2 2 2 2 2 2 2 2 2 2 2 2 2 2 2 2 2 2 2 2 2 2 2 2 2 2 2 2 2 2 2 2 2 2 2 2 2 2 2 2 2 2 2 2 2 2 2 2 2 2 2 2 2 2 2 2 2
left_child=1 2 3 4 -1 8 11 10 9 16 18 13 21 19 15 28 27 32 23 37 62 29 44 33 -25 39 -21 34 42 30 43 41 -18 56 59 36 -27 38 -5 -22 -37 54 -6 -3 -23 -36 -34 -31 -29 -50 -32 -39 -53 -44 -30 -47 -4 -58 -35 60 61 -2 -20
right_child=5 12 7 6 14 -7 -8 -9 -10 -11 -12 -13 -14 -15 -16 -17 17 -19 20 26 25 22 -24 24 -26 35 -28 48 31 47 50 -33 46 58 45 40 -38 51 -40 -41 -42 -43 53 -45 -46 55 -48 -49 49 -51 -52 52 -54 -55 -56 -57 57 -59 -60 -61 -62 -63 -64
leaf_value=-0.036817917467765054 0.027932177126927263 0.034330752890680043 0.026375903627648037 -0.0004253651825468081 0.026983253301383531 -0.036719194318321234 -0.036181018101610771 -0.036627780130699748 -0.035908123995712742 -0.037521487629740079 -0.041128663189695235 -0.035718583729580193 -0.043284243654148194 -0.039087235690571723 -0.044118428960790532 -0.035841882550871285 0.013037416192048103 -0.035566219591858586 -0.010956657410037714 0.020519481774960015 0.012445378004460061 0.035477454954522654 -0.041254082325109714 0.031104387823075799 -0.035032468260487878 0.021196132485065699 0.032633628390209418 0.020601094145041566 0.025481976246972449 0.024325405014003026 0.020256989222091251 0.033619832095702018 0.0222812792428351 0.031187138387543046 0.031491206809662511 0.023792656426688485 0.03517660036859626 0.025168705567458084 0.015952914134449415 -0.0053806488704135477 0.0065977875201519449 0.0062511627758093397 0.030319633068953539 0.027382281603955245 0.024321756852696344 0.035009069032510658 0.030745763504060358 0.015044884930988487 0.021119372839702555 0.029736103013766647 0.027051797400773511 0.013358258871734911 0.023085962295183688 0.035080888505635788 0.016298785017510822 0.030553862292476159 0.033730408127611453 0.026591704090771114 0.035234144686821477 0.031556567369652684 0.025790842858181846 0.032698769744396936 -0.017883427095641495
leaf_weight=2248.036282889545 48.930335238575935 359.18052870035172 66.536973968148232 12.978466987609862 58.928254574537277 137.55281081423163 118.28148242458701 79.947723105549812 56.574546225368977 32.194816146045923 29.232592172920704 34.887333545833826 23.745527248829603 24.517426736652851 19.440831318497658 17.48697767034173 23.899441964924335 12.767743367701767 6.9694937020540229 51.13087322935462 9.6165046542882937 23.232713311910629 12.369758289307354 72.190961942076683 14.540864545851944 31.687087431550026 478.54781840741634 34.572163298726082 11.458370622247459 17.922698356211185 28.097769748419523 15.135738309472798 29.25825372338295 52.045565232634544 166.58662217110395 11.014571134001018 33.995086543262005 22.892619028687477 30.709149032831192 15.062428396195171 10.91306798160076 11.410252034664152 71.048637792468071 40.582074776291847 21.528692096471786 557.25774336606264 30.931415848433971 18.329601097851992 27.587067469954491 45.03644323348999 51.26566556841135 27.27483668923378 34.215125143527985 116.05883629620075 18.221455901861191 49.420741140842438 35.898451000452042 34.882225528359413 267.23601199686527 196.6293723359704 57.659089401364326 56.659188985824585 8.4363611303269845
leaf_count=18664 85 461 119 116 102 2616 2488 1525 1218 494 345 750 250 321 226 324 76 231 46 224 32 32 134 104 312 74 640 81 46 43 128 33 67 73 248 37 43 55 97 101 74 81 104 76 71 698 46 61 63 72 188 94 86 137 86 79 45 59 314 300 109 81 65
internal_value=0.000133892 -0.00671555 -0.0114702 -0.0183551 -0.0290753 0.0211533 0.0148413 0.0187254 0.0267467 0.0293474 0.0250666 0.0232759 0.0267806 0.0263165 0.0222186 0.0263145 0.0309708 0.0151572 0.0279788 0.0287822 0.0159557 0.0297219 0.0146938 0.0307872 0.0198791 0.0202777 0.0314847 0.032199 0.0299637 0.031372 0.0322182 0.0213304 0.0230235 0.0328352 0.0328887 0.0254787 0.0286431 0.0175263 0.0111376 0.00167472 0.0155729 0.0164538 0.0318894 0.0336605 0.0304399 0.0340072 0.0268486 0.0199016 0.0247901 0.0266297 0.0247881 0.0207489 0.0189136 0.0333586 0.0202075 0.0346716 0.0285651 0.0304235 0.0346242 0.0304415 0.0290061 0.030632 -0.0151927
internal_weight=6362.64 4799.12 4202.87 3422.66 2587.23 1563.52 835.435 780.206 1425.96 1369.39 700.258 717.154 596.255 682.266 339.189 319.749 1337.2 96.8569 671.026 657.749 127.695 572.51 57.1312 543.331 86.7318 112.289 529.679 1240.34 302.262 515.378 479.126 56.2258 84.0891 456.599 1133.14 87.6098 65.6822 128.07 43.6876 24.6789 21.9276 41.0901 246.036 399.763 44.7614 773.265 60.1897 36.2523 107.196 72.6235 79.3634 84.3826 61.49 187.107 29.6798 606.678 137.318 70.7807 319.282 359.878 163.249 105.59 15.4059
internal_count=36050 29486 28042 24674 19803 6564 4871 3368 3948 2730 1843 2383 1444 1633 1139 913 2236 420 1498 1312 472 1194 237 1026 416 361 864 1816 589 957 853 246 189 610 1600 228 117 448 213 133 111 213 343 537 103 1025 113 104 216 135 316 235 180 241 132 777 223 104 387 575 275 166 111
is_linear=0
shrinkage=0.05


Tree=74
num_leaves=22
num_cat=0
split_feature=3 14 27 6 5 24 10 7 16 19 12 28 20 11 17 4 25 0 15 5 31
split_gain=695.961 472.636 260.872 255.657 222.739 196.12 194.006 175.77 150.477 142.928 143.55 138.746 138.708 135.752 110.963 20.0251 131.946 102.562 0.253581 0.0487761 0.00231972
threshold=59.000000000000007 1.0000000180025095e-35 1.0000000180025095e-35 1.0000000180025095e-35 2.5000000000000004 1.0000000180025095e-35 1.0000000180025095e-35 1.0000000180025095e-35 1.0000000180025095e-35 1.0000000180025095e-35 1.0000000180025095e-35 1.0000000180025095e-35 1.0000000180025095e-35 1.0000000180025095e-35 1.0000000180025095e-35 1.0000000180025095e-35 1.0000000180025095e-35 1.5000000000000002 1.0000000180025095e-35 2.5000000000000004 1.0000000180025095e-35
decision_type=2 2 2 2 2 2 2 2 2 2 2 2 2 2 2 2 2 2 2 2 2
left_child=1 2 3 4 5 6 7 8 9 10 11 12 13 14 15 -1 17 -17 -11 -5 -3
right_child=-2 20 -4 19 -6 -7 -8 -9 -10 18 -12 -13 -14 -15 -16 16 -18 -19 -20 -21 -22
leaf_value=-0.035199013415911445 0.039602334153015555 0.042062432674529492 0.044733562504173902 0.048737549581649046 0.041130168096053722 0.04699653131646133 0.047131236822997219 0.046698259889575641 0.040915781154281933 0.0427508437615505 0.047813384857240751 0.051577762131758777 0.051650577010988775 0.050280966298262467 0.052128161370612214 0.04633691643824852 0.051652801535462235 -0.035922818297664853 0.055660220857291602 0.039040322266748993 0.048133690284038501
leaf_weight=2572.9049871861935 949.62182265520096 413.19071408361197 194.74918315559626 143.76130260527134 159.87247897684574 109.23290677368641 101.9927980825305 88.981485828757286 86.184730663895607 57.597699679434299 62.365419708192348 52.915466710925102 51.236465521156788 50.33367121219635 38.236636869609356 39.669684372842312 50.683245375752449 691.35080482810736 11.44872824847698 14.392690792679785 25.653389140963554
leaf_count=6882 11250 4291 1929 1306 1718 997 960 825 890 545 548 422 410 381 283 331 373 1266 75 166 202
internal_value=0.000363704 -0.00706699 -0.0118199 -0.0143375 -0.0166757 -0.0189538 -0.0207806 -0.0225837 -0.0242271 -0.0257587 -0.0271235 -0.0284475 -0.0296665 -0.0308839 -0.0320952 -0.0330628 -0.0260139 -0.0314303 0.0452762 0.0479809 0.0424717
internal_weight=5966.38 5016.75 4577.91 4383.16 4225.01 4065.13 3955.9 3853.91 3764.93 3678.74 3609.7 3547.33 3494.42 3443.18 3392.85 3354.61 781.704 731.02 69.0464 158.154 438.844
internal_count=36050 24800 20307 18378 16906 15188 14191 13231 12406 11516 10896 10348 9926 9516 9135 8852 1970 1597 620 1472 4493
is_linear=0
shrinkage=0.05


Tree=75
num_leaves=57
num_cat=0
split_feature=15 18 3 31 4 22 14 6 11 24 27 7 28 20 25 0 22 14 2 0 1 0 0 1 3 1 0 1 1 1 0 0 3 3 0 0 1 0 1 1 1 3 3 0 3 1 1 1 1 3 3 1 3 1 1 1
split_gain=553.274 370.779 333.299 301.185 334.149 258.669 186.348 78.4181 61.5514 60.996 58.0402 48.3526 47.0728 46.2203 19.4255 14.242 9.88898 9.53661 1.54887 1.53165 2.19593 1.66007 2.6883 1.83159 1.48642 1.6224 1.31416 1.20895 0.88932 2.03177 0.80852 1.33379 0.746828 0.74607 0.734172 1.89161 1.37941 1.08701 0.884722 2.47654 0.703249 0.646179 0.577647 0.520629 0.519964 0.524183 0.45174 0.443243 0.418537 0.391815 0.319482 0.312222 0.798035 0.173192 0.105418 0.0813094
threshold=1.0000000180025095e-35 1.0000000180025095e-35 59.000000000000007 1.0000000180025095e-35 1.0000000180025095e-35 1.0000000180025095e-35 1.0000000180025095e-35 1.0000000180025095e-35 1.0000000180025095e-35 1.0000000180025095e-35 1.0000000180025095e-35 1.0000000180025095e-35 1.0000000180025095e-35 1.0000000180025095e-35 1.0000000180025095e-35 1.5000000000000002 1.0000000180025095e-35 1.0000000180025095e-35 1.0000000180025095e-35 19.000000000000004 3.5499999523162846 2.5000000000000004 5.5000000000000009 2.8500000238418584 47.000000000000007 3.2500000000000004 13.000000000000002 2.7500000000000004 1.8499999642372134 1.6500000357627871 7.5000000000000009 9.5000000000000018 57.000000000000007 53.000000000000007 13.000000000000002 8.5000000000000018 2.2500000000000004 19.000000000000004 3.4500000476837163 3.7500000000000004 3.0499999523162846 51.000000000000007 47.000000000000007 5.5000000000000009 55.500000000000007 3.2500000000000004 3.9500000476837163 3.7500000000000004 3.7500000000000004 49.000000000000007 51.000000000000007 2.6499999761581425 45.000000000000007 3.2500000000000004 3.8500000238418584 2.6499999761581425
decision_type=2 2 2 2 2 2 2 2 2 2 2 2 2 2 2 2 2 2 2 2 2 2 2 2 2 2 2 2 2 2 2 2 2 2 2 2 2 2 2 2 2 2 2 2 2 2 2 2 2 2 2 2 2 2 2 2
left_child=1 2 3 4 5 6 7 8 9 10 11 12 13 -1 15 -6 17 18 19 20 21 -17 23 41 -21 -26 27 30 29 -20 -24 -32 43 -29 35 36 -30 48 51 -40 -39 -23 -41 54 45 -37 -42 -45 53 -28 -49 -38 -53 55 -22 -36
right_child=-2 -3 -4 -5 14 -7 -8 -9 -10 -11 -12 -13 -14 -15 -16 16 -18 -19 28 24 32 22 26 -25 25 -27 49 33 34 -31 31 -33 -34 -35 37 44 38 40 39 42 46 -43 -44 47 -46 -47 -48 50 -50 -51 -52 52 -54 -55 -56 -57
leaf_value=0.037945765900627919 -0.037008247455216303 -0.036711561740555988 -0.035958929904044708 -0.037190319281062423 -0.036883188399607199 -0.036776123161777148 -0.036418773421420296 -0.036570835198110635 -0.039828866140233649 -0.036673159981514172 -0.035675496533282135 -0.036028287465567695 -0.038422645514670895 -0.037929501609548825 -0.03977397722254522 -0.016072658384612228 -0.035929921405012721 -0.035542637265826731 -0.0021215131471769002 0.017507105131380728 -0.0051569028005169111 0.0096477974217499818 -0.0028144329124600311 -0.00044728940111214179 -0.013701196412233149 0.010444206610628205 0.0089444722797149545 0.007425728614082497 0.0079475449064352662 -0.024493383709462281 -0.02696495269969014 -0.0044528406952010621 -0.020885300937072172 -0.0082881113063065677 -0.015997216639733393 -0.0048173883624185315 -0.0078543895649950419 0.0032810978208104437 0.014609443317835466 -0.015978037651479048 -0.013377282433185148 0.025659415485473014 -0.0043328414469490104 -0.0032925200861748808 0.011596667647854752 0.0059616811520489194 -0.0018060209046732514 -0.019322685290787376 -0.0061984470276617333 -0.00062616025939247208 -0.0082306298125742663 -0.0047413663699340403 -0.020452681948309709 -0.020316908953045519 0.0011031031198867009 -0.0099152641495375837
leaf_weight=2431.023816678673 888.83134882338345 459.08030756190419 353.00348851457238 260.34334884956479 40.400077100843191 153.19928004592657 101.52886261418462 40.084343492984772 27.857131123542786 29.472066193819046 28.171267401427031 22.696075350046158 20.303609561175108 19.86120580136776 51.662387972697616 14.056102817878125 26.978685839101672 24.638455931097269 20.325535401701927 18.680832125246525 13.109638515859844 11.316261699423196 15.390738660469649 19.155682014301419 12.392825752496721 14.613190982490776 21.910467052832246 17.8651133812964 13.593073327094315 19.978465471416712 14.923371452838184 11.880985323339699 12.561804471537469 12.336541613563893 14.118182761594655 20.37189388461411 22.300937492400408 22.641738172620535 13.071349730715154 20.057670975103974 17.830853110179305 16.860226357355714 23.17458863183856 13.014205642044542 15.294354535639284 24.060269672423601 15.955550346523522 15.708087896928193 17.14822562970221 20.337470564991236 12.905993867665527 12.125787958502768 26.171002019196749 15.050555434077976 13.007576435804365 15.94241234846413
leaf_count=5911 6541 3577 8115 890 805 677 2031 747 353 522 599 429 269 271 959 42 171 539 92 85 40 71 63 74 65 52 72 77 51 80 60 58 42 51 55 79 82 85 58 64 72 65 91 48 51 81 43 89 63 76 55 56 116 51 63 53
internal_value=-0.00081872 0.00596841 0.0105475 0.0147294 0.018418 0.0263523 0.0299127 0.0324901 0.0335702 0.0343792 0.0352166 0.0360244 0.0366933 0.0373233 -0.0102687 -0.00819252 -0.00651834 -0.00531864 -0.00414878 -0.00152302 -0.00302816 0.000103938 0.00155286 0.0115124 0.0068634 -0.000683554 -0.00259116 -0.00666368 -0.00641433 -0.0133754 -0.0120797 -0.0172508 -0.00985186 0.000976614 -0.00548596 -0.00354541 -0.00691036 -0.00856816 -0.0086645 -0.00409797 -0.00349574 0.0195092 -0.00985656 -0.00766794 0.00380288 0.00102093 -0.00801881 -0.0111094 -0.013101 0.00438389 -0.014547 -0.0128392 -0.0156033 -0.0156282 -0.00207698 -0.0129867
internal_weight=5630.38 4741.54 4282.46 3929.46 3669.12 2874.2 2721 2619.47 2579.39 2551.53 2522.06 2493.88 2471.19 2450.89 794.919 743.257 702.857 675.878 651.24 302.027 256.34 176.033 161.977 47.3322 45.6868 27.006 114.645 72.3968 349.212 40.304 42.1951 26.8044 80.3073 30.2017 308.908 190.221 130.494 118.688 116.901 56.3036 56.4281 28.1765 43.2323 67.7455 59.7265 44.4322 33.7864 41.6283 62.2594 42.2479 28.6141 60.5977 38.2968 45.1112 26.1172 30.0606
internal_count=35977 29436 25859 17744 16854 11809 11132 9101 8354 8001 7479 6880 6451 6182 5045 4086 3281 3110 2571 1248 1046 709 667 210 202 117 457 309 1323 172 181 118 337 128 1151 729 518 422 467 213 200 136 155 295 211 160 115 192 222 148 144 254 172 159 103 108
is_linear=0
shrinkage=0.05


Tree=76
num_leaves=62
num_cat=0
split_feature=15 31 18 5 22 16 5 19 3 27 14 3 14 25 14 5 5 5 5 0 0 5 3 3 3 3 3 18 26 0 3 3 3 1 0 26 26 1 1 0 26 3 26 0 0 1 1 0 3 0 1 0 0 0 3 1 1 1 1 3 1
split_gain=326.357 264.462 332.602 445.797 398.823 185.585 132.934 104.504 85.5293 58.8273 50.2058 48.0346 42.3885 41.6157 33.7036 7.85224 16.4771 7.57424 18.4646 5.31005 19.7139 4.3589 4.15745 23.4749 3.54413 20.6784 3.15566 3.04297 2.18397 2.09433 1.65297 1.53851 21.2705 1.21608 1.15186 1.1325 0.957293 0.917436 0.799343 0.786014 0.680925 0.642195 0.432496 0.387181 0.353479 0.328157 0.299472 0.26836 0.241336 0.226573 0.168793 0.155073 0.153262 0.145608 0.137341 0.0766202 0.233226 0.15817 0.0633909 0.0298296 0.0100392
threshold=1.0000000180025095e-35 1.0000000180025095e-35 1.0000000180025095e-35 1.5000000000000002 1.0000000180025095e-35 1.0000000180025095e-35 2.5000000000000004 1.0000000180025095e-35 59.000000000000007 1.0000000180025095e-35 1.0000000180025095e-35 59.000000000000007 1.0000000180025095e-35 1.0000000180025095e-35 1.0000000180025095e-35 1.5000000000000002 2.5000000000000004 1.5000000000000002 2.5000000000000004 2.5000000000000004 1.5000000000000002 1.5000000000000002 57.000000000000007 59.000000000000007 57.000000000000007 59.000000000000007 47.000000000000007 1.0000000180025095e-35 1.0000000180025095e-35 8.5000000000000018 51.000000000000007 57.000000000000007 59.000000000000007 2.4500000476837163 8.5000000000000018 1.0000000180025095e-35 1.0000000180025095e-35 2.6499999761581425 2.2500000000000004 7.5000000000000009 1.0000000180025095e-35 41.000000000000007 1.0000000180025095e-35 7.5000000000000009 3.5000000000000004 1.8499999642372134 1.6500000357627871 9.5000000000000018 49.000000000000007 2.5000000000000004 2.1499999761581425 1.0000000180025095e-35 11.000000000000002 4.5000000000000009 41.000000000000007 3.1499999761581425 3.6499999761581425 2.2500000000000004 2.8500000238418584 47.000000000000007 3.0499999523162846
decision_type=2 2 2 2 2 2 2 2 2 2 2 2 2 2 2 2 2 2 2 2 2 2 2 2 2 2 2 2 2 2 2 2 2 2 2 2 2 2 2 2 2 2 2 2 2 2 2 2 2 2 2 2 2 2 2 2 2 2 2 2 2
left_child=1 2 3 4 -1 8 11 10 9 15 17 13 21 19 24 27 36 22 30 20 -5 31 28 -24 40 -26 -23 35 55 -28 -19 42 -33 -29 -32 38 -17 41 45 -35 58 -21 -3 53 -42 -2 -43 -38 -48 51 -30 -37 -50 -39 -40 57 -57 -4 -6 -46 -51
right_child=5 12 7 6 14 -7 -8 -9 -10 -11 -12 -13 -14 -15 -16 16 -18 18 -20 37 -22 26 23 -25 25 -27 29 33 50 -31 34 32 -34 39 -36 49 47 43 54 -41 44 46 -44 -45 59 -47 48 -49 52 60 -52 -53 -54 -55 -56 56 -58 -59 -60 -61 -62
leaf_value=-0.036596674543456643 0.027261842084419719 0.028267977516429562 0.026924738817560957 -0.035791210796730408 0.020425979328215854 -0.036473081446148269 -0.035966570321036499 -0.036371588662620809 -0.0356989365688744 -0.042335983408183737 -0.040502683602215289 -0.035506837600683877 -0.042438349491161494 -0.039740373239974119 -0.043254105891444794 0.015568542716947338 -0.035300303519363634 0.030616418511372579 -0.04086662768490399 0.019521601088621093 0.030388984188625082 0.026527119948502265 0.03087222599833488 -0.034958904724372519 0.03138550613917869 -0.035416570515102205 -0.014116563461226257 0.028517707783332992 0.029949167089253888 0.013570402435531124 0.0016570661327906296 0.033628506406908322 -0.035053382685328961 0.010126408891063161 0.023495904679418672 0.033570317601960123 0.023055578627161268 0.029973404400190404 0.026241296906123097 0.022832535940621797 0.02548898654927248 0.021694975759771463 0.032562476402305439 0.032313081777677596 0.029274624596482252 0.019354532772534072 0.031702155067165151 0.030686988791479155 0.02855464859779519 0.032875855623556945 0.034326978294157769 0.028906765413285754 0.022573898118835631 0.024849915407680334 0.031488328864928243 0.031405575271893825 0.024032455963606425 0.020803039019230658 0.025744234988621051 0.033352519783107687 0.034939819636254359
leaf_weight=2106.9642442092299 47.454161781817675 122.75519413501024 34.718298584222794 14.738660417497156 25.132055461406708 129.92488365247846 112.44979756325483 77.030320674180984 53.578711066395044 28.237663831561804 27.747188184410334 33.47943639755249 21.566981468349695 23.140846781432629 18.067527133971453 26.278535164892673 12.748253412544726 36.863895088434219 12.902787085622547 34.026725962758064 42.813002169132233 28.549619182944298 79.525319397449493 15.865507509559391 47.308324221521616 14.834527984261511 10.651476539671423 47.590969912707806 62.064613670110703 17.162199269980192 11.417150814086201 76.143986098468304 12.797603745013474 24.121088653802872 12.511539563536642 68.242974825203419 33.050665386021137 73.67125790566206 33.564029701054096 27.317965697497129 42.761879682540894 26.325668565928936 274.48175891488791 248.85449701547623 57.280498810112476 28.008469957858324 62.684686802327633 37.780168030411005 52.913866154849529 279.99229466915131 288.19282568991184 94.037900414317846 32.541836604475975 46.693967781960964 235.04310462623835 33.758886024355888 36.426857069134712 36.920700684189796 39.182893231511116 87.451554752886295 283.03860558196902
leaf_count=18573 101 210 62 267 73 2618 2512 1560 1223 295 344 763 237 288 219 86 247 65 145 84 70 66 116 359 85 292 97 93 92 74 77 102 261 80 39 99 84 119 64 57 99 65 384 364 114 80 98 59 102 437 355 171 78 94 376 47 68 78 94 145 371
internal_value=0.000202909 -0.00641849 -0.0109291 -0.0179274 -0.0285713 0.0205217 0.0143457 0.0186966 0.0259776 0.0285196 0.0248759 0.0225429 0.0256212 0.0255194 0.0223357 0.0301008 0.0171938 0.0276482 0.0124224 0.027926 0.0132783 0.0283632 0.0295459 0.0197979 0.0261731 0.0152833 0.0149985 0.0313065 0.0314136 0.0029054 0.0239738 0.0298956 0.0236053 0.0226657 0.0133231 0.0320957 0.0242306 0.0293725 0.0295146 0.0170291 0.0288249 0.0264611 0.0312726 0.0309784 0.030467 0.0244737 0.0277549 0.0273126 0.0287552 0.0332989 0.033595 0.030965 0.0264217 0.0280968 0.0308827 0.0259271 0.0277759 0.0239358 0.0238396 0.031845 0.0339435
internal_weight=6063.38 4573.37 4009.26 3243.32 2438.98 1490.01 804.334 765.946 1360.09 1306.51 688.916 691.884 564.109 658.405 332.019 1278.27 109.858 661.168 73.6954 635.264 57.5517 542.542 587.473 95.3908 313.952 62.1429 56.3633 1168.41 492.082 27.8137 60.7926 486.179 88.9416 99.03 23.9287 1069.38 97.1094 577.713 344.07 51.4391 251.809 208.493 397.237 369.22 187.494 75.4626 174.466 70.8308 148.14 725.312 350.257 162.281 85.4557 120.365 268.607 141.825 70.1857 71.639 64.3149 144.732 563.031
internal_count=35977 29436 28005 24598 19694 6541 4904 3407 3923 2700 1847 2392 1431 1629 1121 2405 476 1503 326 1341 337 1194 1177 475 902 377 237 1929 702 171 181 957 363 230 116 1699 229 1004 621 137 525 427 594 577 358 181 343 143 278 1078 447 270 180 213 440 255 115 140 167 259 808
is_linear=0
shrinkage=0.05


Tree=77
num_leaves=23
num_cat=0
split_feature=3 14 6 5 13 10 24 7 16 12 19 11 28 20 17 4 25 0 21 15 5 5
split_gain=641.55 424.109 239.243 206.634 192.187 185.563 185.049 168.69 142.382 140.194 138.866 131.623 130.223 129.975 99.5603 19.4593 129.784 92.9748 0.468264 0.195282 0.0150234 0.0695239
threshold=59.000000000000007 1.0000000180025095e-35 1.0000000180025095e-35 2.5000000000000004 1.0000000180025095e-35 1.0000000180025095e-35 1.0000000180025095e-35 1.0000000180025095e-35 1.0000000180025095e-35 1.0000000180025095e-35 1.0000000180025095e-35 1.0000000180025095e-35 1.0000000180025095e-35 1.0000000180025095e-35 1.0000000180025095e-35 1.0000000180025095e-35 1.0000000180025095e-35 1.5000000000000002 1.0000000180025095e-35 1.0000000180025095e-35 2.5000000000000004 1.5000000000000002
decision_type=2 2 2 2 2 2 2 2 2 2 2 2 2 2 2 2 2 2 2 2 2 2
left_child=1 2 3 4 5 6 7 8 9 10 11 12 13 14 15 18 17 -17 -1 -12 21 -4
right_child=-2 -3 20 -5 -6 -7 -8 -9 -10 -11 19 -13 -14 -15 -16 16 -18 -19 -20 -21 -22 -23
leaf_value=-0.034685367182767261 0.039150578520864128 0.041789947610048485 0.046597586544552233 0.040617600584179792 0.046863835543991525 0.046275041940164109 0.046471637819608835 0.046191575352634469 0.040257094441291677 0.04689375449298068 0.042022952099785287 0.049029703533552099 0.051098916699989352 0.050860843778842368 0.050143695003815408 0.045218400034792626 0.050165086037555776 -0.035161176770771761 -0.032083100923562917 0.054037847131073957 0.038560898201528145 0.055147225395966393
leaf_weight=2145.1756003350019 906.17894658446312 411.05649049580097 133.01030763983727 167.91374047100544 117.85398311167955 109.305495262146 102.44292664527893 89.338575221598148 85.880662940442562 66.560540355741978 55.791049726307392 54.764106139540672 49.776890143752098 48.484643377363682 36.709126368165016 37.612745426595211 52.751552246510983 665.4482791274786 295.49485117942095 11.954342432320116 13.902664147317408 20.33975987881422
leaf_count=6297 11305 4412 1290 1895 1139 1078 960 858 940 611 554 439 403 399 285 328 402 1273 701 81 168 159
internal_value=0.0005952 -0.00673027 -0.0113084 -0.0136494 -0.0159178 -0.0178171 -0.0196675 -0.0215068 -0.02319 -0.0247433 -0.0261304 -0.0275502 -0.0288163 -0.030036 -0.0312568 -0.0321993 -0.0251493 -0.0308319 -0.0343769 0.0445235 0.0472475 0.0479071
internal_weight=5677.75 4771.57 4360.51 4193.26 4025.35 3907.49 3798.19 3695.74 3606.4 3520.52 3453.96 3386.22 3331.45 3281.68 3233.19 3196.48 755.813 703.061 2440.67 67.7454 167.253 153.35
internal_count=35977 24672 20260 18643 16748 15609 14531 13571 12713 11773 11162 10527 10088 9685 9286 9001 2003 1601 6998 635 1617 1449
is_linear=0
shrinkage=0.05


Tree=78
num_leaves=18
num_cat=0
split_feature=15 5 18 3 31 22 14 6 27 13 11 12 17 10 28 7 4
split_gain=519.602 471.673 393.297 324.375 334.836 245.746 189.989 77.4976 66.2692 60.0605 58.319 51.2404 49.3461 48.8138 47.557 44.4732 3.05987
threshold=1.0000000180025095e-35 1.5000000000000002 1.0000000180025095e-35 59.000000000000007 1.0000000180025095e-35 1.0000000180025095e-35 1.0000000180025095e-35 1.0000000180025095e-35 1.0000000180025095e-35 1.0000000180025095e-35 1.0000000180025095e-35 1.0000000180025095e-35 1.0000000180025095e-35 1.0000000180025095e-35 1.0000000180025095e-35 1.0000000180025095e-35 1.0000000180025095e-35
decision_type=2 2 2 2 2 2 2 2 2 2 2 2 2 2 2 2 2
left_child=1 2 3 4 5 6 7 8 9 10 11 12 13 14 15 16 -1
right_child=-2 -3 -4 -5 -6 -7 -8 -9 -10 -11 -12 -13 -14 -15 -16 -17 -18
leaf_value=0.03860206479354842 -0.03678635406794966 -0.036664400462709662 -0.036484294661642151 -0.035771212919059645 -0.036964106151758637 -0.036550445522785302 -0.036175401489991869 -0.036295736434542696 -0.035690492511292277 -0.036178376719285317 -0.039341496689352655 -0.036763165825528951 -0.039966211709446406 -0.035730548621938876 -0.037990000335855506 -0.035828985193820877 0.032995288285926488
leaf_weight=2278.5450417436659 844.79975795000792 567.90508728660643 377.10003201663494 267.20157391577959 227.91761375963688 149.97828166000545 107.36278414353728 41.180530715733767 34.815881744027138 30.330453686416149 26.351130597293377 24.362104784697294 21.08696149289608 23.050103437155485 20.723657738417387 20.216376051306725 300.96808845922351
leaf_count=5275 6566 5842 2852 6501 722 742 2302 822 772 590 340 409 249 468 288 387 803
internal_value=-0.000805756 0.00592378 0.0120489 0.0171739 0.0214567 0.0257866 0.0289842 0.0314695 0.0324795 0.0333503 0.0341335 0.0348607 0.0355223 0.0361319 0.0367707 0.0373739 0.0379544
internal_weight=5363.9 4519.1 3951.19 3574.09 3306.89 3078.97 2928.99 2821.63 2780.45 2745.63 2715.3 2688.95 2664.59 2643.5 2620.45 2599.73 2579.51
internal_count=35930 29364 23522 20670 14169 13447 12705 10403 9581 8809 8219 7879 7470 7221 6753 6465 6078
is_linear=0
shrinkage=0.05


Tree=79
num_leaves=64
num_cat=0
split_feature=3 14 31 18 5 22 19 5 25 6 13 27 24 10 7 12 28 20 5 4 0 0 0 0 4 26 29 1 1 26 3 0 0 0 1 0 0 3 0 1 0 3 3 3 3 0 0 3 0 0 0 3 0 1 1 3 1 0 25 0 3 1 0
split_gain=262.984 176.789 142.475 156.124 208.028 163.611 108.71 108.698 45.029 17.4986 14.2721 13.8934 13.0734 12.2777 11.0549 9.83605 7.98833 7.31535 6.79768 5.46805 5.13694 25.5041 3.01528 2.75591 2.6385 3.35543 2.26851 3.45439 2.61739 2.06639 2.03877 2.74574 2.15054 1.81201 1.7389 2.24445 1.5761 1.55213 3.50408 1.46115 1.43279 1.40491 1.30003 1.18941 1.89009 1.49062 1.46971 1.32999 1.29295 1.38708 1.17867 1.39112 1.12877 1.11762 1.4931 1.05164 1.17624 1.82532 1.13025 2.11984 0.966398 0.954236 0.949802
threshold=59.000000000000007 1.0000000180025095e-35 1.0000000180025095e-35 1.0000000180025095e-35 1.5000000000000002 1.0000000180025095e-35 1.0000000180025095e-35 2.5000000000000004 1.0000000180025095e-35 1.0000000180025095e-35 1.0000000180025095e-35 1.0000000180025095e-35 1.0000000180025095e-35 1.0000000180025095e-35 1.0000000180025095e-35 1.0000000180025095e-35 1.0000000180025095e-35 1.0000000180025095e-35 1.5000000000000002 1.0000000180025095e-35 2.5000000000000004 1.5000000000000002 4.5000000000000009 2.5000000000000004 1.0000000180025095e-35 1.0000000180025095e-35 1.0000000180025095e-35 2.2500000000000004 3.9500000476837163 1.0000000180025095e-35 53.000000000000007 9.5000000000000018 5.5000000000000009 15.000000000000002 3.0499999523162846 13.000000000000002 1.0000000180025095e-35 43.000000000000007 15.000000000000002 2.9500000476837163 13.000000000000002 45.000000000000007 57.000000000000007 51.000000000000007 43.000000000000007 4.5000000000000009 1.5000000000000002 41.000000000000007 5.5000000000000009 9.5000000000000018 13.000000000000002 47.000000000000007 5.5000000000000009 3.9500000476837163 2.9500000476837163 57.000000000000007 3.4500000476837163 3.5000000000000004 1.0000000180025095e-35 5.5000000000000009 43.000000000000007 2.3500000238418584 11.000000000000002
decision_type=2 2 2 2 2 2 2 2 2 2 2 2 2 2 2 2 2 2 2 2 2 2 2 2 2 2 2 2 2 2 2 2 2 2 2 2 2 2 2 2 2 2 2 2 2 2 2 2 2 2 2 2 2 2 2 2 2 2 2 2 2 2 2
left_child=1 2 3 4 5 9 18 8 20 10 11 12 13 14 15 16 17 19 29 26 21 -6 -20 -21 -4 -26 28 62 34 41 31 32 -25 36 37 55 -29 38 -1 -39 43 -5 -37 44 47 -46 -45 -30 -48 -50 -33 -52 -27 54 -32 58 -57 -58 -36 -60 -38 -24 -28
right_child=-2 -3 24 6 7 -7 -8 -9 -10 -11 -12 -13 -14 -15 -16 -17 -18 -19 22 23 -22 -23 61 30 25 52 27 33 40 -31 53 50 -34 -35 35 42 60 39 -40 -41 -42 -43 -44 46 45 -47 48 -49 49 -51 51 -53 -54 -55 -56 56 57 -59 59 -61 -62 -63 -64
leaf_value=-0.0080334014058748085 -0.035820132704643667 -0.038188976548579612 0.030561017866746296 0.031531387551539634 -0.037193110653658226 0.026639473450419539 -0.039296366663577456 -0.03584028042864517 -0.040496846777674976 -0.039750884710740189 -0.040522058656245558 -0.03796126999318733 -0.039899277474053307 -0.04031653929080059 -0.040835550954677023 -0.041077822848132238 -0.04142370222647785 -0.040583044627663462 -0.0049669755496167646 -0.032481633448238588 0.030574964350868886 0.033607249332029569 0.028047769353611425 -0.020194941443116413 0.0060147250273119152 0.017572040744686917 -0.027802525393736455 0.0025252331494530732 -0.012515751098041759 0.032378181222207029 -0.004518140347669581 -0.03656578380904342 -0.0023600202934999262 -0.00057652769087399079 -0.0088228718828707916 0.0020140666417418286 -0.023024951918391035 -0.0057912095179486617 -0.024539566780538102 -0.014779415380185484 -0.017252647598558334 0.022323639712328858 -0.010806503780373514 -0.017100914800705865 -0.011814940159697175 -0.028125090485469642 0.0043809341987697736 0.0038170445232291539 -0.01604360133631649 0.0025464316874736761 -0.026878046391275636 -0.0093709436949042969 0.030746494574724826 0.0027672686028010073 -0.018762584552228269 0.0055203907528165947 0.0029849188797339914 -0.017390633118870579 0.0039513401425636764 -0.012815853805496547 -0.011407763786151201 0.013639866062516931 -0.014042595549466777
leaf_weight=164.28470816090703 467.40774239227176 244.71258200332522 459.02469786629081 72.534606676548719 16.580458410084248 305.78040239587426 63.637280035763979 76.040967233479023 23.571713995188475 55.024909418076277 40.858630284667015 46.094005193561316 36.518251292407513 32.370729081332684 27.418886058032513 23.444665886461735 18.202639192342758 17.263041567057371 16.431465614587069 21.171850476413965 628.59611346572638 49.701557159423828 19.966275684535503 30.390916142612696 26.456945244222879 26.639986183494329 35.492187857627869 17.23616549372673 28.447245318442583 433.38866629078984 43.047945622354746 16.510523606091738 37.660645134747028 50.463933598250151 263.53949774056673 167.55626886710525 22.086266938596964 703.52483069896698 39.809382706880569 48.106225702911615 75.090372197329998 119.25088848546147 21.911094106733799 20.009159430861473 34.776888757944107 24.595325823873281 39.136416729539633 21.563830457627773 23.472352929413319 17.050146698951721 32.053626006469131 18.588601764291525 55.55033690854907 19.123032119125128 32.201849088072777 37.688446570187807 23.460713088512421 19.978403840214014 52.222693733870983 28.859260480850935 104.13982266187668 30.95965812727809 22.115913301706314
leaf_count=486 11319 4451 727 109 279 722 1065 1734 276 1002 792 876 685 629 534 436 310 302 108 230 1009 68 40 102 115 90 137 44 93 622 121 60 100 134 799 428 82 2041 150 161 251 249 69 66 107 99 97 56 79 43 116 59 94 46 99 85 59 66 126 90 326 106 74
internal_value=0.000118599 0.00327718 0.00527877 0.00230651 -0.00186868 -0.00796594 0.0230264 0.020841 0.0268609 -0.0119564 -0.0113606 -0.0108871 -0.0103829 -0.00993964 -0.00952908 -0.00916545 -0.00884426 -0.00858586 0.0287775 -0.00834299 0.0291733 0.0157507 0.0135437 -0.0153223 0.028875 0.0216441 -0.0075088 -0.011969 -0.00690097 0.0304067 -0.0136727 -0.01761 -0.0104141 -0.00873518 -0.00609855 -0.00401976 -0.0115931 -0.0074339 -0.0113051 -0.00637592 -0.0113188 0.025879 0.000506882 -0.00915133 -0.012747 -0.01875 -0.00516126 -0.00550529 -0.00207423 -0.008286 -0.0247715 -0.0206064 0.0266084 -0.00796882 -0.0106974 -0.00603244 -0.000904063 -0.00647741 -0.00723666 -0.00205853 -0.0135233 0.0195065 -0.0226863
internal_weight=5790.79 5323.39 5078.67 4511 3754.83 2960.34 756.169 794.491 718.45 2654.56 2599.54 2558.68 2512.58 2476.07 2443.7 2416.28 2392.83 2374.63 692.532 2357.37 694.878 66.282 67.3574 250.749 567.672 108.647 2106.62 251.534 1855.08 625.174 229.577 135.204 68.0516 193.926 1570.94 615.216 143.462 955.725 204.094 751.631 284.142 191.785 189.467 209.051 109.383 59.3722 99.6681 50.0111 79.6589 40.5225 67.1528 50.6422 82.1903 94.3728 75.2498 425.749 81.1276 43.4391 344.621 81.082 126.226 50.9259 57.6081
internal_count=35930 24611 20160 19134 16835 13469 2299 3366 1632 12747 11745 10953 10077 9392 8763 8229 7793 7483 1234 7181 1356 347 254 933 1026 299 6248 797 5451 980 703 437 202 586 4560 1722 452 2838 636 2202 891 358 497 640 355 206 285 149 219 122 235 175 184 266 220 1225 210 125 1015 216 408 146 211
is_linear=0
shrinkage=0.05


Tree=80
num_leaves=20
num_cat=0
split_feature=3 14 27 6 5 13 24 10 12 19 28 16 20 11 17 4 25 0 5
split_gain=592.702 395.742 232.865 230.58 192.945 180.687 175.658 173.333 132.19 128.996 127.058 125.725 122.279 122.295 103.207 17.3676 118.925 89.926 0.0423686
threshold=59.000000000000007 1.0000000180025095e-35 1.0000000180025095e-35 1.0000000180025095e-35 2.5000000000000004 1.0000000180025095e-35 1.0000000180025095e-35 1.0000000180025095e-35 1.0000000180025095e-35 1.0000000180025095e-35 1.0000000180025095e-35 1.0000000180025095e-35 1.0000000180025095e-35 1.0000000180025095e-35 1.0000000180025095e-35 1.0000000180025095e-35 1.0000000180025095e-35 1.5000000000000002 2.5000000000000004
decision_type=2 2 2 2 2 2 2 2 2 2 2 2 2 2 2 2 2 2 2
left_child=1 2 3 4 5 6 7 8 9 10 11 12 13 14 15 -1 17 -17 -5
right_child=-2 -3 -4 18 -6 -7 -8 -9 -10 -11 -12 -13 -14 -15 -16 16 -18 -19 -20
leaf_value=-0.034909607535303082 0.03872697616431138 0.041219658879418239 0.044202818031457834 0.048148717329925948 0.040218382478979881 0.046742280476933684 0.046230509357651058 0.046468231767519491 0.046239433472896184 0.043717818469118722 0.0499656255821452 0.039842871759881521 0.050314107982491696 0.048896469289886391 0.050753647329486465 0.044912449014682582 0.049266201656366075 -0.035752488786952294 0.038009194002841834
leaf_weight=2284.2143969833851 860.04872936010361 395.85985933989286 181.74185534566641 135.96897795051336 146.44826449453831 103.57672920823097 96.650192052125931 89.731611087918282 65.679482832551003 66.193536818027496 52.915466129779816 66.781290598213673 47.097839139401913 47.332484483718872 37.026248544454575 36.107392832636833 48.549013435840607 639.36661275476217 12.572923734784125
leaf_count=6742 11319 4451 1922 1306 1714 1018 931 892 622 650 451 753 402 378 285 321 375 1239 159
internal_value=0.000671464 -0.00651929 -0.0110687 -0.0136003 -0.0159742 -0.0182149 -0.0201017 -0.0219498 -0.0237667 -0.025156 -0.0265613 -0.0278318 -0.0292773 -0.0304974 -0.0317392 -0.0327628 -0.0259705 -0.0314105 0.0474209
internal_weight=5413.86 4553.81 4157.95 3976.21 3827.67 3681.22 3577.65 3481 3391.26 3325.58 3259.39 3206.48 3139.69 3092.6 3045.26 3008.24 724.023 675.474 148.542
internal_count=35930 24611 20160 18238 16773 15059 14041 13110 12218 11596 10946 10495 9742 9340 8962 8677 1935 1560 1465
is_linear=0
shrinkage=0.05


Tree=81
num_leaves=20
num_cat=0
split_feature=15 5 18 3 31 22 14 6 24 13 12 10 17 20 7 4 0 0 26
split_gain=492.834 443.389 374.212 299.87 309.939 245.118 177.147 73.0496 62.6834 58.8615 49.0849 47.9006 46.988 45.0624 44.1007 3.43301 12.0428 16.8986 7.92514
threshold=1.0000000180025095e-35 1.5000000000000002 1.0000000180025095e-35 59.000000000000007 1.0000000180025095e-35 1.0000000180025095e-35 1.0000000180025095e-35 1.0000000180025095e-35 1.0000000180025095e-35 1.0000000180025095e-35 1.0000000180025095e-35 1.0000000180025095e-35 1.0000000180025095e-35 1.0000000180025095e-35 1.0000000180025095e-35 1.0000000180025095e-35 2.5000000000000004 1.5000000000000002 1.0000000180025095e-35
decision_type=2 2 2 2 2 2 2 2 2 2 2 2 2 2 2 2 2 2 2
left_child=1 2 3 4 5 6 7 8 9 10 11 12 13 14 15 -1 17 -17 -18
right_child=-2 -3 -4 -5 -6 -7 -8 -9 -10 -11 -12 -13 -14 -15 -16 16 18 -19 -20
leaf_value=0.037601018280314397 -0.036665727261082262 -0.036472452701387652 -0.036297514273630274 -0.035600152451116827 -0.036751600995257802 -0.036382938234198081 -0.035968218166979989 -0.036028051312972424 -0.036378112863465352 -0.03592573853155212 -0.036408063781572318 -0.035460129367386545 -0.039225985559613236 -0.03743923707429362 -0.035784943813957998 -0.03834228859008814 0.019086148197759525 0.034498748574335783 0.039857309064811948
leaf_weight=2200.0855328328907 812.00393168255687 543.00450463593006 364.80889448337257 251.24909550696611 215.4203395396471 152.32520879432559 101.79752046242356 39.552702944725752 32.626706581562757 30.280606936663389 24.31098079867661 23.916177164763212 20.713588617742062 20.510951429605484 20.670647293329239 13.796863209456207 61.142399311065674 17.473066058009863 203.6832464300096
leaf_count=5525 6533 5887 2856 6489 720 751 2313 842 633 627 442 530 262 305 405 173 217 43 429
internal_value=-0.000928132 0.0057658 0.0118144 0.0169368 0.0210948 0.0253061 0.0286554 0.0310902 0.0320913 0.0329453 0.0337522 0.0344197 0.0350799 0.0356941 0.0362974 0.0369013 0.0316478 0.00226232 0.0351067
internal_weight=5149.37 4337.37 3794.36 3429.56 3178.31 2962.89 2810.56 2708.76 2669.21 2636.58 2606.3 2581.99 2558.08 2537.36 2516.85 2496.18 296.096 31.2699 264.826
internal_count=35982 29449 23562 20706 14217 13497 12746 10433 9591 8958 8331 7889 7359 7097 6792 6387 862 216 646
is_linear=0
shrinkage=0.05


Tree=82
num_leaves=64
num_cat=0
split_feature=15 31 18 5 22 16 5 19 3 6 14 27 14 3 14 14 14 26 5 5 0 0 0 0 26 18 5 3 3 3 3 0 0 26 0 18 5 3 2 3 3 26 3 3 0 5 26 3 3 0 21 3 0 0 3 3 0 0 3 0 3 26 26
split_gain=286.777 225.84 287.448 407.8 357.978 159.706 114.568 87.741 73.1832 53.9508 46.4288 43.6462 42.1604 41.346 36.5624 36.0307 28.9119 6.21464 5.61247 5.50063 11.7783 7.89662 5.16606 7.52128 4.95581 3.28445 3.27866 2.94906 17.2511 2.90093 18.6283 2.41446 2.41388 2.1237 1.73659 1.67352 1.45634 1.32768 0.942869 0.962458 0.876882 0.811517 0.653604 0.698583 0.562669 0.325716 0.325437 0.312012 0.331355 0.252859 0.249785 0.220933 0.846139 0.207858 0.173079 0.165215 0.265037 0.12669 0.125362 0.0851119 0.0771138 0.0685352 0.0469547
threshold=1.0000000180025095e-35 1.0000000180025095e-35 1.0000000180025095e-35 1.5000000000000002 1.0000000180025095e-35 1.0000000180025095e-35 2.5000000000000004 1.0000000180025095e-35 59.000000000000007 1.0000000180025095e-35 1.0000000180025095e-35 1.0000000180025095e-35 1.0000000180025095e-35 59.000000000000007 1.0000000180025095e-35 1.0000000180025095e-35 1.0000000180025095e-35 1.0000000180025095e-35 1.0000000180025095e-35 1.0000000180025095e-35 2.5000000000000004 1.5000000000000002 2.5000000000000004 1.5000000000000002 1.0000000180025095e-35 1.0000000180025095e-35 1.5000000000000002 57.000000000000007 59.000000000000007 57.000000000000007 59.000000000000007 5.5000000000000009 2.5000000000000004 1.0000000180025095e-35 9.5000000000000018 1.0000000180025095e-35 1.5000000000000002 57.000000000000007 1.0000000180025095e-35 47.000000000000007 47.000000000000007 1.0000000180025095e-35 51.000000000000007 57.000000000000007 7.5000000000000009 1.0000000180025095e-35 1.0000000180025095e-35 55.500000000000007 49.000000000000007 13.000000000000002 1.0000000180025095e-35 47.000000000000007 13.000000000000002 3.5000000000000004 53.000000000000007 55.500000000000007 5.5000000000000009 5.5000000000000009 43.000000000000007 7.5000000000000009 45.000000000000007 1.0000000180025095e-35 1.0000000180025095e-35
decision_type=2 2 2 2 2 2 2 2 2 2 2 2 2 2 2 2 2 2 2 2 2 2 2 2 2 2 2 2 2 2 2 2 2 2 2 2 2 2 2 2 2 2 2 2 2 2 2 2 2 2 2 2 2 2 2 2 2 2 2 2 2 2 2
left_child=1 2 3 4 -1 8 13 11 9 10 19 12 18 15 26 17 29 38 27 25 21 -21 23 -20 34 50 35 41 -29 46 -31 -28 42 44 -22 37 -26 45 39 -5 -33 -4 60 -44 -24 -3 -6 48 -35 59 62 -40 -53 -48 -37 56 -38 -41 -34 -39 -19 -27 -2
right_child=5 14 7 6 16 -7 -8 -9 -10 -11 -12 -13 -14 -15 -16 -17 -18 32 22 20 24 -23 33 -25 36 61 31 28 -30 30 -32 40 58 47 -36 54 55 49 51 57 -42 -43 43 -45 -46 -47 53 -49 -50 -51 -52 52 -54 -55 -56 -57 -58 -59 -60 -61 -62 -63 -64
leaf_value=-0.036255388598663112 0.031783535207748154 0.031269973175955777 0.028740887919003325 0.00013356189836749704 0.023943439296585267 -0.036095115642395884 -0.035581033212537937 -0.035900880380812787 -0.035314734815281891 -0.046708185393798632 -0.036810011248273052 -0.048523217799341545 -0.039463155956978253 -0.03510211036688899 -0.041020779014163726 -0.038135077388413742 -0.041769509277396449 0.017565785319982454 -0.041952600573831954 -0.041428830366978101 0.018551829747702833 0.022505450729155677 0.017658726435976935 0.026049494067047152 0.036180722026575476 0.018645200846489463 -0.0024875498678652366 0.031793879725341499 -0.034189389538466862 0.030329710117126721 -0.034922307587945137 0.02931303235171713 0.02820636244492666 0.023921280007810557 -0.0034496214484113791 0.021562845821293131 0.028639357202020689 0.021488528531233397 0.024149078817083863 0.010858768467650357 0.013674484855938418 0.03423518368005652 -0.0016655028955828402 0.019419996353234173 0.0025176229846360044 0.024983212593153174 0.024708133908360186 0.019938686594725395 0.032774665667025353 0.01528016937113838 0.028965159755415429 0.0090709382059212511 0.024496693066980709 0.030240035673072031 0.013593485842959411 0.030346861075978955 0.019315924058928638 0.017682818153361198 0.031332076523834296 0.027923876537069334 0.025147392182863756 0.023399490809623232 0.033688314940474036
leaf_weight=1912.8993694595993 270.97685431689024 315.9059321731329 119.83846852183342 13.787796974182127 62.34560514241457 115.96609843149781 99.401956118643284 67.993784807622433 47.850880265235901 23.617096964269876 25.877389125525951 19.857507642358541 23.278209418058395 29.930203560739756 20.05450513958931 21.636446144431829 16.603838883340359 12.506657849997284 7.635962747037409 10.953491508960726 23.573487583547831 7.928332805633544 11.033847097307445 7.6567053459584713 71.078846469521523 26.824411913752556 14.181151911616324 62.222755834460258 11.337771415710447 46.446366786956787 13.805831477046011 18.675277769565582 104.6827150285244 31.3951485902071 14.075800649821756 17.594997808337212 15.759358104318379 31.478574406355619 30.639051947742701 13.979880500584839 19.957821894437075 287.18684932589531 7.5059292875230295 7.5767886228859425 13.531356297433375 35.70089104026556 39.478965159505606 19.93205389380455 30.466630466282368 13.797777898609636 73.886987611651421 17.503406632691622 19.711228959262371 132.20065234228969 18.438209939748049 17.205176882445812 29.825164120644331 25.746265053749084 333.66662165522575 19.011111281812191 18.011175841093063 53.672825768589973 562.35891455411911
leaf_count=18578 404 461 192 77 157 2597 2505 1556 1230 216 443 191 312 768 245 318 220 61 87 119 77 26 46 19 84 69 103 87 290 87 305 33 168 68 75 39 40 144 89 76 91 359 77 30 73 72 98 93 43 86 128 79 48 257 74 42 116 82 475 66 64 113 754
internal_value=0.000294935 -0.00619821 -0.0105598 -0.0173841 -0.028169 0.0199745 0.0143252 0.0179409 0.0250846 0.0274523 0.0289258 0.0236368 0.0259645 0.0218985 0.0244789 0.0246455 0.0215661 0.0269192 0.0285241 0.0303847 0.0224725 -0.0146953 0.0187917 -0.00815864 0.026595 0.0318977 0.0271193 0.0309656 0.0214618 0.0252044 0.0152139 0.0151051 0.0294653 0.0226867 0.0103888 0.0285051 0.0310972 0.0294166 0.0166873 0.0115387 0.0215121 0.0326548 0.0181668 0.00921003 0.00953508 0.030668 0.0277387 0.0265546 0.0285093 0.0223881 0.0327687 0.0206338 0.0174578 0.0290434 0.0177268 0.0251022 0.022815 0.0154462 0.0306186 0.0241617 0.0223736 0.0219401 0.0330884
internal_weight=5609.66 4218.23 3693.43 2980.07 2223.78 1391.43 756.286 713.367 1275.47 1227.61 1204 645.373 625.516 656.884 524.796 626.954 310.881 605.318 602.238 1178.12 190.4 18.8818 121.652 15.2927 171.518 987.72 504.742 480.586 73.5605 294.277 60.2522 52.8143 483.95 106.359 37.6493 451.927 133.869 415.894 121.368 53.5139 38.6331 407.025 45.6006 15.0827 24.5652 351.607 234.025 81.7938 61.8618 64.2875 907.223 67.8537 37.2146 171.68 36.0332 62.7897 45.5845 39.7261 438.349 50.4897 30.5178 80.4972 833.336
internal_count=35982 29449 28035 24619 19702 6533 4917 3416 3936 2706 2490 1860 1669 2412 1414 1644 1124 1326 1357 2047 579 145 429 106 434 1468 1169 928 377 904 392 227 875 323 152 942 282 829 451 235 124 551 232 107 119 533 512 204 111 296 1286 216 127 355 113 198 156 158 643 210 125 182 1158
is_linear=0
shrinkage=0.05


Tree=83
num_leaves=23
num_cat=0
split_feature=9 14 27 6 5 13 24 10 7 12 19 11 20 28 17 4 25 0 15 15 5 18
split_gain=549.389 365.417 220.528 215.479 179.886 171.625 168.52 160.128 151.756 127.658 121.4 119.339 120.113 117.351 95.6683 17.1546 113.74 87.375 5.37016 1.65094 0.0202872 0.00269124
threshold=1.0000000180025095e-35 1.0000000180025095e-35 1.0000000180025095e-35 1.0000000180025095e-35 2.5000000000000004 1.0000000180025095e-35 1.0000000180025095e-35 1.0000000180025095e-35 1.0000000180025095e-35 1.0000000180025095e-35 1.0000000180025095e-35 1.0000000180025095e-35 1.0000000180025095e-35 1.0000000180025095e-35 1.0000000180025095e-35 1.0000000180025095e-35 1.0000000180025095e-35 1.5000000000000002 1.0000000180025095e-35 1.0000000180025095e-35 2.5000000000000004 1.0000000180025095e-35
decision_type=2 2 2 2 2 2 2 2 2 2 2 2 2 2 2 2 2 2 2 2 2 2
left_child=1 2 3 4 5 6 7 8 9 10 11 12 13 14 15 18 17 -17 -1 -19 -5 -4
right_child=-2 -3 21 20 -6 -7 -8 -9 -10 -11 -12 -13 -14 -15 -16 16 -18 19 -20 -21 -22 -23
leaf_value=-0.036234233170467221 0.038336241031846269 0.040650231621777888 0.042807082848896186 0.047511813198521984 0.039758134679673485 0.046092328387198851 0.045805112198535107 0.045998108975269653 0.046184781011437831 0.045953996011987165 0.04338728335746081 0.047690276497508566 0.049397631366091543 0.049771516114097802 0.049408893340826168 0.043913722688285438 0.048550890917741417 -0.036876336436475414 -0.030242292678380869 -0.029131224373030284 0.037654681824728656 0.049095444169358966
leaf_weight=1680.13290771842 812.94428879767656 376.49388694018126 145.84547085314989 130.46035358682275 140.21004761010408 101.32776610925794 94.770183406770229 84.806810792535543 76.044229455292225 61.578159127384424 60.518289774656296 50.939740806818008 47.451904527842999 44.495278663933277 35.522926684468985 36.081128314137459 47.496101722121239 519.23043382167816 508.77509073168039 93.26162426173687 12.406959876418112 29.022053107619286
leaf_count=5576 11298 4449 1652 1304 1728 1037 935 877 759 594 609 432 413 379 284 341 379 1045 1234 228 165 264
internal_value=0.000602107 -0.00641007 -0.0108437 -0.0133555 -0.0156948 -0.017895 -0.0197856 -0.0216497 -0.0234155 -0.025084 -0.0264914 -0.0278788 -0.0291643 -0.0304297 -0.0316599 -0.0326665 -0.0257842 -0.0312611 -0.0348487 -0.0357217 0.0467901 0.0439877
internal_weight=5189.82 4376.87 4000.38 3825.51 3682.64 3542.43 3441.1 3346.33 3261.53 3185.48 3123.91 3063.39 3012.45 2965 2920.5 2884.98 696.069 648.573 2188.91 612.492 142.867 174.868
internal_count=35982 24684 20235 18319 16850 15122 14085 13150 12273 11514 10920 10311 9879 9466 9087 8803 1993 1614 6810 1273 1469 1916
is_linear=0
shrinkage=0.05


Tree=84
num_leaves=21
num_cat=0
split_feature=15 5 18 3 31 22 14 6 27 24 11 13 17 12 28 10 4 25 0 0
split_gain=470.312 417.247 348.724 277.402 295.344 230.16 163.82 66.6712 58.4811 55.4702 54.8801 51.4192 44.3962 43.4771 42.8191 38.7544 2.81091 46.6482 9.75533 15.7032
threshold=1.0000000180025095e-35 1.5000000000000002 1.0000000180025095e-35 59.000000000000007 1.0000000180025095e-35 1.0000000180025095e-35 1.0000000180025095e-35 1.0000000180025095e-35 1.0000000180025095e-35 1.0000000180025095e-35 1.0000000180025095e-35 1.0000000180025095e-35 1.0000000180025095e-35 1.0000000180025095e-35 1.0000000180025095e-35 1.0000000180025095e-35 1.0000000180025095e-35 1.0000000180025095e-35 2.5000000000000004 1.5000000000000002
decision_type=2 2 2 2 2 2 2 2 2 2 2 2 2 2 2 2 2 2 2 2
left_child=1 2 3 4 5 6 7 8 9 10 11 12 13 14 15 16 -1 18 19 -18
right_child=-2 -3 -4 -5 -6 -7 -8 -9 -10 -11 -12 -13 -14 -15 -16 -17 17 -19 -20 -21
leaf_value=0.037875930448954015 -0.036470994377211019 -0.036296468661067942 -0.036117603484048626 -0.03544000962509785 -0.036546633619729978 -0.036188837451894489 -0.035768544759503092 -0.035780217765135021 -0.035414342604940661 -0.036128863734455167 -0.038789487451944826 -0.035678303822205396 -0.038819706002796016 -0.036146104436782074 -0.037515657655008638 -0.035166125910913497 -0.037951839682227394 -0.044624956111438539 0.040610467061364383 0.039666704259268333
leaf_weight=2078.272316776216 784.30840050987899 516.13174655474722 344.12554819509387 235.79631048813462 208.67023582942784 145.26107819378376 95.707845978438854 36.775694185867906 31.695288218557835 28.704701449722052 25.72433278337121 25.765885295346379 19.915561474859715 20.660062057897449 19.242831952869892 18.272258004173636 10.493660822510719 18.027878955006599 246.64057932049036 15.533131740987301
leaf_count=5268 6570 5858 2853 6468 722 756 2309 831 762 576 357 552 258 380 285 409 125 164 494 30
internal_value=-0.000981351 0.00574333 0.0117327 0.016756 0.0208025 0.0250269 0.0283369 0.030707 0.0316693 0.0325175 0.0333132 0.034071 0.0348125 0.0354246 0.0360464 0.0366471 0.0372083 0.0323784 0.037542 0.00824645
internal_weight=4925.73 4141.42 3625.29 3281.16 3045.36 2836.69 2691.43 2595.72 2558.95 2527.25 2498.55 2472.82 2447.06 2427.14 2406.48 2387.24 2368.97 290.695 272.667 26.0268
internal_count=36027 29457 23599 20746 14278 13556 12800 10491 9660 8898 8322 7965 7413 7155 6775 6490 6081 813 649 155
is_linear=0
shrinkage=0.05


Tree=85
num_leaves=64
num_cat=0
split_feature=3 14 31 18 5 22 19 5 25 6 13 27 7 10 16 12 28 20 4 5 0 0 5 0 29 1 1 0 26 26 0 0 3 18 3 0 26 3 1 8 8 3 25 1 0 1 3 1 3 3 0 0 1 3 1 1 0 1 25 3 2 1 1
split_gain=230.852 153.501 116.887 130.975 167.548 146.772 96.1553 91.4957 38.203 15.4142 13.2881 12.7621 11.5004 11.2919 10.4349 9.43228 7.83961 7.37185 6.64551 5.33596 4.11946 22.8539 3.17551 2.79168 2.72618 3.34185 2.82234 2.20711 2.15307 1.97741 1.97139 1.45382 2.84762 1.39798 1.37489 1.22514 1.83012 1.78416 1.07112 1.40687 1.3194 1.04088 1.00384 2.515 2.50294 1.35145 1.23792 0.988447 0.966995 0.937013 1.30315 0.86197 1.64688 1.91935 1.31462 1.06649 1.27637 2.25461 1.29811 1.97192 1.75743 1.37059 1.21305
threshold=59.000000000000007 1.0000000180025095e-35 1.0000000180025095e-35 1.0000000180025095e-35 1.5000000000000002 1.0000000180025095e-35 1.0000000180025095e-35 2.5000000000000004 1.0000000180025095e-35 1.0000000180025095e-35 1.0000000180025095e-35 1.0000000180025095e-35 1.0000000180025095e-35 1.0000000180025095e-35 1.0000000180025095e-35 1.0000000180025095e-35 1.0000000180025095e-35 1.0000000180025095e-35 1.0000000180025095e-35 1.5000000000000002 2.5000000000000004 1.5000000000000002 1.5000000000000002 6.5000000000000009 1.0000000180025095e-35 2.2500000000000004 4.0499999523162851 2.5000000000000004 1.0000000180025095e-35 1.0000000180025095e-35 1.0000000180025095e-35 15.000000000000002 43.000000000000007 1.0000000180025095e-35 51.000000000000007 9.5000000000000018 1.0000000180025095e-35 49.000000000000007 2.2500000000000004 1.0000000180025095e-35 1.0000000180025095e-35 45.000000000000007 1.0000000180025095e-35 1.6500000357627871 2.5000000000000004 1.4499999880790713 49.000000000000007 2.9500000476837163 51.000000000000007 57.000000000000007 5.5000000000000009 19.000000000000004 3.2500000000000004 47.000000000000007 2.8500000238418584 2.5499999523162846 3.5000000000000004 3.8500000238418584 1.0000000180025095e-35 57.000000000000007 1.0000000180025095e-35 3.3500000238418584 3.2500000000000004
decision_type=2 2 2 2 2 2 2 2 2 2 2 2 2 2 2 2 2 2 2 2 2 2 2 2 2 2 2 2 2 2 2 2 2 2 2 2 2 2 2 2 2 2 2 2 2 2 2 2 2 2 2 2 2 2 2 2 2 2 2 2 2 2 2
left_child=1 2 3 4 5 9 19 8 20 10 11 12 13 14 15 16 17 18 24 29 21 -6 33 -21 26 34 38 -20 -24 -5 -27 32 -32 -4 -26 36 48 -37 39 42 51 -42 45 -44 -45 -1 -46 -38 -29 -28 -51 55 53 -53 -55 -40 57 58 59 60 -57 -62 -61
right_child=-2 -3 22 6 7 -7 -8 -9 -10 -11 -12 -13 -14 -15 -16 -17 -18 -19 27 23 -22 -23 28 -25 25 30 49 35 -30 -31 31 -33 -34 -35 -36 37 47 -39 40 -41 41 -43 43 44 46 -47 -48 -49 -50 50 -52 52 -54 54 -56 56 -58 -59 -60 62 61 -63 -64
leaf_value=0.006119417603805152 -0.035495624625040675 -0.037577163319279974 0.029428833944628564 0.0245906778102403 -0.036664815596066019 0.025708779501246865 -0.03903621675694946 -0.03546976400127725 -0.039574974979132094 -0.038740701000676316 -0.039878783983866836 -0.037599184497743937 -0.040562666706532122 -0.039844859590034948 -0.036230919208990617 -0.040864226857295204 -0.041471673687464537 -0.040476082234658206 -0.031515267165307531 -0.0015397880662149132 0.028762554558530568 0.032611870000041995 -0.0004934748264417496 0.020591942343301209 -0.031826647170246671 0.0069914736599822076 -0.013036450963625545 -0.013803112157787635 0.021716144024057173 0.031051153996246507 -0.030707974016225204 -0.0024956273143593873 -0.0096276905538604414 0.018421196424740695 -0.014753882658771478 -0.024605068472837582 -0.0017181134105466473 -0.011598797514636357 -0.0014263907313343711 -0.020794728754131572 -0.0081114918965775017 0.0052751549763609311 -0.029310066751154037 0.0077531268823481719 -0.0054423480293258712 -0.0063915243825937431 -0.024202213752578011 -0.012200828592436765 -0.036027030709624618 0.0063792137298376295 -0.012009485935273644 -0.016936350999059879 0.0040186464211684741 0.0050212039429934794 -0.010154371097050004 -0.015843329386678571 -0.0079128068844987378 0.0056972179509200936 0.00092863930700554348 -0.0077544025344221867 -0.00092932366946352641 -0.015580522204611067 0.0090381683122836929
leaf_weight=22.86773481965065 413.04589642956853 218.24622499011457 442.87328089401126 188.66942797973752 15.53959398716688 303.29116678610444 58.808277033269405 67.835639525204897 21.543744899332523 49.04903039522469 37.567972356453538 40.957790914922953 29.14075918123126 29.207108629867435 33.689773336052895 21.657536555081606 16.94291296415031 16.645747426897287 19.319582590833306 20.205385703593493 587.54970041662455 46.033115338534117 14.946842484176157 47.301671199500561 23.693153982982039 18.170860420912504 166.04410754144192 13.316679729148747 39.708936121314764 400.27881123498082 18.885275218635798 44.520345419645309 98.591810278594494 34.255848858505487 26.225115280598402 50.3601228967309 45.554055340588093 58.386811420321465 140.55782035365701 18.160954974591732 18.832550968974829 58.018323849886656 15.87878021225333 18.819730047136545 18.535513292998075 300.00855830870569 16.90759801864624 44.282519977539778 8.4176169093698245 16.190384823828936 22.443248707801104 27.333853099495173 74.05484551936388 35.606973458081484 23.103201970458031 72.908367743715644 437.48739627934992 52.520785991102457 57.726750124245882 18.361778113991022 57.026334635913372 21.705740332603455 24.552339196205139
leaf_count=61 11258 4433 743 375 282 742 1078 1740 272 1009 812 858 617 626 637 444 320 326 229 127 1024 66 83 129 110 47 593 70 115 618 82 132 325 91 92 185 103 185 418 68 58 146 67 43 57 958 67 113 61 40 82 102 196 91 78 271 1415 129 151 58 175 86 58
internal_value=0.000403124 0.00337949 0.00525752 0.00248299 -0.00147943 -0.00709704 0.0219817 0.0196847 0.0252857 -0.011113 -0.0105478 -0.0100792 -0.00959221 -0.00919514 -0.00879637 -0.0083796 -0.00805632 -0.00779225 -0.00753644 0.0274736 0.0274671 0.0149735 0.0273421 0.0140051 -0.00657495 -0.0116894 -0.00589378 -0.0153935 0.015693 0.0290042 -0.00847479 -0.0102258 -0.0131323 0.0286586 -0.0230925 -0.0139116 -0.0101498 -0.017707 -0.0051534 -0.00733809 -0.00434828 0.00196349 -0.00669064 -0.0121058 -0.00684975 -0.00549734 -0.0146036 -0.00692422 -0.023027 -0.0114058 -0.0043202 -0.00481409 -0.0014332 -0.0061215 -0.000985898 -0.00542604 -0.00618193 -0.00368868 -0.00565008 -0.00759944 -0.0102699 -0.00504136 0.00184653
internal_weight=5400.37 4987.32 4769.08 4237.29 3522.03 2783.53 715.264 738.502 670.666 2480.24 2431.19 2393.62 2352.66 2323.52 2294.31 2260.62 2238.97 2222.02 2205.38 656.455 649.122 61.5727 531.785 67.5071 1965.74 230.087 1735.65 239.637 54.6558 588.948 180.168 161.997 117.477 477.129 49.9183 220.318 111.571 108.747 1530.98 411.179 1119.8 76.8509 393.018 70.1416 54.2628 322.876 35.4431 89.8366 21.7343 204.678 38.6336 1042.95 160.099 86.044 58.7102 882.847 742.289 304.802 252.281 194.555 151.64 78.7321 42.9141
internal_count=36027 24769 20336 19304 16977 13593 2327 3384 1644 12851 11842 11030 10172 9555 8929 8292 7848 7528 7202 1249 1372 348 1032 256 6256 788 5468 946 198 993 586 539 407 834 202 717 347 370 4753 1321 3432 204 1253 234 167 1019 124 216 131 715 122 3228 467 271 169 2761 2343 928 799 648 532 261 116
is_linear=0
shrinkage=0.05


Tree=86
num_leaves=21
num_cat=0
split_feature=3 14 27 6 5 13 24 10 7 12 16 20 11 19 17 4 25 0 5 5
split_gain=509.001 336.584 205.612 204.307 166.248 165.081 161.933 153.14 147.219 119.765 117.156 115.693 115.84 113.739 92.1741 16.4416 110.017 78.4479 0.00331596 0.0121566
threshold=59.000000000000007 1.0000000180025095e-35 1.0000000180025095e-35 1.0000000180025095e-35 2.5000000000000004 1.0000000180025095e-35 1.0000000180025095e-35 1.0000000180025095e-35 1.0000000180025095e-35 1.0000000180025095e-35 1.0000000180025095e-35 1.0000000180025095e-35 1.0000000180025095e-35 1.0000000180025095e-35 1.0000000180025095e-35 1.0000000180025095e-35 1.0000000180025095e-35 1.5000000000000002 2.5000000000000004 1.5000000000000002
decision_type=2 2 2 2 2 2 2 2 2 2 2 2 2 2 2 2 2 2 2 2
left_child=1 2 3 4 5 6 7 8 9 10 11 12 13 14 15 -1 17 -17 19 -5
right_child=-2 -3 -4 18 -6 -7 -8 -9 -10 -11 -12 -13 -14 -15 -16 16 -18 -19 -20 -21
leaf_value=-0.034827298584143365 0.037981028418357196 0.040133733941643601 0.043434135528803063 0.045584091165345411 0.03942499451979431 0.045951782490279529 0.045607796719062704 0.045734938595921981 0.045946708337795836 0.045498323964731892 0.039320578724384721 0.048814002137680376 0.047286460716804694 0.043480658293455793 0.048971757303294061 0.043569797044522886 0.048022640193789379 -0.035493004708753287 0.037248869505946372 0.053846872934575622
leaf_weight=2085.0370248481631 766.98329915851355 356.73556957393885 167.88131843879819 107.87523442134261 132.61954380571842 98.942420795559883 92.538124594837427 82.514777932316065 74.933114692568779 59.004416815936565 66.351192057132721 48.208695366978645 48.56879710778594 50.943911299109459 34.623538311570883 32.720074564218521 46.550687380135059 590.75854001939297 11.852837622165678 19.076768923550844
leaf_count=6631 11258 4433 1904 1161 1709 1045 942 883 772 595 793 441 414 514 279 312 375 1244 166 156
internal_value=0.000534075 -0.00629543 -0.010601 -0.0130696 -0.0154022 -0.0175389 -0.0194418 -0.0213179 -0.0230883 -0.0247845 -0.0261724 -0.0276582 -0.0289425 -0.0302539 -0.031608 -0.0326293 -0.0257687 -0.0313122 0.0463334 0.0470321
internal_weight=4974.72 4207.74 3851 3683.12 3544.31 3411.7 3312.75 3220.21 3137.7 3062.77 3003.76 2937.41 2889.2 2840.63 2789.69 2755.07 670.029 623.479 138.805 126.952
internal_count=36027 24769 20336 18432 16949 15240 14195 13253 12370 11598 11003 10210 9769 9355 8841 8562 1931 1556 1483 1317
is_linear=0
shrinkage=0.05


Tree=87
num_leaves=64
num_cat=0
split_feature=5 18 3 31 22 14 6 27 24 13 11 7 28 12 17 16 1 1 8 3 25 0 21 3 3 0 0 1 3 1 3 0 3 1 3 0 1 1 0 1 3 0 0 0 1 3 0 3 3 1 0 1 0 0 1 3 0 1 1 0 1 3 1
split_gain=315.869 259.095 219.112 207.755 155.521 123.823 48.5264 44.7747 38.8541 36.5612 35.2431 30.7742 30.0934 29.126 28.2697 26.0164 0.871848 1.37573 1.15262 1.39662 1.02797 0.810128 0.709247 1.33872 1.23171 0.871469 0.734387 0.876342 0.655075 1.11597 0.629455 0.538467 0.5026 1.63726 0.440252 0.432524 0.40501 0.522172 1.68025 0.865543 0.366201 0.352322 0.339944 0.317999 0.298761 0.375288 0.475101 0.326588 0.308809 0.566682 0.304351 0.272156 0.241307 0.818035 0.64159 0.729739 0.598309 0.589532 0.223309 0.310144 0.167019 0.16016 0.169999
threshold=1.5000000000000002 1.0000000180025095e-35 59.000000000000007 1.0000000180025095e-35 1.0000000180025095e-35 1.0000000180025095e-35 1.0000000180025095e-35 1.0000000180025095e-35 1.0000000180025095e-35 1.0000000180025095e-35 1.0000000180025095e-35 1.0000000180025095e-35 1.0000000180025095e-35 1.0000000180025095e-35 1.0000000180025095e-35 1.0000000180025095e-35 3.7500000000000004 2.2500000000000004 1.0000000180025095e-35 45.000000000000007 1.0000000180025095e-35 6.5000000000000009 1.0000000180025095e-35 47.000000000000007 49.000000000000007 1.0000000180025095e-35 17.000000000000004 3.3500000238418584 39.000000000000007 3.1499999761581425 51.000000000000007 4.5000000000000009 41.000000000000007 3.0499999523162846 57.000000000000007 7.5000000000000009 3.6499999761581425 2.7500000000000004 6.5000000000000009 2.8500000238418584 43.000000000000007 11.000000000000002 1.5000000000000002 19.000000000000004 2.1499999761581425 43.000000000000007 13.000000000000002 45.000000000000007 57.000000000000007 1.9499999880790713 1.5000000000000002 2.9500000476837163 1.5000000000000002 3.5000000000000004 3.3500000238418584 51.000000000000007 9.5000000000000018 2.6499999761581425 3.2500000000000004 6.5000000000000009 1.8499999642372134 53.000000000000007 3.3500000238418584
decision_type=2 2 2 2 2 2 2 2 2 2 2 2 2 2 2 2 2 2 2 2 2 2 2 2 2 2 2 2 2 2 2 2 2 2 2 2 2 2 2 2 2 2 2 2 2 2 2 2 2 2 2 2 2 2 2 2 2 2 2 2 2 2 2
left_child=1 2 3 4 5 6 7 8 9 10 11 12 13 14 15 16 17 44 20 -20 22 -21 24 -24 25 -19 30 51 29 35 58 -18 33 -22 -33 -27 37 38 42 -39 43 -40 -32 -30 45 46 50 -46 -47 -50 -1 -28 -34 -54 55 57 -57 -55 59 -26 -52 -41 -63
right_child=-2 -3 -4 -5 -6 -7 -8 -9 -10 -11 -12 -13 -14 -15 -16 -17 31 18 19 21 32 -23 23 -25 26 28 27 -29 40 -31 36 34 52 -35 -36 -37 -38 39 41 61 -42 -43 -44 -45 47 48 -48 -49 49 -51 60 -53 53 54 -56 56 -58 -59 -60 -61 -62 62 -64
leaf_value=0.031259270134509333 -0.036074521212673454 -0.035940814730111771 -0.035297113616717453 -0.036282030466903779 -0.035967334854956949 -0.035567843180951138 -0.035482679876199484 -0.035206449774308646 -0.035723204334794555 -0.035351468956476166 -0.038104335142997672 -0.035382309053178233 -0.037315076401487283 -0.03579042079565789 -0.038185486649102339 -0.034481963594229663 0.023624302519954791 0.017201620972450118 0.026229146566751699 0.0068919846606336687 0.024195135208862247 0.018449004021924648 0.019973490989773371 0.036713493167515543 0.011408273274251904 0.011622315456546269 0.017646211536695818 0.0099717603440682909 0.030770654271645315 0.029728315956123869 0.02030886633730751 0.027868747306194042 0.024911811096465047 0.0028628683347884918 0.022972179288881123 0.021426826804199377 0.01744718969567953 0.034771211063221306 0.0095350780792795783 0.02864124422591335 0.02550059781522265 0.018335284472755477 0.028950595651788522 0.022477078947955635 0.023138871798947351 0.023415843960830927 0.033293786442027122 0.031356181733026782 0.030049862861031396 0.02070977836066874 0.020356961430426777 0.024045147027036397 0.012598522247627392 0.020870859580225991 0.027198963281775963 0.017203521317822899 0.029123103660665468 0.0093745037206445659 0.022302661595795546 0.020014226082463785 0.026752562731620019 0.024910667671450625 0.020683155268301251
leaf_weight=22.331644423305988 559.80577756091952 369.66021774895489 271.37450260296464 214.42898330651224 145.40851583890617 108.20149679295719 40.213831504806876 36.471977569162846 30.284200036898255 28.262366050854325 24.257679590955377 22.836890321224928 20.537856446579099 20.620464272797108 18.168804965913296 18.684307597577572 230.82684640772641 34.590853219851851 27.776551831513643 32.132222091779113 18.515524122864008 29.945100583136082 23.473558310419321 30.398644614964724 24.981390090659261 25.173127563670278 51.883252350613475 28.016118917614222 104.04342508874834 26.531555479392409 23.91354594193399 330.96409894712269 39.850214321166277 17.355907518416643 74.390112414956093 24.523829359561205 31.684966024011374 25.332123359665275 26.28643486276269 30.534492490813136 228.07335897535086 23.263938587158918 45.250521466135979 21.020711917430162 26.556648204103112 367.00647486932576 35.041033983230591 55.244395652785897 63.246563702821732 29.623550478368998 38.257480621337891 36.470874380320311 33.74143299087882 20.56146814674139 40.267445294186473 23.703932896256447 25.200072513893247 27.063617516309023 24.183260209858418 22.567708456888795 29.138419035822153 111.10675109736621 59.872429376468062
leaf_count=62 7152 3433 7937 872 925 2823 1022 974 702 703 382 543 339 428 260 538 612 101 69 71 57 69 55 68 60 60 125 64 276 68 68 840 107 47 184 58 74 68 60 81 557 55 113 54 66 914 95 136 165 74 95 91 87 58 105 64 72 71 63 54 70 279 158
internal_value=-0.000866427 0.00395482 0.00792181 0.0113257 0.0144856 0.0168649 0.0187729 0.0195204 0.0202133 0.0208086 0.0213722 0.0218899 0.0223633 0.0228109 0.0232553 0.0236696 0.024075 0.0235445 0.0226242 0.0169141 0.0230036 0.0125698 0.0236915 0.0296702 0.0233643 0.0253439 0.0217188 0.0179489 0.0259791 0.0213501 0.0226749 0.0257944 0.0199362 0.014055 0.0269995 0.0166258 0.0235316 0.0240635 0.0210666 0.0255821 0.0269467 0.0138087 0.0261299 0.0294717 0.025486 0.0249917 0.0277714 0.0288452 0.0242082 0.0271974 0.0254422 0.020408 0.0209032 0.0198965 0.0216441 0.0191986 0.0235782 0.0145032 0.0180374 0.0156586 0.0232987 0.0243437 0.0234949
internal_weight=4651.14 4091.33 3721.67 3450.3 3235.87 3090.46 2982.26 2942.04 2905.57 2875.29 2847.02 2822.77 2799.93 2779.39 2758.77 2740.6 2721.92 2085.74 1419.29 89.8539 1329.44 62.0773 1083.18 53.8722 1029.3 463.957 565.348 116.37 429.366 76.2285 448.978 636.181 246.26 35.8714 405.354 49.697 377.245 345.56 118.714 226.846 353.137 49.5504 69.1641 125.064 666.446 584.645 124.769 81.801 459.877 92.8701 89.7275 88.3541 210.388 170.538 136.797 96.5291 48.904 47.6251 71.7324 47.5491 67.3959 201.514 170.979
internal_count=35933 28781 25348 17411 16539 15614 12791 11769 10795 10093 9390 9008 8465 8126 7698 7438 6900 5264 3587 209 3378 140 2710 123 2587 1174 1413 280 1073 186 1133 1636 668 104 1024 118 956 882 296 586 887 115 181 330 1677 1475 322 202 1153 239 227 216 564 457 370 265 136 129 177 114 165 518 437
is_linear=0
shrinkage=0.05


Tree=88
num_leaves=64
num_cat=0
split_feature=15 31 18 5 22 16 5 19 3 6 27 27 14 14 14 25 27 5 5 0 18 0 0 4 26 3 3 3 3 18 0 3 3 26 3 1 3 3 0 1 26 26 3 3 26 0 3 1 29 1 1 2 0 0 3 3 1 0 1 1 1 3 3
split_gain=265.323 195.556 249.842 363.338 287.262 140.269 96.3945 73.0383 62.0516 47.3329 46.6009 38.4701 34.9616 34.5646 31.2514 30.7999 24.3903 6.05199 3.90173 3.77831 3.59139 3.48222 18.6085 2.91124 3.38087 2.65392 16.7611 2.53727 11.6844 2.00421 1.8801 1.79108 18.2591 1.39125 1.33474 1.22242 1.13777 1.11454 1.11163 0.942742 0.86573 0.860794 1.03472 0.855008 0.668593 0.624953 0.592453 0.767711 0.411969 0.410114 0.407128 0.401816 0.568236 0.35571 0.288845 0.232709 0.227996 0.181626 0.180022 0.175332 0.168798 0.155595 0.154377
threshold=1.0000000180025095e-35 1.0000000180025095e-35 1.0000000180025095e-35 1.5000000000000002 1.0000000180025095e-35 1.0000000180025095e-35 2.5000000000000004 1.0000000180025095e-35 59.000000000000007 1.0000000180025095e-35 1.0000000180025095e-35 1.0000000180025095e-35 1.0000000180025095e-35 1.0000000180025095e-35 1.0000000180025095e-35 1.0000000180025095e-35 1.0000000180025095e-35 1.5000000000000002 1.5000000000000002 2.5000000000000004 1.0000000180025095e-35 2.5000000000000004 1.5000000000000002 1.0000000180025095e-35 1.0000000180025095e-35 57.000000000000007 59.000000000000007 57.000000000000007 59.000000000000007 1.0000000180025095e-35 4.5000000000000009 57.000000000000007 59.000000000000007 1.0000000180025095e-35 47.000000000000007 3.7500000000000004 45.000000000000007 57.000000000000007 4.5000000000000009 2.4500000476837163 1.0000000180025095e-35 1.0000000180025095e-35 54.500000000000007 51.000000000000007 1.0000000180025095e-35 3.5000000000000004 45.000000000000007 3.1499999761581425 1.0000000180025095e-35 2.3500000238418584 2.6499999761581425 1.0000000180025095e-35 9.5000000000000018 4.5000000000000009 54.500000000000007 51.000000000000007 2.6499999761581425 15.000000000000002 3.5499999523162846 2.1499999761581425 1.9499999880790713 47.000000000000007 53.000000000000007
decision_type=2 2 2 2 2 2 2 2 2 2 2 2 2 2 2 2 2 2 2 2 2 2 2 2 2 2 2 2 2 2 2 2 2 2 2 2 2 2 2 2 2 2 2 2 2 2 2 2 2 2 2 2 2 2 2 2 2 2 2 2 2 2 2
left_child=1 2 3 4 -1 8 12 11 9 10 17 13 15 18 23 21 27 20 25 54 40 22 -5 29 36 33 -27 44 -29 37 -26 50 -33 46 -32 -36 -25 -3 55 -22 48 42 -21 -41 53 -46 -4 -48 59 -40 51 52 -23 -6 -19 -20 61 -52 -51 -2 -35 -43 -58
right_child=5 14 7 6 16 -7 -8 -9 -10 -11 -12 -13 -14 -15 -16 -17 -18 19 38 41 39 31 -24 24 30 26 -28 28 -30 -31 34 32 -34 60 35 -37 -38 -39 49 43 -42 56 -44 -45 45 -47 47 -49 -50 58 57 -53 -54 -55 -56 -57 62 -59 -60 -61 -62 -63 -64
leaf_value=-0.035936215639699447 0.026178977605798751 0.029831721645326704 0.029841771026810179 -0.03486124309998942 0.025502370410779619 -0.035811260221455206 -0.035243487919537894 -0.035481002826052682 -0.034965159458612331 -0.044843540191526185 -0.041022888546152499 -0.047143167997418967 -0.036951475144198394 -0.038493478078575588 -0.039803712148349157 -0.037553246339432189 -0.035390022155767552 -0.019251149261033162 0.009251365357578676 -0.00019928338783365164 0.025953265393068931 0.026858078933589092 0.030486079855780165 0.012421878782592771 0.0079867295484026078 0.029491870202723876 -0.033981808829881215 0.025316816407150972 -0.034240393598516224 0.013770276906301494 0.035785949636537265 0.029548978602483334 -0.034058443284632534 0.027681769694519628 0.0089812884692376249 0.029883354969894072 -0.010653536766085421 0.021704229105025737 0.025322551437722669 0.0078233613938748486 0.032684183259763265 0.023399139611421954 0.021787195220193737 0.022599728572184355 0.020746872191233279 0.029137828891588332 0.015875877429294645 0.026861056373046643 0.022527278106452862 0.010355410804724026 0.028331749295545813 0.028338620581794399 0.016574073069472697 0.01654462402039376 -0.0023392618637473111 -0.0024786295243568088 0.02192499473755018 0.032234693469890947 0.01891458230945452 0.030611120648045415 0.032857461789956785 0.013816905880093903 0.031142914642416489
leaf_weight=1729.0966501682997 55.626326523721218 292.18249529600143 50.479335367679596 14.286187671124933 22.266108237206936 104.63628557510674 87.214053679257631 59.886554339900613 41.968831531703472 22.274611428380013 23.473165664821863 18.861073087900877 24.617281978949904 20.486759133636951 18.599226385354996 19.595371671020985 18.718849189579487 5.1895203925669176 8.2223667800426501 10.081877052783968 36.406669247895479 32.730682566761971 41.195310011506081 9.1007584780454653 17.442126043140888 68.032046556472778 11.82955116778612 37.352382957935333 10.060541965067385 26.116199415177107 24.743326306343079 75.404641531407833 12.821283902972935 40.383516609668732 15.076247818768026 13.640866018831728 11.543171931058167 57.394896578043699 17.09720516204834 22.853788048028946 628.98408817127347 11.805914286524059 10.882735148072241 17.815424673259258 35.254690699279308 117.82712779939175 32.075353235006332 39.274668708443642 30.22236305847764 14.659866470843555 186.33170025795698 78.741829864680767 29.390372551977634 33.477651111781597 4.8208947665989399 7.8811156488955012 17.611029855906963 84.733175694942474 14.885317355394362 222.37979942932725 244.71331703662872 11.833786662667988 16.191177718341351
leaf_count=18609 128 458 78 331 45 2588 2482 1555 1217 219 273 190 465 306 247 325 415 69 40 78 84 59 78 32 90 107 338 72 238 94 30 119 371 66 80 30 86 276 51 78 989 40 37 42 79 193 80 67 80 67 307 130 71 86 37 74 69 119 50 378 336 61 44
internal_value=1.52664e-05 -0.00660676 -0.0109188 -0.017633 -0.0283885 0.0195723 0.013737 0.016924 0.0244535 0.0266391 0.0280722 0.0222789 0.0208818 0.0246153 0.0230172 0.0233868 0.0190551 0.029561 0.0270008 0.0168604 0.0306593 0.0255677 0.0134984 0.0255577 0.0173834 0.0285208 0.0199369 0.0230937 0.0124539 0.0275239 0.022536 0.0268918 0.0201655 0.0301789 0.0271649 0.0192514 -0.000427684 0.0285302 0.0150764 0.0200382 0.0315216 0.0205452 0.0114556 0.0144921 0.0254739 0.0272792 0.0253975 0.0220675 0.0291001 0.0189553 0.0283062 0.0257035 0.0221638 0.0203176 -0.0116053 0.00360889 0.0237351 0.0296089 0.0149107 0.0297729 0.0321741 0.0189879 0.0267299
internal_weight=5120.78 3825.72 3339.88 2691.12 2004.05 1295.06 687.062 648.768 1190.42 1148.45 1126.18 588.881 599.848 570.02 485.839 575.231 274.957 1102.71 549.534 88.4169 1014.29 555.635 55.4815 467.24 91.5465 486.788 79.8616 256.239 47.4129 375.694 70.9026 500.154 88.2259 406.926 53.4604 28.7171 20.6439 349.577 62.7459 77.0759 937.213 78.4065 20.9646 40.6692 208.826 153.082 121.829 71.35 308.228 46.6424 411.928 140.863 62.1211 55.7438 10.0104 16.1035 57.4419 271.065 29.5452 278.006 285.097 23.6397 33.8022
internal_count=35933 29422 27999 24594 19737 6511 4857 3405 3923 2706 2487 1850 2375 1660 1423 1910 1128 2214 1354 435 1779 1585 409 1176 348 1072 445 713 310 828 230 1176 490 627 140 110 118 734 282 204 1575 329 115 120 403 272 225 147 586 168 686 260 130 131 106 114 214 426 117 506 402 101 113
is_linear=0
shrinkage=0.05


Tree=89
num_leaves=20
num_cat=0
split_feature=3 14 27 6 13 24 10 12 28 16 20 19 17 4 25 0 1 3 3
split_gain=466.56 307.11 199.5 190.813 156.573 147.165 142.643 112.709 112.576 111.009 107.253 105.97 84.3637 55.0234 103.351 79.9985 0.01458 0.01539 0.0729476
threshold=59.000000000000007 1.0000000180025095e-35 1.0000000180025095e-35 1.0000000180025095e-35 1.0000000180025095e-35 1.0000000180025095e-35 1.0000000180025095e-35 1.0000000180025095e-35 1.0000000180025095e-35 1.0000000180025095e-35 1.0000000180025095e-35 1.0000000180025095e-35 1.0000000180025095e-35 1.0000000180025095e-35 1.0000000180025095e-35 1.5000000000000002 1.5500000119209292 57.000000000000007 55.500000000000007
decision_type=2 2 2 2 2 2 2 2 2 2 2 2 2 2 2 2 2 2 2
left_child=1 2 3 4 5 6 7 8 9 10 11 12 13 -1 15 -15 -17 18 -18
right_child=-2 -3 -4 -5 -6 -7 -8 -9 -10 -11 -12 -13 -14 14 -16 16 17 -19 -20
leaf_value=-0.032888589741658938 0.037649439255765665 0.039615740537115599 0.04315364749989975 0.045940527128211957 0.045185198342547812 0.044641807616266252 0.044868945432117335 0.044252943931757299 0.048026882508953761 0.038816194055205283 0.047480557677146998 0.04221421747980883 0.047397040273882571 0.041870987244164388 0.045045767727667961 -0.022644605644533421 -0.027238751170044623 -0.029218217562686857 -0.023188307633400015
leaf_weight=1997.9896221272647 727.07119338214397 338.41868050023913 166.95591068267822 132.79490961134434 103.96189981326461 93.490333683788776 84.943722929805517 65.011283092200756 55.751768875867128 69.528572712093592 49.79791384190321 55.02095053344965 36.564319930970669 44.493861865252256 61.41879428550601 18.341772526502609 461.90868949145079 97.612078838050365 35.348099149763584
leaf_count=7012 11286 4443 1969 1476 1159 1015 963 712 537 888 479 610 324 493 604 71 1468 292 132
internal_value=0.000841427 -0.00590463 -0.0101522 -0.0127273 -0.0150726 -0.0170204 -0.0188668 -0.0206497 -0.022071 -0.0234137 -0.0249338 -0.026226 -0.0276009 -0.0286186 -0.0167406 -0.0225402 -0.0272441 -0.0273668 -0.0269744
internal_weight=4696.42 3969.35 3630.93 3463.98 3331.18 3227.22 3133.73 3048.79 2983.78 2928.02 2858.5 2808.7 2753.68 2717.11 719.123 657.705 613.211 594.869 497.257
internal_count=35933 24647 20204 18235 16759 15600 14585 13622 12910 12373 11485 11006 10396 10072 3060 2456 1963 1892 1600
is_linear=0
shrinkage=0.05


Tree=90
num_leaves=64
num_cat=0
split_feature=18 3 31 4 22 14 6 27 11 24 13 7 20 10 25 0 22 14 1 1 1 1 8 1 0 1 0 2 0 8 3 1 3 1 0 1 1 3 3 0 0 1 1 1 0 0 1 3 2 3 1 1 0 0 0 0 1 0 3 1 1 0 1
split_gain=221.313 197.905 170.734 171.178 140.88 103.804 39.4516 34.7032 32.5447 31.9653 28.6779 26.989 25.8239 24.4939 13.3609 9.72705 6.66355 6.413 1.12724 0.998436 1.58863 0.967597 0.661352 0.861594 0.880949 0.639244 0.794978 0.594105 0.522429 0.58895 0.894314 0.505103 0.493992 0.393608 0.38113 0.661618 0.621874 0.368512 0.780128 0.640307 0.476767 0.427323 1.19236 0.317057 0.59171 0.477272 0.291108 0.269706 0.86902 0.502982 1.48332 1.09721 0.560028 1.02128 0.776373 0.484594 0.901769 0.695098 0.509537 0.534422 0.392894 0.334202 1.12356
threshold=1.0000000180025095e-35 59.000000000000007 1.0000000180025095e-35 1.0000000180025095e-35 1.0000000180025095e-35 1.0000000180025095e-35 1.0000000180025095e-35 1.0000000180025095e-35 1.0000000180025095e-35 1.0000000180025095e-35 1.0000000180025095e-35 1.0000000180025095e-35 1.0000000180025095e-35 1.0000000180025095e-35 1.0000000180025095e-35 1.5000000000000002 1.0000000180025095e-35 1.0000000180025095e-35 2.1499999761581425 3.7500000000000004 2.2500000000000004 1.5500000119209292 1.0000000180025095e-35 3.1499999761581425 5.5000000000000009 3.4500000476837163 13.000000000000002 1.0000000180025095e-35 26.000000000000004 1.0000000180025095e-35 49.000000000000007 3.5499999523162846 49.000000000000007 2.5499999523162846 1.5000000000000002 1.7500000000000002 1.8499999642372134 49.000000000000007 57.000000000000007 9.5000000000000018 4.5000000000000009 1.7500000000000002 1.9499999880790713 1.6500000357627871 7.5000000000000009 4.5000000000000009 1.4499999880790713 51.000000000000007 1.0000000180025095e-35 47.000000000000007 3.9500000476837163 3.1499999761581425 8.5000000000000018 5.5000000000000009 13.000000000000002 3.5000000000000004 3.0499999523162846 5.5000000000000009 47.000000000000007 3.8500000238418584 2.9500000476837163 5.5000000000000009 3.2500000000000004
decision_type=2 2 2 2 2 2 2 2 2 2 2 2 2 2 2 2 2 2 2 2 2 2 2 2 2 2 2 2 2 2 2 2 2 2 2 2 2 2 2 2 2 2 2 2 2 2 2 2 2 2 2 2 2 2 2 2 2 2 2 2 2 2 2
left_child=1 2 3 4 5 6 7 8 9 10 11 12 13 19 15 -5 17 18 21 20 34 27 25 24 -24 33 -27 -17 29 47 -31 -28 -30 -22 36 43 -1 40 39 -39 -23 -42 -43 45 -45 -36 -47 48 55 52 51 -51 53 60 -54 56 -20 -57 59 -59 -50 62 -49
right_child=-2 -3 -4 14 -6 -7 -8 -9 -10 -11 -12 -13 -14 -15 -16 16 -18 -19 28 -21 22 37 23 -25 -26 26 31 -29 32 30 -32 -33 -34 -35 35 -37 -38 38 -40 -41 41 42 -44 44 -46 46 -48 61 49 50 -52 -53 54 -55 -56 57 -58 58 -60 -61 -62 -63 -64
leaf_value=0.025446970216236917 -0.035824284392395725 -0.03516636464980339 -0.036123314900061945 -0.035691357316984688 -0.035823563230522319 -0.035398162492401082 -0.035219150668090664 -0.034906448429140965 -0.037950551167509228 -0.035416407419368738 -0.035000774397323436 -0.035286263419120598 -0.036775698472742861 -0.034749860694096586 -0.038310483740772623 0.0059994440892328967 -0.034978534682812368 -0.034609550488170042 -0.017639411058007516 0.024998518483138728 0.02021393570883075 -0.025665863408682904 0.013269874352708103 0.0095016095291308982 0.02703164792255024 0.021197456130607011 0.0079471091045202648 -0.010214841599510117 0.0076968812092623566 -0.0032149755046192415 -0.020667404848261475 0.017376180014728026 -0.0059264203625086255 0.022949822506660226 0.030352280197936007 0.027044259261644152 0.017706426378891256 -0.012588665697759599 -0.021824572289660213 -1.7020165531757521e-05 -0.0044194168356264628 -0.02815368882541713 -0.0078448040401135604 0.011839369202050488 0.02348023955086416 0.016002939780828514 0.023771784142500745 0.0026433445909583644 -0.015484075993819471 -0.00069811390246091371 0.010727210670171997 -0.020336175412824401 0.0022023563513191634 -0.022972319205184735 -0.010768019931696855 0.012185725111134228 0.0023460491914822587 0.0036120175751646819 -0.0083838451101364755 -0.008991068933615216 -0.0034461072732315957 -0.0090455495540035635 -0.010714809905092455
leaf_weight=61.111723570153117 408.67482975684106 317.04274787195027 226.31935012899339 36.823289198800921 132.95548368804157 91.420574706047773 33.056085396558046 28.645930215716362 23.53460668772459 24.793065821751952 22.099527172744274 20.196234542876482 18.020737512037158 18.051139447838068 46.808008875697851 10.963599927723408 24.134545538574457 22.136163495481014 11.321834089234473 553.20058098807931 212.3826415091753 11.93823381140828 23.935536609962583 28.540601573884487 26.133741308003664 164.72651061974466 21.530685601755977 10.66928187571466 12.134157525375487 12.720276033505799 17.573197063058615 50.665883459150791 13.561937352642415 729.05730845592916 28.929957069456577 280.33286235295236 57.55694692209363 22.924182085320354 11.533168904483317 17.846602689474821 9.7083011958748084 12.657225998118522 17.282081197947264 20.489374976605177 28.674259630963206 20.023689229041338 74.813066553324461 28.875417437404394 10.15518480166793 16.072291634976867 12.88489277474582 12.312007315456865 18.432194685563445 17.666168475523591 29.701896157115698 9.9893640708178264 10.602170169353483 40.636869132518768 19.427512725815177 10.078802291303871 19.74130361713469 137.84712052345276 33.68746549077332
leaf_count=177 4335 9883 1078 1019 832 2512 891 816 397 607 584 485 308 479 1166 62 224 659 45 1560 567 53 59 71 71 467 51 57 66 56 74 137 67 2016 83 793 149 113 82 91 62 71 77 51 82 54 213 140 48 79 44 65 82 81 129 67 69 221 117 62 100 681 179
internal_value=-0.000764312 0.00274363 0.00593423 0.00862343 0.0143173 0.0168279 0.0186919 0.019401 0.0200279 0.0205845 0.0211559 0.0216719 0.0221548 0.0226048 -0.0125662 -0.0108287 -0.0094308 -0.00844558 -0.00748576 0.0230466 0.0224496 -0.0117233 0.0214184 0.0166875 0.0206491 0.0217268 0.0192337 -0.00204751 -0.00640137 -0.00678076 -0.0135103 0.0146382 0.000530868 0.0223437 0.0246951 0.0254328 0.0217827 -0.0137186 -0.0105638 -0.00715255 -0.0167853 -0.0138249 -0.0167521 0.0227501 0.0187968 0.0242384 0.022224 -0.00630201 -0.00514512 -0.00774091 -0.00307724 -0.00942092 -0.00972567 -0.0135668 -0.00582964 -0.00164066 -0.00813788 0.000176401 -0.00160804 0.00104406 -0.00772258 -0.00766556 -0.00457738
internal_weight=4497.76 4089.09 3772.04 3545.73 2794.88 2661.92 2570.5 2537.45 2508.8 2485.27 2460.47 2438.37 2418.18 2400.16 750.847 704.039 667.215 643.081 620.945 2382.11 1828.9 125.523 1256.97 78.6099 50.0693 1178.36 236.923 21.6329 495.422 469.726 30.2935 72.1966 25.6961 941.44 571.932 453.263 118.669 103.89 52.304 40.7708 51.5858 39.6476 29.9393 172.93 49.1636 123.767 94.8368 439.432 239.022 136.966 41.2692 28.3843 95.6967 47.5627 48.1341 102.057 21.924 80.1325 70.1432 50.7157 29.8965 200.41 62.5629
internal_count=36016 31681 21798 20720 14512 13680 11168 10277 9461 9064 8457 7873 7388 7080 6208 5042 4023 3799 3140 6601 5041 668 3439 201 130 3238 655 119 2472 2339 130 188 133 2583 1602 1276 326 549 286 204 263 210 148 483 133 350 267 2209 1209 628 188 144 440 229 211 581 114 467 400 283 148 1000 319
is_linear=0
shrinkage=0.05


Tree=91
num_leaves=64
num_cat=0
split_feature=15 31 18 5 22 16 5 19 3 6 27 27 14 14 25 14 3 14 27 5 5 5 5 3 3 18 26 0 0 3 3 3 0 26 26 1 3 1 3 26 5 26 5 0 1 1 1 0 0 0 26 3 0 0 0 3 26 3 0 3 0 1 0
split_gain=259.784 181.542 227.652 338.521 286.434 129.4 90.8978 66.4565 56.5254 43.3547 43.2811 33.8797 33.3279 32.6757 29.3542 28.2918 24.8053 23.4762 21.7053 5.8093 4.47663 3.18513 15.5 2.50088 12.1913 1.97125 1.96631 1.946 14.5757 1.45813 1.36583 14.6569 1.09321 1.0913 1.01879 0.918227 0.776358 0.777352 0.700402 0.838886 0.639695 0.552556 0.489146 0.456936 0.459359 0.413593 0.337751 0.334586 0.268139 0.237935 0.182158 0.161509 0.419255 0.154483 0.148277 0.133972 0.113969 0.087485 0.0805523 0.0711619 0.0229227 0.0182175 0.0105283
threshold=1.0000000180025095e-35 1.0000000180025095e-35 1.0000000180025095e-35 1.5000000000000002 1.0000000180025095e-35 1.0000000180025095e-35 2.5000000000000004 1.0000000180025095e-35 59.000000000000007 1.0000000180025095e-35 1.0000000180025095e-35 1.0000000180025095e-35 1.0000000180025095e-35 1.0000000180025095e-35 1.0000000180025095e-35 1.0000000180025095e-35 59.000000000000007 1.0000000180025095e-35 1.0000000180025095e-35 1.5000000000000002 1.0000000180025095e-35 1.5000000000000002 2.5000000000000004 57.000000000000007 59.000000000000007 1.0000000180025095e-35 1.0000000180025095e-35 2.5000000000000004 1.5000000000000002 53.000000000000007 57.000000000000007 59.000000000000007 6.5000000000000009 1.0000000180025095e-35 1.0000000180025095e-35 2.2500000000000004 57.000000000000007 4.0499999523162851 54.500000000000007 1.0000000180025095e-35 1.5000000000000002 1.0000000180025095e-35 1.0000000180025095e-35 9.5000000000000018 2.7500000000000004 3.3500000238418584 1.7500000000000002 4.5000000000000009 6.5000000000000009 5.5000000000000009 1.0000000180025095e-35 43.000000000000007 8.5000000000000018 3.5000000000000004 11.000000000000002 47.000000000000007 1.0000000180025095e-35 43.000000000000007 2.5000000000000004 47.000000000000007 2.5000000000000004 3.0499999523162846 1.0000000180025095e-35
decision_type=2 2 2 2 2 2 2 2 2 2 2 2 2 2 2 2 2 2 2 2 2 2 2 2 2 2 2 2 2 2 2 2 2 2 2 2 2 2 2 2 2 2 2 2 2 2 2 2 2 2 2 2 2 2 2 2 2 2 2 2 2 2 2
left_child=1 2 3 4 -1 8 13 11 9 10 19 12 20 14 16 21 27 18 36 25 23 30 55 33 -25 34 29 28 -5 -22 42 -32 40 -4 35 46 41 49 39 -21 -28 -6 48 44 -27 -40 -2 -41 56 60 -29 52 -52 -43 -34 -23 -3 -49 62 -55 -38 -60 -36
right_child=5 15 7 6 17 -7 -8 -9 -10 -11 -12 -13 -14 -15 -16 -17 -18 -19 -20 38 26 22 -24 24 -26 43 32 50 -30 -31 31 -33 54 -35 58 -37 37 -39 45 47 -42 53 -44 -45 -46 -47 -48 57 -50 -51 51 -53 -54 59 -56 -57 -58 -59 61 -61 -62 -63 -64
leaf_value=-0.035791207052069729 0.026170571922460552 0.026883785706883656 0.025566791980847371 -0.034437722138458318 0.022500190491247535 -0.035602345771890663 -0.035133845826352678 -0.035302162567288235 -0.034798057658349681 -0.043934693842470507 -0.040350968747838223 -0.045772077064228034 -0.038126040534203591 -0.036612900608022379 -0.037188381289230646 -0.039348849017641518 -0.034231246172519762 -0.040506030344258613 -0.035107672788579396 0.00089153631891635595 0.014012827079576571 0.031036887992255815 -0.039775109236184353 0.028096030201851314 -0.033415972297878523 0.023054969936867196 0.020300296193696846 0.025170888103406931 0.031537442738798376 -0.0094645372834039013 0.029256318813966634 -0.034127650946044856 0.029184253769452495 0.032045931827549508 0.032038572377621928 0.029634484106035492 0.015519514470449195 0.030540306446399736 0.015956859761555864 0.0087246211095857642 0.0055169996858394259 0.025068608032430603 0.021295782907582068 0.027334659188124222 0.012827301736294672 0.028229179768212945 0.017740445960493911 0.022787823818709377 0.026446280933655565 0.0097484967801624127 0.020637953750722277 0.029363084759688823 0.028718786158157351 0.027585268991082736 0.022015353170838761 0.022657568504996787 0.0316776946443173 0.015372754481677631 0.031476775217425472 0.032397857955131594 0.021925637141250037 0.033663477490825336 0.028324612858752436
leaf_weight=1657.2762796543539 30.38646712526679 47.199940577149391 108.79491822421551 10.308696288615463 50.297693759202957 97.528922529891133 83.751374308019876 56.341209277510643 38.81477290019393 21.159819634631276 22.536347158253193 17.71542059443891 20.593943042680621 23.625858593732119 19.193303771317005 17.435008753091097 16.670909110456705 15.135403780266641 14.901387073099611 11.950324749574063 17.101255208253864 19.57502768933773 10.586937632411717 52.831819429993629 9.0532462820410711 31.933365665376186 14.148901510983707 88.44769274443388 37.286490097641945 10.157625090330837 58.332097418606281 10.359927408397196 21.171187095344067 246.48295639455318 59.837278354912996 235.90086311101913 11.505697418004276 12.918135438114403 17.154372911900282 12.732883241027592 15.659946821629999 35.371045932173729 35.804977238178253 34.922286346554756 20.44874756783247 15.794296290725468 29.865837067365646 12.619507864117624 153.70272881537676 13.047567863017319 32.583710670471191 294.44291180372238 58.367441430687904 46.882984921336174 33.604786396026611 19.337327431887388 98.626903548836708 15.538350008428095 243.98437614366412 66.303046882152557 10.294572271406649 236.94247582182288 79.890817083418369
leaf_count=18620 68 85 199 233 103 2577 2503 1553 1196 216 277 188 321 474 334 240 511 224 332 96 61 33 129 88 277 75 39 176 54 96 96 258 50 354 95 423 66 35 82 79 97 65 83 73 68 48 98 49 277 99 68 466 94 79 90 74 145 76 414 93 48 340 156
internal_value=0.000104618 -0.00660346 -0.0108421 -0.0173524 -0.0279304 0.0196079 0.0134229 0.0162768 0.0242139 0.0262489 0.027603 0.0214258 0.0236314 0.0204475 0.0228971 0.0223775 0.0250728 0.0191385 0.0226611 0.029026 0.0260693 0.0247912 0.0126311 0.0284639 0.0189017 0.0300974 0.0170512 0.0269998 0.0170383 0.00525143 0.0262635 0.0195194 0.0208006 0.0301006 0.0307983 0.0281562 0.0262155 0.0199905 0.0163838 0.0125995 0.0127531 0.0276569 0.0276139 0.0226039 0.0192214 0.0221738 0.0221723 0.015969 0.0283324 0.0157031 0.0279813 0.0285929 0.0259525 0.0293216 0.0250251 0.0272131 0.0302232 0.0190356 0.0320353 0.0305345 0.0189684 0.032588 0.0300236
internal_weight=4963.17 3693.23 3222.27 2598.61 1933.93 1269.94 664.678 623.657 1172.41 1133.6 1112.44 567.316 549.601 580.927 557.301 470.961 538.108 276.658 261.522 1089.9 529.007 453.526 49.4993 417.163 61.8851 1004.11 111.844 521.437 47.5952 27.2589 404.027 68.692 84.5848 355.278 916.808 296.153 246.621 47.766 85.7897 52.8411 29.8088 198.855 335.335 87.3044 52.3821 32.9487 60.2523 40.8907 299.53 34.8478 473.842 385.394 90.9512 148.557 54.776 38.9124 145.827 28.1579 620.655 113.186 21.8003 480.927 139.728
internal_count=36016 29510 28090 24677 19764 6506 4913 3413 3929 2733 2517 1860 1672 2410 1936 1420 1602 1144 920 2240 1351 1180 236 918 365 1810 433 1091 287 157 944 354 276 553 1594 589 588 248 430 300 136 340 590 216 143 130 166 204 507 213 804 628 162 237 140 107 230 125 1005 172 114 754 251
is_linear=0
shrinkage=0.05


Tree=92
num_leaves=18
num_cat=0
split_feature=3 14 27 6 5 24 10 7 28 20 11 12 19 16 4 25 0
split_gain=436.341 290.748 182.742 179.383 148.799 143.636 142.622 139.796 107.034 107.162 107.216 104.786 101.533 98.6724 14.0399 99.4748 71.7721
threshold=59.000000000000007 1.0000000180025095e-35 1.0000000180025095e-35 1.0000000180025095e-35 2.5000000000000004 1.0000000180025095e-35 1.0000000180025095e-35 1.0000000180025095e-35 1.0000000180025095e-35 1.0000000180025095e-35 1.0000000180025095e-35 1.0000000180025095e-35 1.0000000180025095e-35 1.0000000180025095e-35 1.0000000180025095e-35 1.0000000180025095e-35 1.5000000000000002
decision_type=2 2 2 2 2 2 2 2 2 2 2 2 2 2 2 2 2
left_child=1 2 3 4 5 6 7 8 9 10 11 12 13 14 -1 16 -16
right_child=-2 -3 -4 -5 -6 -7 -8 -9 -10 -11 -12 -13 -14 -15 15 -17 -18
leaf_value=-0.032764678675886089 0.037347075064928133 0.039266570765299103 0.042682410122850581 0.045562080668972632 0.038900077681993106 0.044851657969867655 0.0452415393024031 0.045819686964943707 0.048215247044129973 0.047561379475059146 0.046807537214105611 0.044792162877698036 0.041900608324442243 0.038463738446346964 0.042611513210385116 0.046409099662053116 -0.034019834363007685
leaf_weight=1926.0715757086873 686.3591120429337 325.2160826548934 156.10082926601171 127.149488247931 123.25230649486184 90.605541732162237 83.834049742668867 76.40591324865818 52.057272918522358 51.144133042544127 50.341912019997835 50.115530923008919 50.705436933785677 52.30622436478734 31.959463935345411 45.915569476783276 543.01664154231548
leaf_count=7086 11268 4474 1921 1467 1726 999 955 827 507 505 463 540 578 689 330 392 1289
internal_value=0.000645313 -0.00592525 -0.0101163 -0.012579 -0.014876 -0.0170169 -0.018884 -0.0207262 -0.0225156 -0.0238383 -0.0251744 -0.0265248 -0.0278818 -0.0292509 -0.0306488 -0.0240639 -0.029727
internal_weight=4522.56 3836.2 3510.98 3354.88 3227.73 3104.48 3013.87 2930.04 2853.63 2801.58 2750.43 2700.09 2649.97 2599.27 2546.96 620.892 574.976
internal_count=36016 24748 20274 18353 16886 15160 14161 13206 12379 11872 11367 10904 10364 9786 9097 2011 1619
is_linear=0
shrinkage=0.05


Tree=93
num_leaves=33
num_cat=0
split_feature=15 5 18 3 31 14 21 6 27 24 13 11 17 28 20 7 1 25 0 0 1 26 1 0 1 1 0 0 0 0 1 0
split_gain=429.222 357.916 295.139 229.127 242.66 124.261 91.6363 50.6447 44.6862 42.3762 40.1626 39.8518 36.7954 36.0555 34.3123 33.409 1.18966 1.05336 0.646766 0.641266 0.573176 0.549225 0.947219 0.849454 0.468428 0.778363 1.40369 0.389234 0.332421 0.277956 0.174924 0.103315
threshold=1.0000000180025095e-35 1.5000000000000002 1.0000000180025095e-35 59.000000000000007 1.0000000180025095e-35 1.0000000180025095e-35 1.0000000180025095e-35 1.0000000180025095e-35 1.0000000180025095e-35 1.0000000180025095e-35 1.0000000180025095e-35 1.0000000180025095e-35 1.0000000180025095e-35 1.0000000180025095e-35 1.0000000180025095e-35 1.0000000180025095e-35 3.9500000476837163 1.0000000180025095e-35 1.5000000000000002 1.0000000180025095e-35 3.5499999523162846 1.0000000180025095e-35 2.7500000000000004 6.5000000000000009 3.1499999761581425 2.4500000476837163 4.5000000000000009 7.5000000000000009 8.5000000000000018 8.5000000000000018 1.8499999642372134 5.5000000000000009
decision_type=2 2 2 2 2 2 2 2 2 2 2 2 2 2 2 2 2 2 2 2 2 2 2 2 2 2 2 2 2 2 2 2
left_child=1 2 3 4 5 6 7 8 9 10 11 12 13 14 15 17 19 18 -1 -8 21 22 23 -21 25 26 -23 -27 -24 -18 -28 -22
right_child=-2 -3 -4 -5 -6 -7 16 -9 -10 -11 -12 -13 -14 -15 -16 -17 29 -19 -20 20 31 24 28 -25 -26 27 30 -29 -30 -31 -32 -33
leaf_value=0.034172756618835377 -0.036279035273917119 -0.035864958537429936 -0.035642787492080087 -0.035020246969260045 -0.036001799823308825 -0.035224661030930235 0.0079397056592429259 -0.035080121516838682 -0.034773349793289346 -0.035302245869706844 -0.035097317303861161 -0.037729483415027479 -0.038074577709048825 -0.036908265457688209 -0.036449175061457458 -0.03512050626533509 -0.0073292930579114055 0.033552847373612769 0.037374085986963221 -0.004367935276349085 0.0074452776281932007 0.010599902861559844 -0.00026144329619600786 0.01338755808998671 0.00093586684475463738 -0.018622791075450448 -0.0037996049670387128 -0.0076946502715188499 -0.013658135747756468 -0.016490954376602123 -0.011440568770530332 0.0015865138346351981
leaf_weight=268.13264749199152 717.05236910842359 445.39042495004833 294.35708793438971 197.39448098093271 175.50409149564803 83.039342172443867 16.506082521751523 29.064084321260452 25.184486215934157 22.940657321363688 21.3888487983495 19.246441634371877 17.247537340968847 17.164723051711917 16.253388000652194 16.162057910114527 22.19770666398108 370.80361326225102 1348.1875502206385 10.495860382914545 11.561867350712417 13.060865027830003 8.3328194264322537 17.368545141071081 21.636696005240083 15.975680483505128 13.024951545521615 18.571972861886024 9.9783968962728959 14.425786737352608 19.694313079118729 20.995198309421539
leaf_count=898 6576 5856 2852 6502 712 2434 88 796 731 555 532 295 243 283 276 360 109 1182 3807 54 53 71 54 83 99 62 60 73 62 71 78 92
internal_value=-0.000966143 0.00606907 0.0119919 0.0168973 0.0207499 0.0247586 0.026836 0.0300374 0.0309287 0.0317181 0.0324604 0.0331657 0.033839 0.0344572 0.0350728 0.035662 -0.00289914 0.0362464 0.0368537 -0.00134973 -0.00221786 -0.00353724 0.000980433 0.00674038 -0.00557792 -0.00732737 -0.00299654 -0.0129417 -0.00773074 -0.0111115 -0.00850181 0.00374826
internal_weight=4318.34 3601.29 3155.9 2861.54 2664.15 2488.64 2405.6 2171.78 2142.71 2117.53 2094.59 2073.2 2053.95 2036.7 2019.54 2003.29 233.827 1987.12 1616.32 197.203 180.697 148.14 46.1756 27.8644 101.964 80.3278 45.7801 34.5477 18.3112 36.6235 32.7193 32.5571
internal_count=35999 29423 23567 20715 14213 13501 11067 9958 9162 8431 7876 7344 7049 6806 6523 6247 1109 5887 4705 929 841 696 253 137 443 344 209 135 116 180 138 145
is_linear=0
shrinkage=0.05


Tree=94
num_leaves=64
num_cat=0
split_feature=15 31 18 5 22 16 5 19 3 13 27 27 27 14 6 14 14 3 14 27 5 5 26 4 0 0 4 0 18 0 3 3 26 0 1 18 3 26 1 2 26 3 26 1 3 26 26 5 1 3 1 0 3 29 3 0 3 3 26 0 1 26 1
split_gain=247.05 165.464 222.731 321.226 265.891 121.974 83.6732 62.3157 53.6082 45.301 40.1478 32.3562 30.9406 30.7058 29.3189 28.7234 25.2878 24.0192 21.4031 19.435 6.61022 11.0487 4.42 4.41761 4.40356 5.91626 3.23456 2.89094 2.83784 2.72122 2.37097 12.2659 2.30062 1.81174 1.70183 1.43337 1.33911 1.17847 1.10246 1.29788 1.09543 1.06852 0.965961 0.913049 0.882222 0.823182 0.631224 0.616652 0.58832 0.861925 0.411597 0.401251 0.391977 0.370671 0.266163 0.262452 0.25261 0.217467 0.207457 0.142575 0.113696 0.110294 0.0691482
threshold=1.0000000180025095e-35 1.0000000180025095e-35 1.0000000180025095e-35 1.5000000000000002 1.0000000180025095e-35 1.0000000180025095e-35 2.5000000000000004 1.0000000180025095e-35 59.000000000000007 1.0000000180025095e-35 1.0000000180025095e-35 1.0000000180025095e-35 1.0000000180025095e-35 1.0000000180025095e-35 1.0000000180025095e-35 1.0000000180025095e-35 1.0000000180025095e-35 59.000000000000007 1.0000000180025095e-35 1.0000000180025095e-35 1.5000000000000002 2.5000000000000004 1.0000000180025095e-35 1.0000000180025095e-35 2.5000000000000004 1.5000000000000002 1.0000000180025095e-35 3.5000000000000004 1.0000000180025095e-35 2.5000000000000004 57.000000000000007 59.000000000000007 1.0000000180025095e-35 2.5000000000000004 3.0499999523162846 1.0000000180025095e-35 57.000000000000007 1.0000000180025095e-35 1.8499999642372134 1.0000000180025095e-35 1.0000000180025095e-35 57.000000000000007 1.0000000180025095e-35 3.5499999523162846 47.000000000000007 1.0000000180025095e-35 1.0000000180025095e-35 1.5000000000000002 2.4500000476837163 49.000000000000007 2.7500000000000004 9.5000000000000018 53.000000000000007 1.0000000180025095e-35 49.000000000000007 2.5000000000000004 54.500000000000007 51.000000000000007 1.0000000180025095e-35 3.5000000000000004 2.1499999761581425 1.0000000180025095e-35 2.7500000000000004
decision_type=2 2 2 2 2 2 2 2 2 2 2 2 2 2 2 2 2 2 2 2 2 2 2 2 2 2 2 2 2 2 2 2 2 2 2 2 2 2 2 2 2 2 2 2 2 2 2 2 2 2 2 2 2 2 2 2 2 2 2 2 2 2 2
left_child=1 2 3 4 -1 8 12 11 9 10 20 13 14 23 15 17 26 22 19 41 28 37 34 30 25 -25 35 29 40 -28 45 -32 -29 -24 38 36 61 -22 -5 -40 53 46 57 50 -34 -4 -6 -46 -30 -50 -43 -36 -39 60 -44 -42 -56 -26 -38 -48 -2 -3 -58
right_child=5 16 7 6 18 -7 -8 -9 -10 -11 -12 -13 -14 -15 -16 -17 -18 -19 -20 -21 21 -23 33 24 42 -27 27 32 48 -31 31 -33 44 -35 51 -37 58 52 39 -41 55 43 54 -45 47 -47 59 -49 49 -51 -52 -53 -54 -55 56 -57 62 -59 -60 -61 -62 -63 -64
leaf_value=-0.035665437078793161 0.025284748439415274 0.026526029842768552 0.026068273707332654 0.021578197997803934 0.021527579743264205 -0.035438745674863485 -0.034985779118164355 -0.035125907033373586 -0.034656085605225394 -0.046964680417352744 -0.039795997282610844 -0.044907754348277103 -0.047493607822352145 -0.037681334446968334 -0.049097144668772241 -0.036267314568227051 -0.038766273310813726 -0.034041772792343467 -0.039909897792647302 -0.034805786488809047 0.010305761475946631 -0.034205627692484621 0.019326545520262115 -0.0405244145634392 0.016912160700482286 0.022962299826617079 -0.019407319976021197 0.0023120051940793032 0.02537596315594089 0.01915089247220152 0.028333215277823027 -0.033303592903661715 0.032120615419620836 0.031555792866942017 0.01898091654949052 0.014674241868272379 0.014748076374680558 0.020882049351706428 -0.0096798428522413202 0.013147830510295864 0.029283344236215886 0.015952231895336771 0.018793197630877143 0.026037217224484384 0.025806186021244151 0.031826654286362298 0.024665450660224894 0.010954428962749826 0.0078155943785338921 0.022240579395102943 0.0024608153608982573 0.027852954778031798 0.030675293135254494 0.021489083789558258 0.031467909244686884 0.032580010451235694 0.025818885253614161 0.0071904140810217232 0.022206069720668572 0.030095612932939497 0.029320013246282736 0.029863200119070218 0.018031130093723518
leaf_weight=1572.6752909626812 53.524810533970594 95.711436837911606 110.83493700623512 12.614578139036892 47.462748363614082 93.093295196071267 78.397758485749364 52.825624950230122 37.340061066672206 20.481723211705685 21.42451348900795 17.321280939504504 16.026366094127297 19.232276380062103 13.664239808917044 18.704654548317194 16.151516690850258 15.664215998724101 14.331698246300219 13.784390319138764 18.403161033987999 9.628723965957759 36.291074981912971 6.9027694016695005 11.577780514955522 6.8174981512129307 10.020325005054476 14.708213083446024 38.241219475865364 7.6056161709129801 52.656774923205376 9.0827470421791059 23.507630988955498 359.99573203921318 32.619082242250443 26.517271693795919 19.559728004038334 30.785937629640102 10.338850559666753 14.19729933142662 136.64665193483233 16.806265149265531 25.828679449856281 20.264972992241383 14.556111674755813 235.38760666549206 34.00589045882225 15.467230319976805 18.444479055702686 25.686560146510601 8.704534135758875 31.318060770630836 23.362301286309958 29.35027040168643 18.71694502979517 488.41758117452264 12.505257539451124 13.52447549253702 34.661225561052561 108.15830786526203 195.61572692170739 171.69338826835155 13.830818705260752
leaf_count=18579 134 173 201 43 101 2607 2493 1551 1223 188 274 190 203 315 167 390 235 511 220 328 79 233 203 86 37 19 91 77 93 31 88 295 35 532 127 95 117 84 81 63 262 106 67 81 36 348 64 83 68 63 68 70 44 83 29 782 41 82 162 170 359 273 66
internal_value=0.000279572 -0.00646031 -0.0105954 -0.0172493 -0.0278783 0.019472 0.0132518 0.0165365 0.0239408 0.0259267 0.0273179 0.0214879 0.0200128 0.0236697 0.0220381 0.0239104 0.0218407 0.0261376 0.0185746 0.0220114 0.028682 0.0149208 0.0280652 0.0259832 0.0169398 -0.00928016 0.0241382 0.0152934 0.0298209 -0.00270008 0.0283913 0.0190709 0.0199268 0.0304616 0.0185668 0.0262946 0.0272285 0.0216301 0.00986191 0.00352767 0.0306426 0.0254052 0.0207164 0.0181388 0.0247005 0.0300235 0.027107 0.0184597 0.0206772 0.0163668 0.0114846 0.0235091 0.0253494 0.0278058 0.0237274 0.0318833 0.0263188 0.011917 0.019675 0.0288877 0.0285055 0.0287205 0.0221412
internal_weight=4773.68 3533.23 3083.07 2476.03 1836.19 1240.45 639.832 607.045 1147.35 1110.01 1089.53 554.22 561.434 536.899 545.408 531.744 450.16 513.039 263.519 249.187 1068.11 82.1801 497.375 517.666 109.704 13.7203 434.008 85.8651 985.927 17.6259 407.962 61.7395 68.2392 396.287 101.088 348.143 321.626 72.5514 37.1507 24.5361 903.555 235.403 95.984 45.7758 53.531 346.223 189.627 30.0233 82.3723 44.131 25.5108 63.9371 54.1482 278.491 70.8817 625.064 45.053 25.1023 54.221 142.164 249.141 267.405 26.3361
internal_count=35999 29423 28015 24600 19717 6576 4883 3415 3969 2746 2558 1864 2390 1674 2187 2020 1408 1630 1138 918 2284 440 1119 1359 427 105 1173 353 1844 122 932 383 231 735 384 820 725 207 187 144 1620 590 322 255 154 549 335 119 224 131 174 197 128 576 203 1044 136 119 279 234 493 446 107
is_linear=0
shrinkage=0.05


Tree=95
num_leaves=24
num_cat=0
split_feature=9 14 27 6 13 5 10 7 28 12 20 11 16 19 17 26 4 25 25 0 4 0 0
split_gain=406.321 265.247 173.808 167.457 147.378 140.55 135.758 130.303 103.536 104.075 97.584 97.46 97.7139 95.4903 85.693 18.063 29.0094 60.5198 10.8936 4.93231 54.8731 2.7151 2.74672
threshold=1.0000000180025095e-35 1.0000000180025095e-35 1.0000000180025095e-35 1.0000000180025095e-35 1.0000000180025095e-35 2.5000000000000004 1.0000000180025095e-35 1.0000000180025095e-35 1.0000000180025095e-35 1.0000000180025095e-35 1.0000000180025095e-35 1.0000000180025095e-35 1.0000000180025095e-35 1.0000000180025095e-35 1.0000000180025095e-35 1.0000000180025095e-35 1.0000000180025095e-35 1.0000000180025095e-35 1.0000000180025095e-35 1.5000000000000002 1.0000000180025095e-35 3.5000000000000004 2.5000000000000004
decision_type=2 2 2 2 2 2 2 2 2 2 2 2 2 2 2 2 2 2 2 2 2 2 2
left_child=1 2 3 4 5 6 7 8 9 10 11 12 13 14 15 16 18 21 -1 20 -17 22 -18
right_child=-2 -3 -4 -5 -6 -7 -8 -9 -10 -11 -12 -13 -14 -15 -16 19 17 -19 -20 -21 -22 -23 -24
leaf_value=-0.022148466084727446 0.037066985223693748 0.038860588131544624 0.042397774465197366 0.045119769412686389 0.045417986058917857 0.038625174125292011 0.045035110760658248 0.045311965020038557 0.047819078799761314 0.044347315860631883 0.046982487968559632 0.046278831559160509 0.038140305996496787 0.041985970468773198 0.048113072713994925 -0.03560345467518352 0.0080417857375917542 0.045734892633321179 -0.035735074944802978 -0.03575668865006474 0.04205662922763443 -0.028907282612016388 -0.024942924842637704
leaf_weight=258.14142142981291 650.36813072860241 304.42549180984497 151.57861647754908 121.65365030243993 98.637925636023283 110.67506663501263 80.803766187280416 72.755855642259121 51.229515366256237 54.711064018309116 45.7475261464715 44.956854060292244 54.820192083716393 45.946643464267254 33.79909747466445 231.78865043818951 11.356071062386036 41.227403249591589 356.47001154720783 1375.8961850553751 24.794956393539906 87.324648298323154 13.196466043591499
leaf_count=1197 11301 4413 1942 1462 1153 1612 951 819 512 614 462 425 757 529 295 832 78 357 1274 4498 264 217 35
internal_value=0.000656493 -0.00579665 -0.00983886 -0.0123072 -0.0145719 -0.0165544 -0.0186776 -0.0205212 -0.0222828 -0.0236314 -0.0250561 -0.0263425 -0.0276394 -0.0291009 -0.0304511 -0.0315672 -0.0252032 -0.00570725 -0.0300512 -0.0345515 -0.0280316 -0.0247831 -0.00983078
internal_weight=4322.31 3671.94 3367.51 3215.93 3094.28 2995.64 2884.97 2804.16 2731.41 2680.18 2625.47 2579.72 2534.76 2479.94 2433.99 2400.2 767.716 153.105 614.611 1632.48 256.584 111.877 24.5525
internal_count=35999 24698 20285 18343 16881 15728 14116 13165 12346 11834 11220 10758 10333 9576 9047 8752 3158 687 2471 5594 1096 330 113
is_linear=0
shrinkage=0.05


Tree=96
num_leaves=26
num_cat=0
split_feature=15 5 18 3 22 14 6 13 11 27 12 17 20 28 7 10 4 25 0 0 21 1 1 1 1
split_gain=403.818 333.982 276.867 211.841 160.384 111.107 43.6805 38.4534 37.0572 36.148 31.0078 30.2872 30.382 29.9709 28.9851 28.393 1.97499 33.7618 7.05055 12.0298 0.23681 0.281707 0.0819959 0.0116748 0.0546155
threshold=1.0000000180025095e-35 1.5000000000000002 1.0000000180025095e-35 59.000000000000007 1.0000000180025095e-35 1.0000000180025095e-35 1.0000000180025095e-35 1.0000000180025095e-35 1.0000000180025095e-35 1.0000000180025095e-35 1.0000000180025095e-35 1.0000000180025095e-35 1.0000000180025095e-35 1.0000000180025095e-35 1.0000000180025095e-35 1.0000000180025095e-35 1.0000000180025095e-35 1.0000000180025095e-35 2.5000000000000004 1.5000000000000002 1.0000000180025095e-35 3.3500000238418584 3.6499999761581425 1.7500000000000002 1.6500000357627871
decision_type=2 2 2 2 2 2 2 2 2 2 2 2 2 2 2 2 2 2 2 2 2 2 2 2 2
left_child=1 2 3 4 5 6 7 8 9 10 11 12 13 14 15 16 20 18 19 -18 21 23 -23 24 -1
right_child=-2 -3 -4 -5 -6 -7 -8 -9 -10 -11 -12 -13 -14 -15 -16 -17 17 -19 -20 -21 -22 22 -24 -25 -26
leaf_value=0.031571215955719205 -0.036097466359051027 -0.035713472098960544 -0.035501235078048123 -0.034897014137769876 -0.035621167801773761 -0.035083209735865289 -0.034878361647358344 -0.034900993338230817 -0.037239041346602102 -0.03457119423522384 -0.035346156023953211 -0.037534019188288317 -0.036144886662494588 -0.03647731604603173 -0.034884746524085151 -0.034590190928037799 -0.036774354386053969 -0.042737436551731289 0.034170413438279597 0.034215949363910446 0.034887260970927959 0.028703561290953146 0.030971695437516863 0.032370830789281206 0.027496229492960406
leaf_weight=118.9535283409059 681.02211986109614 419.71694121230394 279.27829760685563 184.79863450862467 120.88440313469619 78.454263852909207 29.411724453791976 25.209051419049501 22.02928077802062 22.943183366209269 18.77229786477983 16.820071619004011 17.343560772016644 16.657718719914556 16.655366936698556 16.202808938920498 9.5839689616113901 15.954988718032835 221.39885723032057 14.135879572480917 98.046264883130789 175.66896872222424 489.32465349510312 948.50765876844525 51.081017388030887
leaf_count=345 6593 5813 2841 6475 782 2435 888 725 394 713 432 265 327 301 413 433 132 149 504 31 239 492 1422 2725 147
internal_value=-0.000945497 0.00604254 0.0118736 0.0167278 0.0204839 0.0232896 0.0252498 0.026021 0.0266991 0.0273282 0.0279683 0.02851 0.0290211 0.0295448 0.0300586 0.0305676 0.0310683 0.0267958 0.0313996 0.0053654 0.0316538 0.0314664 0.0303945 0.0320897 0.0304312
internal_weight=4108.86 3427.83 3008.12 2728.84 2544.04 2423.16 2344.7 2315.29 2290.08 2268.05 2245.11 2226.34 2209.52 2192.17 2175.51 2158.86 2142.66 261.074 245.119 23.7198 1881.58 1783.54 664.994 1118.54 170.035
internal_count=36016 29423 23610 20769 14294 13512 11077 10189 9464 9070 8357 7925 7660 7333 7032 6619 6186 816 667 163 5370 5131 1914 3217 492
is_linear=0
shrinkage=0.05


Tree=97
num_leaves=64
num_cat=0
split_feature=15 31 18 22 16 3 10 14 3 27 6 14 25 0 14 27 3 14 6 27 13 10 24 7 20 18 3 3 2 8 26 22 21 0 3 3 26 1 0 3 0 3 1 21 1 1 1 1 1 0 0 0 3 0 3 0 1 1 1 3 0 3 1
split_gain=229.871 153.371 205.41 149.54 113.069 49.5152 40.948 37.1865 35.7854 29.641 27.2759 26.7968 26.618 27.2346 24.2379 24.0138 18.9227 11.3827 8.02341 7.36807 6.41031 5.69591 5.31935 4.68147 4.26154 3.47831 2.7556 10.9374 2.73342 3.17691 1.85732 1.77521 1.69045 1.63363 1.35784 14.4204 1.33007 1.2102 1.81113 1.29809 1.21524 1.50296 1.59561 1.2077 1.16019 1.07004 1.18423 1.06608 1.05874 0.780055 2.18065 0.922373 1.36811 0.995887 0.698638 0.678959 2.13348 1.1472 1.26599 1.36995 0.950798 1.0822 0.982794
threshold=1.0000000180025095e-35 1.0000000180025095e-35 1.0000000180025095e-35 1.0000000180025095e-35 1.0000000180025095e-35 59.000000000000007 1.0000000180025095e-35 1.0000000180025095e-35 59.000000000000007 1.0000000180025095e-35 1.0000000180025095e-35 1.0000000180025095e-35 1.0000000180025095e-35 1.5000000000000002 1.0000000180025095e-35 1.0000000180025095e-35 59.000000000000007 1.0000000180025095e-35 1.0000000180025095e-35 1.0000000180025095e-35 1.0000000180025095e-35 1.0000000180025095e-35 1.0000000180025095e-35 1.0000000180025095e-35 1.0000000180025095e-35 1.0000000180025095e-35 57.000000000000007 59.000000000000007 1.0000000180025095e-35 1.0000000180025095e-35 1.0000000180025095e-35 1.0000000180025095e-35 1.0000000180025095e-35 19.000000000000004 57.000000000000007 59.000000000000007 1.0000000180025095e-35 3.0499999523162846 13.000000000000002 55.500000000000007 6.5000000000000009 41.000000000000007 2.1499999761581425 1.0000000180025095e-35 1.9499999880790713 1.9499999880790713 2.3500000238418584 3.7500000000000004 2.7500000000000004 8.5000000000000018 7.5000000000000009 4.5000000000000009 53.000000000000007 3.5000000000000004 49.000000000000007 2.5000000000000004 3.0499999523162846 3.3500000238418584 3.7500000000000004 47.000000000000007 7.5000000000000009 39.000000000000007 2.2500000000000004
decision_type=2 2 2 2 2 2 2 2 2 2 2 2 2 2 2 2 2 2 2 2 2 2 2 2 2 2 2 2 2 2 2 2 2 2 2 2 2 2 2 2 2 2 2 2 2 2 2 2 2 2 2 2 2 2 2 2 2 2 2 2 2 2 2
left_child=1 2 3 12 5 6 7 25 9 10 11 30 13 -1 32 26 17 18 19 20 21 22 23 24 28 31 -5 -28 29 33 47 36 34 43 -3 -36 -2 39 49 40 45 -42 44 55 54 -30 -47 -4 -41 50 51 53 -53 -39 -43 56 -15 60 59 -59 61 -57 -62
right_child=4 14 8 15 -6 -7 -8 -9 -10 -11 -12 -13 -14 16 -16 -17 -18 -19 -20 -21 -22 -23 -24 -25 -26 -27 27 -29 37 -31 -32 -33 -34 -35 35 -37 -38 38 -40 48 41 42 -44 -45 -46 46 -48 -49 -50 -51 -52 52 -54 -55 -56 57 -58 58 -60 -61 62 -63 -64
leaf_value=-0.035330830974352891 0.026443041998035079 0.025599763435977918 0.022377393298374737 0.023474843973545035 -0.035276587144159287 -0.034512859179845645 -0.045068067885539131 -0.036053749816962972 -0.034507934586798565 -0.043014918986175724 -0.048873667511922361 -0.037153086859159253 -0.035468164043857324 0.0026966203966060742 -0.03829712174890984 -0.036172267176277799 -0.034849801747996005 -0.035481103993071778 -0.040930705877824908 -0.040793342203152012 -0.041082693415052655 -0.040585672904625961 -0.037975568951555544 -0.040194411895254939 -0.041448581230419758 0.018285074554776942 0.022674062146323497 -0.033954501782446703 0.0033374954848598218 -0.0011414465483178715 0.027277784144181756 0.015784852487071798 0.010519169927768331 -0.021322840317873556 0.027262326100486518 -0.034045261265525269 0.030779667280189806 -0.010387188866697655 -0.0017919212987216543 -0.013918031530469175 -0.0033695174448625034 -0.021271806239031341 -0.019666000245420059 -0.025602632775830105 0.0030027753456604517 -0.019213443205665703 -0.0035773819491737671 0.010997359300573557 -0.02973931070011665 -0.014391545012097101 0.0055219426975643441 -0.010095795165210109 -0.029606233996066531 0.0036360882555127498 -0.0063485640321976821 -0.0041158503534832391 -0.020508276208840465 -0.015257844517039657 -0.014105344239171716 7.2967179562282003e-05 -0.0083221120296886868 -0.021538576803162936 -0.01710365083842667
leaf_weight=233.40920545719564 294.07820031605661 326.69484116137028 123.82611431367695 213.74332112073898 88.061415050178766 35.233732812106609 19.802435139194131 22.657484989613295 32.539413116872311 18.103128422051668 13.055215051397679 17.40105864405632 303.50090863183141 24.296543860808015 16.098652012646198 19.272660549730062 135.02685063518584 65.973997505381703 27.195162132382393 24.173078220337629 19.798709742724895 17.622999561950564 19.410458935424685 13.975489636883138 11.335288813337682 85.51376486197114 37.596181351691484 10.511559043079613 28.772849310189486 46.343808019533753 348.56233572214842 26.484955402091146 25.062710659578443 82.436854114755988 60.408775500953197 10.942516807466744 620.2980825304985 47.920847119763494 118.22088574618101 59.037636177614331 38.989636685699224 14.291269473731516 68.407578064128757 19.973469372838736 16.506524117663503 17.163002926856279 39.512505043298006 26.501311156898737 13.215204296633599 60.068123845383525 25.730173850432038 29.956031963229179 12.947011215612291 16.853547105565667 18.034158503636718 10.228799657896159 16.108395064249635 21.136929024010897 89.987824546173215 44.612318737432361 61.535371594130993 86.455384109169245 69.818969931453466
leaf_count=3663 640 666 415 516 2622 1227 183 460 1120 247 159 320 4350 83 247 493 4764 1883 662 597 489 455 514 357 257 261 97 289 102 170 1014 92 99 406 116 292 1108 206 426 273 155 72 341 86 60 79 163 130 71 272 88 132 79 54 73 44 76 99 421 163 256 435 327
internal_value=0.000242137 -0.0064329 -0.0105623 -0.017136 0.0191081 0.0234599 0.0253862 0.026737 0.0160775 0.0191129 0.0212762 0.0230956 -0.0217829 -0.0194222 0.0211056 0.0170583 -0.0169894 -0.0152526 -0.0142378 -0.013666 -0.0131383 -0.0126834 -0.0122717 -0.0118487 -0.0115048 0.02814 0.0210376 0.0100787 -0.0112045 -0.0137053 0.0252322 0.0290255 0.0234083 -0.0148088 0.0242056 0.0176886 0.0294002 -0.0089052 -0.00667854 -0.0111019 -0.00930822 -0.0119278 -0.0147476 -0.0135772 -0.00772796 -0.00447721 -0.00843905 0.0204143 -0.0169963 -0.00965212 -0.00747238 -0.0105886 -0.0162568 -0.00673859 -0.0131697 -0.0129815 -0.00669217 -0.0136341 -0.0102613 -0.00493351 -0.0159099 -0.019726 -0.0130369
internal_weight=4562.43 3370.3 2931.1 2351.11 1192.13 1104.07 1068.83 1049.03 579.989 547.449 529.346 516.291 2069.98 1766.48 439.207 281.124 1533.07 1398.05 1332.07 1304.88 1280.7 1260.91 1243.28 1223.87 1209.9 1026.38 261.851 48.1077 1198.56 572.935 498.89 940.861 423.109 526.591 398.046 71.3513 914.376 625.627 311.697 313.93 241.678 156.229 117.24 444.154 48.832 85.4484 56.6755 150.327 72.2528 193.476 133.408 107.677 42.903 64.7744 32.3254 424.181 40.4049 383.776 155.737 65.7492 228.039 96.6842 131.354
internal_count=36016 29423 28003 24598 6593 3971 2744 2561 3405 2285 2038 1879 23203 18853 1420 1395 15190 10426 8543 7881 7284 6795 6340 5826 5469 2101 902 386 5212 2566 1559 1840 1173 2396 1074 408 1748 2646 1257 1389 1045 701 546 1990 205 344 242 545 344 831 559 471 211 260 145 1904 159 1745 683 262 1062 479 583
is_linear=0
shrinkage=0.05


Tree=98
num_leaves=20
num_cat=0
split_feature=3 14 27 6 13 24 10 5 7 12 28 20 11 16 19 17 5 25 0
split_gain=375.963 248.733 158.344 159.188 138.122 132.673 131.893 130.779 125.108 100.684 97.6699 96.0851 95.8775 92.5816 86.7433 79.1519 14.3776 89.3473 65.4674
threshold=59.000000000000007 1.0000000180025095e-35 1.0000000180025095e-35 1.0000000180025095e-35 1.0000000180025095e-35 1.0000000180025095e-35 1.0000000180025095e-35 2.5000000000000004 1.0000000180025095e-35 1.0000000180025095e-35 1.0000000180025095e-35 1.0000000180025095e-35 1.0000000180025095e-35 1.0000000180025095e-35 1.0000000180025095e-35 1.0000000180025095e-35 1.0000000180025095e-35 1.0000000180025095e-35 1.5000000000000002
decision_type=2 2 2 2 2 2 2 2 2 2 2 2 2 2 2 2 2 2 2
left_child=1 2 3 4 5 6 7 8 9 10 11 12 13 14 15 16 -1 18 -18
right_child=-2 -3 -4 -5 -6 -7 -8 -9 -10 -11 -12 -13 -14 -15 -16 -17 17 -19 -20
leaf_value=-0.035560060046475481 0.036809918743103735 0.03849817860274727 0.041848915942979938 0.04490957741499299 0.044774040944507792 0.044214097599884747 0.044479366411496309 0.038375913326440587 0.045471547240856523 0.044412788981900715 0.048061334980401244 0.047062887304705273 0.045855732218931557 0.037815649765701717 0.041597940335647926 0.047929433362371029 0.04181872703304252 0.045449300732940144 -0.03606733206158548
leaf_weight=1676.6662778258324 612.31419793516397 292.16527679562569 142.18010703101754 117.5474561303854 95.263267636299133 87.397421039640903 81.033198837190866 91.948327179998159 66.191105756908655 52.331907119601965 44.022683143615723 42.914945192635059 42.673870556056499 49.744854494929314 40.177686505019665 30.026080265641212 28.147118978202343 39.923831090331078 489.0600850135088
leaf_count=6370 11264 4454 1917 1469 1171 1046 997 1393 758 594 436 442 410 715 480 262 303 351 1184
internal_value=0.00067452 -0.00563464 -0.00964779 -0.0120352 -0.0143057 -0.0162795 -0.0181925 -0.0200856 -0.0221586 -0.0239326 -0.0253815 -0.0267165 -0.0280473 -0.0293966 -0.0308556 -0.0321504 -0.0332373 -0.0262215 -0.0317924
internal_weight=4121.73 3509.42 3217.25 3075.07 2957.52 2862.26 2774.86 2693.83 2601.88 2535.69 2483.36 2439.33 2396.42 2353.75 2304 2263.82 2233.8 557.131 517.207
internal_count=36016 24752 20298 18381 16912 15741 14695 13698 12305 11547 10953 10517 10075 9665 8950 8470 8208 1838 1487
is_linear=0
shrinkage=0.05


end of trees

feature_importances:
age_days=555
resp_rate=511
weight_kg=498
jaundice_extent=251
feeding_ok=183
measured_cold=153
pustules=136
lethargy=115
purulent_eye=106
jaundice_present=105
omphalitis=97
chest_indrawing=80
dehydration_signs=79
weak_absent_cry=71
fever=71
feeding_poor=68
grunting_stridor=67
feeding_unable=67
omphalitis_severe=64
pallor=60
bulging_fontanelle=60
pustules_many=58
convulsion=55
central_cyanosis=49
umbilical_bleeding=48
sex_female=40
preterm=25
diarrhea=23
nasal_flaring=18
low_weight=14
rr_ge_60=13
dehydration_severe=1

parameters:
[boosting: gbdt]
[objective: multiclass]
[metric: multi_error]
[tree_learner: serial]
[device_type: cpu]
[data_sample_strategy: bagging]
[data: ]
[valid: ]
[num_iterations: 800]
[learning_rate: 0.05]
[num_leaves: 64]
[num_threads: 0]
[seed: 42]
[deterministic: 0]
[force_col_wise: 0]
[force_row_wise: 0]
[histogram_pool_size: -1]
[max_depth: -1]
[min_data_in_leaf: 50]
[min_sum_hessian_in_leaf: 0.001]
[bagging_fraction: 0.9]
[pos_bagging_fraction: 1]
[neg_bagging_fraction: 1]
[bagging_freq: 1]
[bagging_seed: 400]
[bagging_by_query: 0]
[feature_fraction: 0.9]
[feature_fraction_bynode: 1]
[feature_fraction_seed: 30056]
[extra_trees: 0]
[extra_seed: 12879]
[early_stopping_round: 0]
[early_stopping_min_delta: 0]
[first_metric_only: 0]
[max_delta_step: 0]
[lambda_l1: 0]
[lambda_l2: 0.5]
[linear_lambda: 0]
[min_gain_to_split: 0]
[drop_rate: 0.1]
[max_drop: 50]
[skip_drop: 0.5]
[xgboost_dart_mode: 0]
[uniform_drop: 0]
[drop_seed: 17869]
[top_rate: 0.2]
[other_rate: 0.1]
[min_data_per_group: 100]
[max_cat_threshold: 32]
[cat_l2: 10]
[cat_smooth: 10]
[max_cat_to_onehot: 4]
[top_k: 20]
[monotone_constraints: ]
[monotone_constraints_method: basic]
[monotone_penalty: 0]
[feature_contri: ]
[forcedsplits_filename: ]
[refit_decay_rate: 0.9]
[cegb_tradeoff: 1]
[cegb_penalty_split: 0]
[cegb_penalty_feature_lazy: ]
[cegb_penalty_feature_coupled: ]
[path_smooth: 0]
[interaction_constraints: ]
[verbosity: -1]
[saved_feature_importance_type: 0]
[use_quantized_grad: 0]
[num_grad_quant_bins: 4]
[quant_train_renew_leaf: 0]
[stochastic_rounding: 1]
[linear_tree: 0]
[max_bin: 255]
[max_bin_by_feature: ]
[min_data_in_bin: 3]
[bin_construct_sample_cnt: 200000]
[data_random_seed: 175]
[is_enable_sparse: 1]
[enable_bundle: 1]
[use_missing: 1]
[zero_as_missing: 0]
[feature_pre_filter: 1]
[pre_partition: 0]
[two_round: 0]
[header: 0]
[label_column: ]
[weight_column: ]
[group_column: ]
[ignore_column: ]
[categorical_feature: ]
[forcedbins_filename: ]
[precise_float_parser: 0]
[parser_config_file: ]
[objective_seed: 16083]
[num_class: 3]
[is_unbalance: 0]
[scale_pos_weight: 1]
[sigmoid: 1]
[boost_from_average: 1]
[reg_sqrt: 0]
[alpha: 0.9]
[fair_c: 1]
[poisson_max_delta_step: 0.7]
[tweedie_variance_power: 1.5]
[lambdarank_truncation_level: 30]
[lambdarank_norm: 1]
[label_gain: ]
[lambdarank_position_bias_regularization: 0]
[eval_at: ]
[multi_error_top_k: 1]
[auc_mu_weights: ]
[num_machines: 1]
[local_listen_port: 12400]
[time_out: 120]
[machine_list_filename: ]
[machines: ]
[gpu_platform_id: -1]
[gpu_device_id: -1]
[gpu_use_dp: 0]
[num_gpu: 1]

end of parameters

pandas_categorical:null
